transaction_id,user_id,order_date,product_name,category,quantity,unit_price,total_amount,payment_method,region
1,e5d7b875-6dad-46c7-95a7-6d79bf3c4c06,2026-06-10 23:32:58,Giant Chocolate Snake 1.2m,Confectionery,2,45.0,90.0,paypal,South America
2,905881df-ee9b-43e1-9d27-c09a5d71a898,2025-11-17 21:20:25,Air Cushion Machine,Packaging,3,1850.0,5550.0,credit_card,Africa
3,8da01097-be0f-451b-9b66-b5a9e3c43657,2025-10-15 08:46:36,50mm Double Sided Tape,Packaging,9,5.75,51.75,cash,Asia Pacific
4,295d6fbf-430f-401d-bad4-09e2a319dcb4,2026-07-20 15:24:40,Novelty Chilli Chocolates 250g,Confectionery,1,8.5,8.5,debit_card,South America
5,c17af08a-1745-46d8-be57-0ddf827050a8,2026-01-20 11:07:07,Packaging Tape Dispenser,Packaging,10,22.5,225.0,cash,South America
6,a4bbf962-606e-4e1c-8f15-84494f40c22f,2026-01-08 18:13:02,50mm Double Sided Tape,Packaging,9,5.75,51.75,debit_card,Asia Pacific
7,c4d598f7-e14f-4093-8b6a-d0c7a2356dd4,2025-12-31 08:08:04,Magic Flashing Fruit Bowl,Novelty Items,5,34.0,170.0,credit_card,South America
8,66d06371-d8e8-4ebb-ba9e-8eefffa361be,2025-11-28 20:14:50,50mm Double Sided Tape,Packaging,7,5.75,40.25,paypal,South America
9,ccc56569-f9e8-4369-a999-b735dd56cc94,2026-07-18 16:04:08,Air Cushion Machine,Packaging,6,1850.0,11100.0,credit_card,Asia Pacific
10,f4655a21-cb35-497a-a5dd-98f1c8a738ab,2025-11-14 10:59:02,USB Food Flash Drive - Chocolate,Novelty Items,6,12.0,72.0,paypal,Middle East
11,614077d3-9ec4-4a48-9773-f98d550c2fe9,2026-06-25 10:57:21,Alien Egg Fidget Ball,Novelty Items,1,6.25,6.25,bank_transfer,Middle East
12,c07a30f2-edd4-453b-90f0-fd0a750cab75,2026-07-20 07:11:00,USB Food Flash Drive - Chocolate,Novelty Items,7,12.0,84.0,cash,Europe
13,9055a36f-4aa5-49d3-b35f-2f595e717fca,2026-09-17 03:22:33,Superhero Mask (Red),Costumes,10,11.25,112.5,paypal,Middle East
14,fec21bbe-6624-4bfa-8fcc-a39ab683d2e6,2026-05-05 10:50:39,Air Cushion Machine,Packaging,2,1850.0,3700.0,debit_card,Europe
15,bff15840-207e-463f-9f32-d5d82abe1585,2025-11-08 09:59:18,USB Food Flash Drive - Chocolate,Novelty Items,4,12.0,48.0,credit_card,Asia Pacific
16,75eb89c2-3f5c-42f3-bacb-43a3d2c7bffb,2026-05-22 23:26:55,Alien Egg Fidget Ball,Novelty Items,8,6.25,50.0,paypal,South America
17,7de31a51-6694-4343-90ba-58e3d2762bdc,2026-03-18 12:15:22,Developer Flashing Fish Hat,Novelty Items,6,18.75,112.5,paypal,Africa
18,bf6b8cdf-7479-4b61-a737-2b527a6a2107,2025-10-17 23:53:44,RC Mini Monster Truck,Toys,2,28.0,56.0,debit_card,Middle East
19,fff9f585-0d55-4b61-8a17-5dfebfc00dc8,2025-10-17 05:23:23,50mm Double Sided Tape,Packaging,4,5.75,23.0,bank_transfer,Asia Pacific
20,2812859a-1337-439e-8d4f-5d272c7f0b79,2025-11-11 00:57:45,Alien Egg Fidget Ball,Novelty Items,9,6.25,56.25,paypal,North America
21,3fead90a-21f8-472d-9db7-570eb390b059,2025-12-29 13:30:48,Air Cushion Machine,Packaging,1,1850.0,1850.0,paypal,Asia Pacific
22,f2f9e5fa-9016-4161-8fa7-01cd2631d00b,2026-01-04 00:12:59,Alien Egg Fidget Ball,Novelty Items,2,6.25,12.5,cash,Africa
23,5efeef4f-d8dd-4bc0-b325-3aa3ec170298,2026-04-19 21:54:44,Developer Flashing Fish Hat,Novelty Items,4,18.75,75.0,bank_transfer,Asia Pacific
24,7c0e8cd8-8573-4793-8715-b2b9c40c5d91,2026-05-27 10:52:51,RC Mini Monster Truck,Toys,8,28.0,224.0,paypal,South America
25,d8e049de-0217-4a0e-8964-90ab4926ce5f,2025-10-15 22:59:34,Air Cushion Machine,Packaging,9,1850.0,16650.0,paypal,Africa
26,d1e91691-a320-4116-a22d-f6a48163b6ce,2026-05-11 14:50:34,Magic Flashing Fruit Bowl,Novelty Items,7,34.0,238.0,cash,Asia Pacific
27,76f2dbfe-cd29-436f-a222-82e174daaebf,2025-12-21 20:57:39,Developer Flashing Fish Hat,Novelty Items,4,18.75,75.0,cash,Asia Pacific
28,bade8d5d-6fff-45cc-b2dc-6c344f67448e,2026-07-10 17:26:46,USB Food Flash Drive - Chocolate,Novelty Items,1,12.0,12.0,credit_card,South America
29,c0582da5-a757-475b-947f-83b1bc69c155,2026-06-15 01:01:18,Giant Chocolate Snake 1.2m,Confectionery,3,45.0,135.0,bank_transfer,Middle East
30,bdf66ba5-dc9c-46de-a5a6-74c212738a23,2026-07-05 00:28:56,USB Food Flash Drive - Chocolate,Novelty Items,7,12.0,84.0,cash,Asia Pacific
31,c9ea356a-7abf-4ebf-942c-b1ae19f738cb,2026-05-05 06:52:56,Packaging Tape Dispenser,Packaging,5,22.5,112.5,cash,North America
32,0f79a8a7-5f8a-44bd-b4bd-0c938177b661,2026-03-17 13:52:04,Giant Chocolate Snake 1.2m,Confectionery,2,45.0,90.0,cash,Europe
33,e08596db-1d87-4966-8710-d430f071d879,2025-12-30 06:18:54,Furry Gloves (Black) S,Clothing,6,15.5,93.0,paypal,Asia Pacific
34,9a1de644-815e-46d1-bb8f-aa1837f8a88b,2026-03-29 02:35:29,Ride On Dinosaur Costume,Costumes,8,145.0,1160.0,paypal,Middle East
35,a4704d48-5128-49b1-b8ed-e0ca20156a72,2026-05-22 12:00:50,Furry Gloves (Black) S,Clothing,3,15.5,46.5,credit_card,Africa
36,bf6b8cdf-7479-4b61-a737-2b527a6a2107,2026-01-21 16:35:06,Alien Egg Fidget Ball,Novelty Items,9,6.25,56.25,debit_card,South America
37,43b47ee5-e1e8-4e7e-a249-8f666e51484d,2026-08-16 00:05:54,Developer Flashing Fish Hat,Novelty Items,3,18.75,56.25,cash,North America
38,732e2016-add7-42c9-a747-b93c9ae77eab,2026-09-08 06:07:33,Magic Flashing Fruit Bowl,Novelty Items,6,34.0,204.0,credit_card,North America
39,6a8fcacb-3f8e-4d0d-9261-9dec3979d5f5,2025-10-08 04:13:57,RC Mini Monster Truck,Toys,6,28.0,168.0,paypal,South America
40,6a8fcacb-3f8e-4d0d-9261-9dec3979d5f5,2026-07-27 08:15:25,Novelty Chilli Chocolates 250g,Confectionery,4,8.5,34.0,cash,North America
41,d40e53ce-52a7-4a41-84be-d4867ea5a387,2026-08-14 14:26:22,USB Food Flash Drive - Chocolate,Novelty Items,8,12.0,96.0,credit_card,Middle East
42,c04a96c4-f3b6-4fe1-9184-332417e8392a,2025-12-06 15:47:32,Furry Gloves (Black) S,Clothing,3,15.5,46.5,bank_transfer,Middle East
43,83d5bceb-5edb-48ee-82ba-f0e02179e3f0,2026-07-03 18:47:25,Ride On Dinosaur Costume,Costumes,5,145.0,725.0,cash,Asia Pacific
44,baeb286b-f0d0-470f-94d1-3d551db6b844,2026-03-18 18:42:41,Air Cushion Machine,Packaging,9,1850.0,16650.0,debit_card,Africa
45,54720d2d-3239-4ffb-a704-6f254b91b8cb,2026-02-14 19:01:27,Alien Egg Fidget Ball,Novelty Items,7,6.25,43.75,paypal,Asia Pacific
46,3cd5fd7f-49c1-4669-86b3-3fe61c76bdf6,2026-01-21 13:36:30,RC Mini Monster Truck,Toys,9,28.0,252.0,credit_card,South America
47,ddf275eb-e8a3-4341-8881-9065ba2c98ce,2025-12-05 00:50:01,Air Cushion Machine,Packaging,2,1850.0,3700.0,credit_card,Middle East
48,ff46a6bf-094d-416d-ab6d-2fedef158d5b,2025-12-28 06:31:45,Packaging Tape Dispenser,Packaging,4,22.5,90.0,debit_card,North America
49,0a3450fc-9918-4e46-9497-d6587010f719,2026-07-29 03:56:26,USB Food Flash Drive - Chocolate,Novelty Items,1,12.0,12.0,credit_card,North America
50,7a0ecfea-958c-49ba-8cd6-20c20ea2622b,2026-02-13 08:56:53,Superhero Mask (Red),Costumes,6,11.25,67.5,cash,South America
51,7354ea6f-6160-4459-85c7-504bc693da11,2025-11-14 08:19:42,Alien Egg Fidget Ball,Novelty Items,8,6.25,50.0,cash,South America
52,33baba88-36c7-46fa-baa4-f052bf519362,2025-11-10 16:06:49,50mm Double Sided Tape,Packaging,10,5.75,57.5,bank_transfer,South America
53,a1e518a2-93d2-48d4-a465-5c397d4d2add,2026-03-02 04:50:19,Furry Gloves (Black) S,Clothing,8,15.5,124.0,bank_transfer,South America
54,cdfd9531-302b-4831-92a1-fe7ddfa59722,2025-11-12 05:07:18,USB Food Flash Drive - Chocolate,Novelty Items,2,12.0,24.0,bank_transfer,Europe
55,0b36e356-339b-47a8-8b1f-0d7b0977c513,2026-02-22 01:35:24,Clear Ethernet Cable 2m,Electronics,7,9.99,69.93,credit_card,Africa
56,8ce21ea3-db20-456e-9c81-5fe7ceda8bbb,2026-08-30 18:52:47,Giant Chocolate Snake 1.2m,Confectionery,2,45.0,90.0,bank_transfer,Africa
57,3985fb62-17dc-4eff-a872-13f98d605936,2026-02-16 05:33:33,Developer Flashing Fish Hat,Novelty Items,2,18.75,37.5,debit_card,South America
58,722764e6-8c41-461b-a827-a1b9d4a02e53,2026-05-28 02:47:39,Packaging Tape Dispenser,Packaging,8,22.5,180.0,bank_transfer,South America
59,a5d04d53-1e12-42e3-b272-92b6762172ed,2026-01-16 09:10:22,Alien Egg Fidget Ball,Novelty Items,8,6.25,50.0,credit_card,Asia Pacific
60,f8e1daa7-cbce-4bde-aede-db07e623a689,2026-08-15 02:38:25,Furry Gloves (Black) S,Clothing,9,15.5,139.5,credit_card,Africa
61,2a9527f6-f817-4ebf-ab6e-64c5bb8aa843,2025-10-22 12:38:49,Packaging Tape Dispenser,Packaging,1,22.5,22.5,credit_card,South America
62,d942644c-248d-41ec-87f8-d4f0f3ea0184,2026-07-16 01:15:10,Ride On Dinosaur Costume,Costumes,7,145.0,1015.0,bank_transfer,South America
63,131eb723-3bcd-4203-859e-e67473e7f042,2026-04-02 01:48:35,Superhero Mask (Red),Costumes,7,11.25,78.75,credit_card,South America
64,2b0abedd-c774-44cb-9543-fc3c38b8f24e,2026-05-01 21:40:04,Clear Ethernet Cable 2m,Electronics,1,9.99,9.99,paypal,Asia Pacific
65,0ae4ac11-eb4d-4f42-8735-70a2e5110961,2025-11-23 03:07:25,Alien Egg Fidget Ball,Novelty Items,7,6.25,43.75,cash,Africa
66,ab3b4d37-560c-45ee-a38c-254c076e2bba,2026-09-28 20:04:32,50mm Double Sided Tape,Packaging,8,5.75,46.0,debit_card,Europe
67,e7ba26ac-ab7a-4d1c-8cfe-f6833e11bafe,2026-03-01 15:51:21,Air Cushion Machine,Packaging,1,1850.0,1850.0,cash,North America
68,56dc8907-ba6c-44ab-a712-303a0f844fef,2025-11-05 06:07:50,50mm Double Sided Tape,Packaging,6,5.75,34.5,credit_card,Middle East
69,329fc417-1081-4d45-bf45-f8a20594b24f,2026-05-08 01:03:04,Ergonomic Keyboard,Electronics,9,65.0,585.0,cash,South America
70,8181a8cc-3691-47eb-89a2-688b12c136e0,2026-01-27 12:16:45,Novelty Chilli Chocolates 250g,Confectionery,9,8.5,76.5,debit_card,North America
71,cb8383f2-bb96-4602-ab11-5c3675f8e3a8,2026-08-23 18:16:17,Magic Flashing Fruit Bowl,Novelty Items,2,34.0,68.0,debit_card,Asia Pacific
72,9bdf0377-a149-43c2-b920-264c0763fcd0,2026-06-06 19:00:26,USB Food Flash Drive - Chocolate,Novelty Items,10,12.0,120.0,cash,Middle East
73,e1805081-5958-4499-aeea-163e21e8ac68,2026-06-02 20:40:53,Novelty Chilli Chocolates 250g,Confectionery,10,8.5,85.0,bank_transfer,Africa
74,67f5ae02-af5b-4f47-8eae-71cfce000af0,2026-09-14 12:40:05,Magic Flashing Fruit Bowl,Novelty Items,10,34.0,340.0,paypal,Europe
75,d045dd1c-6684-49e3-b1f8-343ea99f1318,2026-09-05 07:21:00,Air Cushion Machine,Packaging,6,1850.0,11100.0,paypal,Asia Pacific
76,15eacbcf-ab10-41ce-aa14-3cd82ff3cde4,2026-02-23 02:20:32,Ride On Dinosaur Costume,Costumes,5,145.0,725.0,paypal,North America
77,00c59f30-d103-4424-8124-1bb4655ce508,2026-05-17 20:58:18,Novelty Chilli Chocolates 250g,Confectionery,8,8.5,68.0,cash,North America
78,9e50aa42-ca6d-4da1-989b-c4da9b37a22b,2025-12-19 07:55:09,USB Food Flash Drive - Chocolate,Novelty Items,9,12.0,108.0,cash,Europe
79,8409c5ea-cde9-48b3-b922-a7e42de982f8,2026-07-06 06:44:42,Ride On Dinosaur Costume,Costumes,6,145.0,870.0,credit_card,South America
80,06f028ff-a9ba-4a27-907b-fe36978648f8,2025-11-01 15:57:38,Developer Flashing Fish Hat,Novelty Items,5,18.75,93.75,bank_transfer,Middle East
81,c1369c65-ae2a-4341-bf59-e4f2c3093b6e,2025-10-23 10:46:26,50mm Double Sided Tape,Packaging,5,5.75,28.75,cash,North America
82,2cf6bf75-6a5e-4920-bf5a-e7e653a3dd5a,2026-06-19 11:04:50,Giant Chocolate Snake 1.2m,Confectionery,9,45.0,405.0,credit_card,South America
83,a2cd1590-58af-493c-8aa2-b4c93ba5bd76,2026-01-02 03:49:32,Alien Egg Fidget Ball,Novelty Items,2,6.25,12.5,credit_card,Africa
84,b7fddd71-a075-4927-9110-b492f4427e0b,2026-08-01 21:10:44,Packaging Tape Dispenser,Packaging,3,22.5,67.5,paypal,Middle East
85,4639447b-2067-4dac-88bd-13d1b540b30e,2026-01-26 00:57:03,Air Cushion Machine,Packaging,6,1850.0,11100.0,paypal,Middle East
86,893259f3-1ee8-4a4c-a811-34e250647c59,2025-11-05 15:22:29,Ergonomic Keyboard,Electronics,5,65.0,325.0,credit_card,North America
87,57f479b5-b212-46ee-8210-63710260a123,2026-09-02 19:47:55,Giant Chocolate Snake 1.2m,Confectionery,7,45.0,315.0,paypal,North America
88,7d4ed26e-dcd5-4fae-abb3-16a743299780,2026-01-04 01:25:40,Novelty Chilli Chocolates 250g,Confectionery,6,8.5,51.0,debit_card,Africa
89,a2224f96-23a1-4e20-bfd2-55eeac484366,2026-09-07 03:52:22,Alien Egg Fidget Ball,Novelty Items,3,6.25,18.75,bank_transfer,Middle East
90,6b352f85-504e-4687-b0e7-e75604d9145e,2025-11-13 21:03:40,50mm Double Sided Tape,Packaging,7,5.75,40.25,credit_card,North America
91,8ece1128-56ce-4b42-bc9e-1dcbcb7e6268,2026-03-02 06:41:34,USB Food Flash Drive - Chocolate,Novelty Items,3,12.0,36.0,credit_card,Europe
92,6a702e2f-7746-40ba-8ae8-905b54b4a482,2026-01-21 14:33:41,Magic Flashing Fruit Bowl,Novelty Items,9,34.0,306.0,bank_transfer,South America
93,a847bce7-90fa-4b57-a4ac-2130deaf528d,2026-03-30 17:45:00,Novelty Chilli Chocolates 250g,Confectionery,5,8.5,42.5,credit_card,Europe
94,8347f1da-5c11-4b6d-82f5-b3f54ef4c34d,2026-06-09 12:40:05,Air Cushion Machine,Packaging,4,1850.0,7400.0,credit_card,Europe
95,74ed5145-8d97-45c7-961d-5c8753c9fe59,2026-08-25 14:07:56,Furry Gloves (Black) S,Clothing,9,15.5,139.5,bank_transfer,Middle East
96,e2280fe3-722d-4e13-87a4-8c4246653497,2026-02-24 08:08:31,50mm Double Sided Tape,Packaging,3,5.75,17.25,debit_card,South America
97,8409c5ea-cde9-48b3-b922-a7e42de982f8,2025-12-07 19:42:20,Furry Gloves (Black) S,Clothing,3,15.5,46.5,bank_transfer,North America
98,624a2a50-d0b1-4de0-b1f3-f0c022f3f068,2026-02-26 09:59:47,Ride On Dinosaur Costume,Costumes,6,145.0,870.0,bank_transfer,Africa
99,74f93d17-e912-44bf-86a4-bae41986b4b2,2026-02-20 15:01:21,Superhero Mask (Red),Costumes,4,11.25,45.0,debit_card,Africa
100,1a57f9e4-c5f8-42f8-814f-499428457780,2025-12-26 00:24:24,USB Food Flash Drive - Chocolate,Novelty Items,7,12.0,84.0,credit_card,Asia Pacific
101,216e9fe5-93f3-4596-8c1c-8b0556771f36,2026-06-22 22:08:42,Air Cushion Machine,Packaging,4,1850.0,7400.0,bank_transfer,Europe
102,ca8f3653-c9af-48f8-83b9-da13ec856f37,2026-01-17 08:04:24,Alien Egg Fidget Ball,Novelty Items,4,6.25,25.0,credit_card,Africa
103,dea45c19-d024-4d72-b748-967f961d33ba,2026-07-05 05:05:56,Air Cushion Machine,Packaging,7,1850.0,12950.0,paypal,North America
104,112fa612-7969-4ed2-ac48-bf55afd380c4,2026-10-04 09:54:47,Furry Gloves (Black) S,Clothing,5,15.5,77.5,cash,Asia Pacific
105,2cabd7e7-cc6b-46e5-802a-df9c8a4b8f7c,2026-06-28 02:47:08,Giant Chocolate Snake 1.2m,Confectionery,9,45.0,405.0,credit_card,North America
106,575aed2c-a5c5-450c-8186-a57611a72609,2026-06-14 07:47:14,RC Mini Monster Truck,Toys,5,28.0,140.0,cash,Europe
107,bc92fd81-039b-458c-afaa-be0bb7f60cdf,2025-11-02 09:10:45,Novelty Chilli Chocolates 250g,Confectionery,2,8.5,17.0,bank_transfer,Europe
108,9acb394a-cd1f-4318-b31f-63fbd11fc8c0,2026-05-30 05:10:19,50mm Double Sided Tape,Packaging,6,5.75,34.5,cash,Middle East
109,3c9d128a-2176-4930-b6d7-0248a995ecc3,2026-06-09 06:05:10,USB Food Flash Drive - Chocolate,Novelty Items,7,12.0,84.0,cash,South America
110,07958c1f-538d-4b8c-8607-b1e9f80b2cea,2025-12-11 02:47:15,Alien Egg Fidget Ball,Novelty Items,1,6.25,6.25,bank_transfer,North America
111,261e2555-863e-4f2a-98a8-06efeb053fc4,2026-05-01 02:12:15,Packaging Tape Dispenser,Packaging,9,22.5,202.5,debit_card,Europe
112,ce7334f2-3393-4b6c-9d37-efb6eafb3e90,2026-07-15 19:36:50,Clear Ethernet Cable 2m,Electronics,2,9.99,19.98,paypal,Middle East
113,530ddda6-c8d0-49e5-9919-65ea98d00c2c,2026-01-08 17:27:46,Developer Flashing Fish Hat,Novelty Items,2,18.75,37.5,paypal,Middle East
114,3e5a87e3-5560-4b22-896b-5edb0cf2b69b,2025-12-08 02:40:52,Alien Egg Fidget Ball,Novelty Items,7,6.25,43.75,bank_transfer,Africa
115,83f4a9a9-48a6-49d0-95b5-2908a8aa7158,2026-04-03 04:14:13,Alien Egg Fidget Ball,Novelty Items,9,6.25,56.25,debit_card,Asia Pacific
116,8ac97b01-e3ad-44d4-aab9-eb022f1dc121,2026-03-02 00:26:26,Giant Chocolate Snake 1.2m,Confectionery,7,45.0,315.0,debit_card,Middle East
117,925817b7-cf50-4889-a8b7-7f7b7321bf6b,2026-01-18 11:45:20,Magic Flashing Fruit Bowl,Novelty Items,5,34.0,170.0,cash,North America
118,0db95301-afbb-411a-a123-5a8c93b7a886,2026-09-30 00:55:50,Alien Egg Fidget Ball,Novelty Items,5,6.25,31.25,bank_transfer,Middle East
119,a1b970d0-7a81-44de-b205-07bbfb16f757,2026-06-11 04:53:23,Magic Flashing Fruit Bowl,Novelty Items,6,34.0,204.0,bank_transfer,Asia Pacific
120,272c0588-84a2-476c-9fc9-05f8d4d60735,2026-06-29 21:47:38,Giant Chocolate Snake 1.2m,Confectionery,4,45.0,180.0,bank_transfer,Africa
121,e61ede90-0267-4eb3-aab6-12c9415d174a,2026-05-09 22:48:27,Ride On Dinosaur Costume,Costumes,2,145.0,290.0,cash,Africa
122,1d181ee9-86ad-4a8c-abc4-123ebde13c1b,2025-12-29 22:37:17,Giant Chocolate Snake 1.2m,Confectionery,10,45.0,450.0,credit_card,South America
123,246998e8-d39e-498b-8400-7d5ae88da719,2026-06-28 12:43:37,Giant Chocolate Snake 1.2m,Confectionery,5,45.0,225.0,debit_card,South America
124,ed7bf656-218a-4536-8c99-a894445dcc38,2026-02-08 14:11:37,Novelty Chilli Chocolates 250g,Confectionery,1,8.5,8.5,bank_transfer,Middle East
125,6de299a1-4a90-4d0c-a4c1-73b9b7f28572,2026-08-28 23:36:32,Superhero Mask (Red),Costumes,2,11.25,22.5,bank_transfer,Africa
126,72e76b51-6e54-4c6d-aff8-e87e16591c89,2026-07-31 00:51:40,Magic Flashing Fruit Bowl,Novelty Items,4,34.0,136.0,bank_transfer,Asia Pacific
127,6a702e2f-7746-40ba-8ae8-905b54b4a482,2026-08-03 00:30:11,Clear Ethernet Cable 2m,Electronics,4,9.99,39.96,credit_card,North America
128,2812859a-1337-439e-8d4f-5d272c7f0b79,2025-10-27 09:02:21,Furry Gloves (Black) S,Clothing,7,15.5,108.5,debit_card,Africa
129,080aadfb-e7c9-4b26-9141-25c63a9bedd4,2026-01-02 14:32:32,Packaging Tape Dispenser,Packaging,8,22.5,180.0,cash,South America
130,92170475-3d95-4e3f-9a52-26e69d642932,2026-08-20 19:24:54,RC Mini Monster Truck,Toys,2,28.0,56.0,debit_card,Asia Pacific
131,3e00980e-ae44-4e21-9258-64f225d4a0fc,2025-10-18 02:51:20,Giant Chocolate Snake 1.2m,Confectionery,9,45.0,405.0,cash,Europe
132,b42a0456-8736-4a84-b25e-134d86879aa9,2026-08-14 07:13:49,Furry Gloves (Black) S,Clothing,8,15.5,124.0,cash,Asia Pacific
133,195d82f8-ee4a-4b5d-9195-54e307374c86,2026-02-05 03:53:42,Superhero Mask (Red),Costumes,9,11.25,101.25,debit_card,Africa
134,41843b03-04dd-4054-9448-23f7e7e646c7,2026-03-10 10:47:11,Superhero Mask (Red),Costumes,8,11.25,90.0,paypal,South America
135,3283daa4-e212-4b7c-9d36-1cb6bcc57be0,2026-01-17 15:11:08,Superhero Mask (Red),Costumes,5,11.25,56.25,cash,Asia Pacific
136,1723199d-bf2c-44a0-ba3c-8a71ff574e2b,2025-10-31 08:34:56,Giant Chocolate Snake 1.2m,Confectionery,4,45.0,180.0,bank_transfer,North America
137,6f962882-95d8-4980-bf37-d19c2e76128b,2025-12-26 14:09:44,50mm Double Sided Tape,Packaging,5,5.75,28.75,paypal,Europe
138,8181a8cc-3691-47eb-89a2-688b12c136e0,2026-09-25 06:42:18,Developer Flashing Fish Hat,Novelty Items,9,18.75,168.75,debit_card,South America
139,b3eda8f1-026b-4383-a301-ec030e5d8c6a,2026-05-13 22:09:39,Air Cushion Machine,Packaging,7,1850.0,12950.0,debit_card,Africa
140,adaa44ca-8ed6-4d5e-9831-8aa354669d19,2026-09-10 23:59:52,Air Cushion Machine,Packaging,2,1850.0,3700.0,bank_transfer,Europe
141,da003f16-b946-4bcf-8082-cbb948bddb3e,2026-07-11 11:06:20,Packaging Tape Dispenser,Packaging,8,22.5,180.0,credit_card,South America
142,beed10b6-4f6e-474b-9eda-b0276550f74a,2026-02-04 20:40:12,Superhero Mask (Red),Costumes,7,11.25,78.75,cash,Africa
143,ab05347f-d556-437d-8f08-81ee8011316b,2025-12-27 05:28:57,Novelty Chilli Chocolates 250g,Confectionery,10,8.5,85.0,bank_transfer,North America
144,7b96e2d1-0649-4cf6-bf69-723d584fc85b,2026-06-17 04:47:27,Developer Flashing Fish Hat,Novelty Items,5,18.75,93.75,bank_transfer,Asia Pacific
145,89ecbc51-98cb-4a52-87f5-301988438de2,2026-04-17 12:49:56,Packaging Tape Dispenser,Packaging,9,22.5,202.5,cash,South America
146,9e11d2cd-0930-4ef6-8a80-068ddf547e50,2026-03-08 07:12:58,Ergonomic Keyboard,Electronics,4,65.0,260.0,bank_transfer,Asia Pacific
147,5cae9610-c72c-4fe3-b2c2-2a1679eb4168,2026-09-14 05:30:15,Novelty Chilli Chocolates 250g,Confectionery,7,8.5,59.5,bank_transfer,Africa
148,329fc417-1081-4d45-bf45-f8a20594b24f,2026-09-25 19:51:39,Ride On Dinosaur Costume,Costumes,8,145.0,1160.0,debit_card,Middle East
149,73b0d676-3527-45c8-8534-ca08f6f24d1c,2026-06-12 07:28:24,Packaging Tape Dispenser,Packaging,1,22.5,22.5,bank_transfer,Middle East
150,b41b3143-8b10-450c-9570-4f32702cdd20,2026-04-01 20:28:08,Magic Flashing Fruit Bowl,Novelty Items,1,34.0,34.0,bank_transfer,South America
151,89c5b31a-eb6c-4016-8ee6-24d09dac6e83,2025-11-30 03:19:10,Superhero Mask (Red),Costumes,8,11.25,90.0,credit_card,Europe
152,f2f9e5fa-9016-4161-8fa7-01cd2631d00b,2026-01-16 12:31:18,Clear Ethernet Cable 2m,Electronics,6,9.99,59.94,bank_transfer,Europe
153,0e5dd462-cbd0-4ef2-930a-37df0bc61066,2025-11-28 21:06:31,Developer Flashing Fish Hat,Novelty Items,7,18.75,131.25,bank_transfer,Europe
154,a59b457f-c0d7-4c73-895f-fa8140d92bce,2026-01-09 10:23:40,Superhero Mask (Red),Costumes,2,11.25,22.5,credit_card,Africa
155,86bb42c7-d8b2-48b6-9c65-4aa2c63ce21d,2026-07-21 23:27:37,Packaging Tape Dispenser,Packaging,1,22.5,22.5,paypal,South America
156,7374ccbf-d78c-47d3-9088-50d32fe5b140,2026-05-11 15:59:23,Giant Chocolate Snake 1.2m,Confectionery,2,45.0,90.0,credit_card,North America
157,e5871d89-1631-4fc6-b79d-58f9dc268108,2026-05-02 23:17:31,Air Cushion Machine,Packaging,4,1850.0,7400.0,credit_card,Middle East
158,e6b3c944-cb32-4e35-b922-bac282dc4c8e,2026-01-15 16:35:20,Ride On Dinosaur Costume,Costumes,4,145.0,580.0,bank_transfer,Africa
159,002ccb25-7a5d-4c82-86c5-547c051a0039,2026-07-22 18:19:59,USB Food Flash Drive - Chocolate,Novelty Items,10,12.0,120.0,debit_card,Asia Pacific
160,0123a348-638a-4df6-adf7-2cd3979aa051,2026-05-20 16:23:45,50mm Double Sided Tape,Packaging,5,5.75,28.75,paypal,South America
161,13eb22c9-bece-421a-94c7-743b2401342a,2026-03-21 00:57:08,Magic Flashing Fruit Bowl,Novelty Items,10,34.0,340.0,credit_card,South America
162,963a8617-bdab-47e7-9d9d-028e1bf645f6,2026-09-19 07:58:31,Alien Egg Fidget Ball,Novelty Items,2,6.25,12.5,credit_card,Europe
163,9082889b-e1cd-487f-ac95-5f87ae5ec365,2026-05-20 06:34:50,Magic Flashing Fruit Bowl,Novelty Items,7,34.0,238.0,debit_card,North America
164,ccc56569-f9e8-4369-a999-b735dd56cc94,2026-03-09 18:20:32,Magic Flashing Fruit Bowl,Novelty Items,4,34.0,136.0,paypal,Africa
165,96822e22-bcd4-444f-8f8a-368e35ba9357,2026-02-23 05:42:40,Magic Flashing Fruit Bowl,Novelty Items,2,34.0,68.0,cash,North America
166,9feefdff-c566-4a81-b15e-54f6d4d30795,2025-12-29 19:52:38,Developer Flashing Fish Hat,Novelty Items,9,18.75,168.75,paypal,North America
167,11ce5dd2-b45e-41f0-b139-d32c93cd59bf,2025-11-28 09:00:18,Packaging Tape Dispenser,Packaging,6,22.5,135.0,bank_transfer,Asia Pacific
168,f7164b73-c555-43ed-be89-56c8d9cb3540,2026-04-21 12:47:20,USB Food Flash Drive - Chocolate,Novelty Items,7,12.0,84.0,paypal,Africa
169,9d264599-c4dd-4df5-9aec-56a857311609,2026-04-15 07:33:38,RC Mini Monster Truck,Toys,8,28.0,224.0,debit_card,Asia Pacific
170,a39c3bd5-ab86-4afd-b57e-c883d2586d90,2025-11-09 22:59:48,Ride On Dinosaur Costume,Costumes,9,145.0,1305.0,paypal,Middle East
171,15b24e1d-9715-4633-9d4e-db71eb2ec80e,2026-07-26 04:03:36,Furry Gloves (Black) S,Clothing,9,15.5,139.5,bank_transfer,Asia Pacific
172,def57689-68f4-4bce-a4e7-5e8eb8f21423,2025-10-23 22:48:58,Clear Ethernet Cable 2m,Electronics,10,9.99,99.9,paypal,South America
173,25440fe0-6e41-4d47-9ff5-95ea5bc440f1,2026-09-05 01:43:14,Superhero Mask (Red),Costumes,2,11.25,22.5,bank_transfer,South America
174,35102852-b474-4349-89fc-2cd8c56bad4c,2025-11-17 05:39:49,Furry Gloves (Black) S,Clothing,8,15.5,124.0,cash,Africa
175,98ae4334-6c12-4ce8-ae34-0454cac5b68c,2025-12-04 00:14:38,Clear Ethernet Cable 2m,Electronics,6,9.99,59.94,bank_transfer,Europe
176,1e52d770-3f89-4142-be71-6b1415ce6a66,2026-06-06 07:52:50,Ride On Dinosaur Costume,Costumes,8,145.0,1160.0,paypal,Europe
177,e6e59b32-ac5f-42ef-8085-c1471e910f36,2025-12-06 18:48:00,Developer Flashing Fish Hat,Novelty Items,5,18.75,93.75,cash,Africa
178,f791f1e5-43f9-4d6b-b97e-be8798cf1188,2026-08-09 06:22:28,RC Mini Monster Truck,Toys,5,28.0,140.0,credit_card,Middle East
179,764414fd-8ae7-49ed-9e8e-de0ba85c6e4a,2026-06-26 22:12:15,Air Cushion Machine,Packaging,2,1850.0,3700.0,bank_transfer,Asia Pacific
180,4ccb2355-39d1-47ff-b27e-1442fd7fe973,2026-03-18 14:28:32,Packaging Tape Dispenser,Packaging,4,22.5,90.0,bank_transfer,Africa
181,b231c60b-78f2-4e6b-946b-415deada79a3,2026-05-25 06:35:41,50mm Double Sided Tape,Packaging,8,5.75,46.0,credit_card,North America
182,cab4923b-f448-4385-8de7-ad6c949077c2,2025-10-30 07:46:51,Alien Egg Fidget Ball,Novelty Items,4,6.25,25.0,debit_card,Europe
183,c6deb2f0-530a-41c7-b8ba-83684fc77768,2026-03-04 01:57:03,Giant Chocolate Snake 1.2m,Confectionery,10,45.0,450.0,bank_transfer,Middle East
184,19e45c6a-c9c2-4e69-982c-75654bb907ec,2026-03-02 20:36:33,Packaging Tape Dispenser,Packaging,6,22.5,135.0,cash,Europe
185,aca2b148-da33-4aa1-941c-dfcdda0d4a5f,2026-05-25 01:44:32,Developer Flashing Fish Hat,Novelty Items,8,18.75,150.0,paypal,Europe
186,6346d4ef-69ef-44e3-8ab6-821c0328c136,2026-04-05 10:12:03,Air Cushion Machine,Packaging,2,1850.0,3700.0,debit_card,Europe
187,962c04dd-25d0-4461-859c-15740f3f0f48,2026-04-29 03:21:46,USB Food Flash Drive - Chocolate,Novelty Items,9,12.0,108.0,debit_card,South America
188,4ca9cf07-b1aa-4f6a-aa96-e1e27194eae2,2026-01-11 07:00:32,Air Cushion Machine,Packaging,8,1850.0,14800.0,cash,Middle East
189,c7b5b2bc-5a8a-4eca-9a50-aec3aabc25fa,2026-05-08 12:05:55,Magic Flashing Fruit Bowl,Novelty Items,5,34.0,170.0,debit_card,Europe
190,7d7ddbed-d284-476c-ab88-f83dd97dc9cd,2026-09-04 22:42:28,Air Cushion Machine,Packaging,6,1850.0,11100.0,paypal,North America
191,e6b3c944-cb32-4e35-b922-bac282dc4c8e,2025-10-10 02:40:14,50mm Double Sided Tape,Packaging,9,5.75,51.75,paypal,North America
192,7f2984f5-bec3-4a37-9b3d-74bde91e314e,2026-06-26 20:21:38,Novelty Chilli Chocolates 250g,Confectionery,9,8.5,76.5,debit_card,Africa
193,2dea9493-0658-463a-a98c-206fe1a47e10,2026-07-12 13:16:26,Superhero Mask (Red),Costumes,8,11.25,90.0,credit_card,Middle East
194,1a43db54-523a-4993-8b34-46bc8ba435cc,2025-11-19 03:21:33,Alien Egg Fidget Ball,Novelty Items,8,6.25,50.0,bank_transfer,Europe
195,25074181-8d1f-4540-b4ef-f5453e652603,2026-06-27 09:39:39,Ride On Dinosaur Costume,Costumes,1,145.0,145.0,bank_transfer,North America
196,7634c169-4f76-4388-92fe-28bf81e0d489,2026-09-14 06:29:08,Superhero Mask (Red),Costumes,2,11.25,22.5,bank_transfer,North America
197,e4429ebb-da7b-4095-a3d6-2a39c0e3befd,2026-05-02 04:35:09,Magic Flashing Fruit Bowl,Novelty Items,1,34.0,34.0,debit_card,Middle East
198,3985fb62-17dc-4eff-a872-13f98d605936,2026-07-24 06:20:53,Alien Egg Fidget Ball,Novelty Items,2,6.25,12.5,credit_card,Middle East
199,80a52e65-afa2-4559-a7c9-620428e333b6,2026-01-17 06:39:02,Furry Gloves (Black) S,Clothing,7,15.5,108.5,cash,Middle East
200,ab05347f-d556-437d-8f08-81ee8011316b,2026-07-31 03:31:08,Air Cushion Machine,Packaging,9,1850.0,16650.0,bank_transfer,Asia Pacific
201,692e07b6-0b2f-4d5c-b00b-5d5fb89f72f3,2026-06-11 13:51:24,Alien Egg Fidget Ball,Novelty Items,10,6.25,62.5,paypal,Middle East
202,e9ad0e9b-8c9a-41e9-b3b2-63376a74dbb7,2026-02-14 18:19:29,Magic Flashing Fruit Bowl,Novelty Items,1,34.0,34.0,credit_card,South America
203,cada4f80-a9e7-42d4-bd08-b32c62d60e93,2025-11-17 23:24:04,Giant Chocolate Snake 1.2m,Confectionery,4,45.0,180.0,credit_card,South America
204,d40ac5e9-81df-4517-961c-921097fe56c5,2026-01-27 15:16:45,Air Cushion Machine,Packaging,3,1850.0,5550.0,credit_card,South America
205,f0b2a5d1-8c7e-4f42-a646-eaf9d5c0244d,2026-03-23 11:57:56,Novelty Chilli Chocolates 250g,Confectionery,7,8.5,59.5,cash,Asia Pacific
206,d248a9a7-ac1a-4554-83c7-5611ffe3fa49,2025-12-06 01:47:48,Alien Egg Fidget Ball,Novelty Items,1,6.25,6.25,paypal,Africa
207,7a0ecfea-958c-49ba-8cd6-20c20ea2622b,2026-03-30 20:40:16,Alien Egg Fidget Ball,Novelty Items,8,6.25,50.0,debit_card,Europe
208,bdd151b0-f64a-46ec-b0a5-648eefe9b3d0,2025-10-06 21:54:29,Furry Gloves (Black) S,Clothing,10,15.5,155.0,debit_card,Asia Pacific
209,246998e8-d39e-498b-8400-7d5ae88da719,2026-07-13 02:02:43,USB Food Flash Drive - Chocolate,Novelty Items,9,12.0,108.0,debit_card,Europe
210,14822f53-8201-4c62-b5f5-9b220e8fa8e0,2026-09-10 19:12:02,Superhero Mask (Red),Costumes,3,11.25,33.75,credit_card,South America
211,a5f60735-757b-4b29-bb2a-a1462999394c,2026-07-12 03:34:11,Furry Gloves (Black) S,Clothing,5,15.5,77.5,cash,Europe
212,eef16694-50ca-432d-8aba-590ee2c328aa,2026-01-15 22:37:24,Ergonomic Keyboard,Electronics,2,65.0,130.0,paypal,Africa
213,3967e60a-823d-4107-9c8a-c066cb2fafa3,2026-04-18 01:27:37,Clear Ethernet Cable 2m,Electronics,5,9.99,49.95,cash,Asia Pacific
214,a383889a-db2c-4ac8-9c67-83932ced3c0d,2026-07-28 13:39:43,Ergonomic Keyboard,Electronics,2,65.0,130.0,credit_card,Asia Pacific
215,b1594847-5c0b-4b10-a757-cb1042f525b9,2025-12-14 00:48:57,50mm Double Sided Tape,Packaging,6,5.75,34.5,paypal,North America
216,ebc92914-5176-49d1-9a36-24d62e9ce8ff,2026-04-20 19:35:45,USB Food Flash Drive - Chocolate,Novelty Items,4,12.0,48.0,cash,Middle East
217,33baba88-36c7-46fa-baa4-f052bf519362,2026-09-25 01:58:03,Novelty Chilli Chocolates 250g,Confectionery,5,8.5,42.5,credit_card,South America
218,24f43c62-b523-40de-9b87-d29c4cfd0fc1,2025-11-15 23:28:49,Ergonomic Keyboard,Electronics,9,65.0,585.0,bank_transfer,Europe
219,9acb394a-cd1f-4318-b31f-63fbd11fc8c0,2026-09-08 17:28:51,Ride On Dinosaur Costume,Costumes,10,145.0,1450.0,bank_transfer,North America
220,812a1f9b-1596-4802-b6dd-6257fb7d9f1c,2026-06-05 11:52:47,Ergonomic Keyboard,Electronics,6,65.0,390.0,paypal,Europe
221,143ac1c5-4f56-4ed5-9566-9e364708203b,2026-01-29 13:22:00,Giant Chocolate Snake 1.2m,Confectionery,2,45.0,90.0,debit_card,Europe
222,3cb98350-1b4d-40fe-bbb3-8605da743152,2026-08-28 12:35:11,Clear Ethernet Cable 2m,Electronics,8,9.99,79.92,bank_transfer,Middle East
223,35ebd32d-9ad6-40ab-8821-2ddb45b89cd9,2026-06-10 19:06:02,Novelty Chilli Chocolates 250g,Confectionery,8,8.5,68.0,paypal,Europe
224,59ea4936-60f3-4ebc-a1bb-b8cd7e3a9f07,2026-04-20 19:25:14,Developer Flashing Fish Hat,Novelty Items,2,18.75,37.5,bank_transfer,Middle East
225,9adf4709-ac75-4344-a08e-149e44b9e602,2026-05-30 03:40:24,Superhero Mask (Red),Costumes,1,11.25,11.25,cash,Asia Pacific
226,cc3ebdde-5ad5-4f06-b64d-7c877cd0129d,2025-12-21 21:38:44,Clear Ethernet Cable 2m,Electronics,1,9.99,9.99,cash,Europe
227,2e13418d-68ab-40ea-897e-c6d1081fc6dc,2025-12-04 00:13:29,Magic Flashing Fruit Bowl,Novelty Items,8,34.0,272.0,bank_transfer,North America
228,83f82f16-e4a4-474c-9b33-e3a42620f9a9,2026-02-27 20:47:21,Air Cushion Machine,Packaging,5,1850.0,9250.0,debit_card,Europe
229,6ba25efe-311c-4eb6-a095-eef68dedf9fb,2026-07-28 18:46:31,Ergonomic Keyboard,Electronics,8,65.0,520.0,credit_card,Africa
230,7d98302f-7357-41e5-be1a-1ba9c8969c5b,2025-12-07 09:24:21,Magic Flashing Fruit Bowl,Novelty Items,4,34.0,136.0,debit_card,Europe
231,d40ac5e9-81df-4517-961c-921097fe56c5,2026-05-03 03:02:11,Packaging Tape Dispenser,Packaging,1,22.5,22.5,bank_transfer,North America
232,5844f9fc-114b-4547-89dc-72b85b6a8102,2026-08-04 00:59:04,Air Cushion Machine,Packaging,2,1850.0,3700.0,credit_card,Africa
233,109fd8ee-b5a4-4200-98f0-dd23aaf78c67,2026-09-28 21:22:06,Superhero Mask (Red),Costumes,3,11.25,33.75,paypal,Middle East
234,da003f16-b946-4bcf-8082-cbb948bddb3e,2026-04-29 14:54:51,50mm Double Sided Tape,Packaging,5,5.75,28.75,bank_transfer,Asia Pacific
235,bd44089d-9dd2-49de-bd98-fe336498abe9,2026-09-27 08:38:22,Air Cushion Machine,Packaging,8,1850.0,14800.0,debit_card,Asia Pacific
236,8471b4b0-ae1b-4f69-b740-d83173318749,2025-10-05 20:59:24,Air Cushion Machine,Packaging,10,1850.0,18500.0,debit_card,North America
237,66d06371-d8e8-4ebb-ba9e-8eefffa361be,2026-05-26 06:13:40,Alien Egg Fidget Ball,Novelty Items,7,6.25,43.75,cash,Europe
238,4104a8b5-a34d-47c5-b60d-ebbb3b70b3a1,2026-02-08 13:00:47,Superhero Mask (Red),Costumes,1,11.25,11.25,paypal,Middle East
239,58c1aad6-f3f8-4ea4-bf14-eafa29f0ef7c,2026-04-13 09:47:42,Magic Flashing Fruit Bowl,Novelty Items,8,34.0,272.0,debit_card,Asia Pacific
240,6e218b09-9afd-4015-816b-cb9f7426b193,2025-10-13 05:11:46,Packaging Tape Dispenser,Packaging,8,22.5,180.0,paypal,Middle East
241,53ffd3a2-4a19-4501-8169-b9fcc3a00c6f,2025-11-18 02:20:32,Furry Gloves (Black) S,Clothing,9,15.5,139.5,bank_transfer,Europe
242,b139c476-de3c-488b-a6b9-d31a361f6d90,2026-10-01 11:29:11,Superhero Mask (Red),Costumes,4,11.25,45.0,debit_card,Middle East
243,b66edbf4-a0ea-4251-8957-43a281b13b80,2026-02-23 14:53:08,Clear Ethernet Cable 2m,Electronics,4,9.99,39.96,bank_transfer,North America
244,588a3f87-f96d-40f8-bed6-3da08033f5c2,2026-09-11 21:56:28,Developer Flashing Fish Hat,Novelty Items,8,18.75,150.0,bank_transfer,Asia Pacific
245,da52d2ee-22bf-48f5-9f65-2a87333ee344,2026-08-24 15:20:39,Giant Chocolate Snake 1.2m,Confectionery,3,45.0,135.0,credit_card,South America
246,2cabd7e7-cc6b-46e5-802a-df9c8a4b8f7c,2026-08-14 23:20:45,Packaging Tape Dispenser,Packaging,10,22.5,225.0,credit_card,Asia Pacific
247,f7e9101d-3f8b-4433-b60e-695c1759ba96,2026-02-02 01:53:56,USB Food Flash Drive - Chocolate,Novelty Items,9,12.0,108.0,bank_transfer,North America
248,7010ed13-b526-422d-bf6c-21f70a0537f0,2026-01-06 15:31:01,50mm Double Sided Tape,Packaging,3,5.75,17.25,debit_card,North America
249,ddf275eb-e8a3-4341-8881-9065ba2c98ce,2025-10-28 03:33:41,Ergonomic Keyboard,Electronics,5,65.0,325.0,cash,Africa
250,2c3aacdc-aed5-4a46-8bde-005b5d8babd7,2026-01-07 04:44:44,Clear Ethernet Cable 2m,Electronics,2,9.99,19.98,paypal,Africa
251,ab05347f-d556-437d-8f08-81ee8011316b,2026-09-11 15:18:08,Superhero Mask (Red),Costumes,9,11.25,101.25,paypal,Africa
252,1a57f9e4-c5f8-42f8-814f-499428457780,2026-05-13 23:48:34,50mm Double Sided Tape,Packaging,8,5.75,46.0,cash,North America
253,6f962882-95d8-4980-bf37-d19c2e76128b,2025-11-05 05:43:43,Magic Flashing Fruit Bowl,Novelty Items,2,34.0,68.0,paypal,South America
254,c7332304-4822-4120-84f9-eccd7630a8a7,2025-11-07 22:00:27,50mm Double Sided Tape,Packaging,2,5.75,11.5,credit_card,Africa
255,5fbbf0b1-8083-49c8-a57e-01c90da23e5c,2026-07-16 21:31:58,50mm Double Sided Tape,Packaging,2,5.75,11.5,debit_card,Africa
256,7394988f-847f-49b4-a64d-1bcb702753a1,2026-04-12 09:25:08,Alien Egg Fidget Ball,Novelty Items,1,6.25,6.25,paypal,North America
257,0ba078e8-4ef4-42c1-aac9-331686e52753,2026-08-18 13:32:51,Alien Egg Fidget Ball,Novelty Items,6,6.25,37.5,bank_transfer,South America
258,632dbb5e-486b-46bf-aafd-e7d95f733a3e,2025-11-01 12:46:01,Air Cushion Machine,Packaging,9,1850.0,16650.0,cash,Africa
259,f6f7f0cc-29ec-4e49-91bd-b8c0c71d5e60,2026-07-28 00:59:08,Furry Gloves (Black) S,Clothing,3,15.5,46.5,debit_card,North America
260,8f0d5540-0ec7-4662-905c-7bdd74f0beae,2026-04-30 12:50:27,Magic Flashing Fruit Bowl,Novelty Items,7,34.0,238.0,debit_card,Asia Pacific
261,7c0e8cd8-8573-4793-8715-b2b9c40c5d91,2026-07-30 01:45:14,RC Mini Monster Truck,Toys,10,28.0,280.0,debit_card,Asia Pacific
262,0b251279-785a-45d0-9f92-a62163f4c69d,2025-11-23 11:49:57,Giant Chocolate Snake 1.2m,Confectionery,5,45.0,225.0,paypal,Africa
263,ed1115d7-50a4-4c85-99d5-7b0242d04d55,2025-11-24 12:21:17,Novelty Chilli Chocolates 250g,Confectionery,8,8.5,68.0,paypal,Africa
264,e3e9de99-f10c-418b-9eb0-e38a675dd5af,2026-06-18 20:58:59,Packaging Tape Dispenser,Packaging,3,22.5,67.5,bank_transfer,Europe
265,b40a9181-ac09-4db7-9908-6e477249f62c,2026-04-08 05:36:45,Magic Flashing Fruit Bowl,Novelty Items,5,34.0,170.0,bank_transfer,Africa
266,82701238-9b5f-4f39-848b-34f034981735,2026-05-07 04:12:02,Alien Egg Fidget Ball,Novelty Items,8,6.25,50.0,paypal,South America
267,eb1fa9f2-d10b-41d0-b317-347038f16a81,2025-12-08 18:45:16,Clear Ethernet Cable 2m,Electronics,8,9.99,79.92,debit_card,Asia Pacific
268,b6d1f6bb-f48f-409c-89a2-24410ac4de85,2026-01-16 14:09:59,Magic Flashing Fruit Bowl,Novelty Items,6,34.0,204.0,paypal,Africa
269,57f479b5-b212-46ee-8210-63710260a123,2026-04-28 13:56:09,Alien Egg Fidget Ball,Novelty Items,1,6.25,6.25,bank_transfer,Europe
270,23204ff5-b538-496c-833e-02f71e93d127,2026-09-09 11:19:30,Novelty Chilli Chocolates 250g,Confectionery,10,8.5,85.0,credit_card,Middle East
271,1a6b6a7d-1a38-4ad6-8e53-2ffdbb134f02,2026-05-29 05:31:29,50mm Double Sided Tape,Packaging,8,5.75,46.0,paypal,South America
272,2812859a-1337-439e-8d4f-5d272c7f0b79,2026-03-18 23:35:28,Magic Flashing Fruit Bowl,Novelty Items,6,34.0,204.0,debit_card,Middle East
273,60a399d4-e821-4716-aac8-0da1de9f6f5b,2025-12-26 21:45:43,Alien Egg Fidget Ball,Novelty Items,3,6.25,18.75,credit_card,Africa
274,a377f6f1-d289-40ab-a18a-e30595a5bafa,2026-10-01 09:45:39,Giant Chocolate Snake 1.2m,Confectionery,1,45.0,45.0,bank_transfer,North America
275,f280df1d-9a6c-4db9-9217-1c884ce953a7,2026-05-03 02:15:48,Magic Flashing Fruit Bowl,Novelty Items,6,34.0,204.0,debit_card,North America
276,3e5a87e3-5560-4b22-896b-5edb0cf2b69b,2026-07-25 23:14:29,RC Mini Monster Truck,Toys,5,28.0,140.0,bank_transfer,South America
277,49e64c22-89a0-47eb-b98f-569b465cc2cb,2026-07-16 03:06:37,Air Cushion Machine,Packaging,3,1850.0,5550.0,cash,Europe
278,73c374a6-dac7-46b6-a786-3fb3f3bc9a71,2026-06-30 13:41:31,Packaging Tape Dispenser,Packaging,9,22.5,202.5,paypal,South America
279,41b455b8-59b9-422c-915a-ffacb173fcdf,2025-12-22 18:31:24,Alien Egg Fidget Ball,Novelty Items,8,6.25,50.0,paypal,Africa
280,46feacd4-fe13-43cd-8f2d-5c15eb346d3a,2026-07-09 12:49:32,Superhero Mask (Red),Costumes,6,11.25,67.5,credit_card,Asia Pacific
281,f633cc2d-eba9-40e1-aa7d-5d964ba17233,2026-02-03 17:03:58,USB Food Flash Drive - Chocolate,Novelty Items,3,12.0,36.0,debit_card,Africa
282,41b455b8-59b9-422c-915a-ffacb173fcdf,2026-03-09 14:32:14,50mm Double Sided Tape,Packaging,7,5.75,40.25,cash,Europe
283,19db3ad0-ddd1-4fb2-bb98-2ef8daf61a26,2026-06-23 12:14:09,USB Food Flash Drive - Chocolate,Novelty Items,7,12.0,84.0,paypal,Middle East
284,c6deb2f0-530a-41c7-b8ba-83684fc77768,2026-06-15 00:57:44,USB Food Flash Drive - Chocolate,Novelty Items,8,12.0,96.0,paypal,Middle East
285,cb9bc326-d20e-4c17-8e20-fd1a598336e3,2026-02-27 16:11:27,Clear Ethernet Cable 2m,Electronics,6,9.99,59.94,debit_card,Asia Pacific
286,74ed5145-8d97-45c7-961d-5c8753c9fe59,2026-03-24 19:02:54,Novelty Chilli Chocolates 250g,Confectionery,10,8.5,85.0,cash,Europe
287,49c13de7-3b42-46c5-885b-15fb4a8ff810,2026-09-20 00:40:14,RC Mini Monster Truck,Toys,10,28.0,280.0,credit_card,Africa
288,53ea4919-db48-42c2-95ff-2a1f370b9a29,2026-04-24 15:48:58,Superhero Mask (Red),Costumes,8,11.25,90.0,paypal,Africa
289,722764e6-8c41-461b-a827-a1b9d4a02e53,2026-03-29 23:48:56,Clear Ethernet Cable 2m,Electronics,2,9.99,19.98,credit_card,North America
290,30a900ad-939b-462d-a645-f129629c2ae3,2025-11-21 15:30:02,Alien Egg Fidget Ball,Novelty Items,8,6.25,50.0,credit_card,South America
291,c521bf2d-dc45-4539-803f-3538e4855aa1,2026-01-09 22:18:27,RC Mini Monster Truck,Toys,9,28.0,252.0,bank_transfer,Asia Pacific
292,a4bbf962-606e-4e1c-8f15-84494f40c22f,2025-12-31 21:59:26,Developer Flashing Fish Hat,Novelty Items,9,18.75,168.75,cash,Africa
293,9055a36f-4aa5-49d3-b35f-2f595e717fca,2025-10-30 12:25:27,50mm Double Sided Tape,Packaging,3,5.75,17.25,bank_transfer,Africa
294,2a1f1b61-265c-49d9-8962-8f6e929c93b3,2026-02-13 22:50:44,USB Food Flash Drive - Chocolate,Novelty Items,8,12.0,96.0,bank_transfer,Europe
295,a021c0ca-3531-468d-8342-bd2bf295456e,2025-10-13 19:42:47,Novelty Chilli Chocolates 250g,Confectionery,6,8.5,51.0,bank_transfer,Asia Pacific
296,ae9bec36-35c7-436c-9b99-62c6e61fecc0,2026-05-22 03:05:39,Air Cushion Machine,Packaging,6,1850.0,11100.0,paypal,Middle East
297,8ce21ea3-db20-456e-9c81-5fe7ceda8bbb,2026-05-08 18:34:57,RC Mini Monster Truck,Toys,6,28.0,168.0,bank_transfer,Europe
298,ce7334f2-3393-4b6c-9d37-efb6eafb3e90,2026-01-03 00:29:04,Air Cushion Machine,Packaging,2,1850.0,3700.0,bank_transfer,North America
299,4a0d2b73-fe54-4e4b-80ff-517323dfecd7,2026-05-22 04:19:08,Giant Chocolate Snake 1.2m,Confectionery,4,45.0,180.0,cash,North America
300,0d366dfc-c28e-4d70-b129-9889a01ac992,2025-12-30 04:14:04,Novelty Chilli Chocolates 250g,Confectionery,6,8.5,51.0,debit_card,Middle East
301,57f479b5-b212-46ee-8210-63710260a123,2025-10-08 10:40:59,Air Cushion Machine,Packaging,2,1850.0,3700.0,cash,South America
302,a284e8fd-755c-4e2a-b8de-d777bb1e5ae8,2025-11-02 05:21:47,Magic Flashing Fruit Bowl,Novelty Items,4,34.0,136.0,debit_card,Europe
303,929d6377-1cfb-455f-82c4-2e488cbadae5,2026-07-07 13:12:55,Furry Gloves (Black) S,Clothing,3,15.5,46.5,cash,North America
304,3eae0032-0bd4-4990-8640-be0f25b8fd4b,2026-06-07 17:57:56,Alien Egg Fidget Ball,Novelty Items,3,6.25,18.75,cash,Europe
305,11c58ef0-dd46-4c09-8752-87aa5408f9ac,2025-10-28 12:24:10,Furry Gloves (Black) S,Clothing,3,15.5,46.5,credit_card,South America
306,d2c2a960-8b09-41ab-866d-ceb344945e09,2026-01-02 13:33:06,Novelty Chilli Chocolates 250g,Confectionery,6,8.5,51.0,debit_card,Middle East
307,a092f52a-d4a0-47a7-b0cc-1b3b9793b9b4,2025-10-31 19:52:34,Developer Flashing Fish Hat,Novelty Items,1,18.75,18.75,paypal,North America
308,5005680f-24c7-48a5-9b4e-164b5716dc2e,2026-09-22 06:47:09,Ride On Dinosaur Costume,Costumes,7,145.0,1015.0,credit_card,Africa
309,72d78bdd-7817-49ff-b49e-04ccc24369e7,2025-10-17 20:26:58,USB Food Flash Drive - Chocolate,Novelty Items,8,12.0,96.0,paypal,Middle East
310,3cd5fd7f-49c1-4669-86b3-3fe61c76bdf6,2026-09-04 12:02:32,Magic Flashing Fruit Bowl,Novelty Items,2,34.0,68.0,cash,South America
311,3f2086c2-f1b8-4d65-806f-64d65c72aebd,2026-02-10 23:28:35,Magic Flashing Fruit Bowl,Novelty Items,1,34.0,34.0,cash,Europe
312,8ce21ea3-db20-456e-9c81-5fe7ceda8bbb,2025-11-02 04:05:53,Ergonomic Keyboard,Electronics,1,65.0,65.0,bank_transfer,Asia Pacific
313,507b9072-65e5-4f34-9df0-6e8c878aaed9,2026-04-23 07:56:31,Clear Ethernet Cable 2m,Electronics,2,9.99,19.98,bank_transfer,North America
314,fb1e143b-196f-4dfa-9cd8-fe1adafec8a9,2026-01-06 02:01:25,RC Mini Monster Truck,Toys,2,28.0,56.0,cash,South America
315,1723199d-bf2c-44a0-ba3c-8a71ff574e2b,2026-01-21 19:15:21,USB Food Flash Drive - Chocolate,Novelty Items,3,12.0,36.0,cash,Africa
316,4b9dfd58-9e5d-4c7a-85ac-c35415f00cb4,2026-06-22 10:59:04,Magic Flashing Fruit Bowl,Novelty Items,9,34.0,306.0,paypal,Asia Pacific
317,9ef2b93e-30ac-4d7b-a2f9-63a33810ae66,2026-04-12 04:03:02,Magic Flashing Fruit Bowl,Novelty Items,9,34.0,306.0,bank_transfer,Middle East
318,ae9bec36-35c7-436c-9b99-62c6e61fecc0,2025-12-27 20:29:29,Magic Flashing Fruit Bowl,Novelty Items,7,34.0,238.0,credit_card,Africa
319,6346d4ef-69ef-44e3-8ab6-821c0328c136,2026-05-03 01:41:03,Giant Chocolate Snake 1.2m,Confectionery,9,45.0,405.0,debit_card,Asia Pacific
320,55ab946d-a5b5-4dc2-a181-c85eca0ac6ac,2025-11-26 00:53:43,Ergonomic Keyboard,Electronics,4,65.0,260.0,paypal,Asia Pacific
321,614077d3-9ec4-4a48-9773-f98d550c2fe9,2026-07-13 13:47:39,Clear Ethernet Cable 2m,Electronics,7,9.99,69.93,credit_card,Europe
322,a6129a1c-889d-4b76-b75c-30b561730c48,2026-10-03 23:17:03,Clear Ethernet Cable 2m,Electronics,6,9.99,59.94,paypal,Europe
323,747b6dba-c8fe-4ccd-88b8-d9c6ed3049cf,2026-09-13 08:03:57,Ride On Dinosaur Costume,Costumes,8,145.0,1160.0,credit_card,North America
324,5e84f058-d5a8-44eb-8939-23de8babce3b,2026-05-15 10:10:01,USB Food Flash Drive - Chocolate,Novelty Items,7,12.0,84.0,paypal,South America
325,88ffbd40-3b72-486d-92fa-675fa6fd0cb1,2026-05-17 10:20:29,Packaging Tape Dispenser,Packaging,1,22.5,22.5,cash,Middle East
326,28a39779-9c1c-4517-85d2-d0a686295b5d,2026-04-07 05:16:22,Developer Flashing Fish Hat,Novelty Items,2,18.75,37.5,paypal,Africa
327,c57c7498-1e38-4711-a2ec-13f4bba1aed9,2026-01-08 00:33:29,Furry Gloves (Black) S,Clothing,7,15.5,108.5,credit_card,Europe
328,6e8f75a1-17dd-4d81-95da-705cd4ef00aa,2026-08-06 08:50:34,Magic Flashing Fruit Bowl,Novelty Items,5,34.0,170.0,credit_card,Middle East
329,ab3b4d37-560c-45ee-a38c-254c076e2bba,2026-04-07 08:05:13,Packaging Tape Dispenser,Packaging,4,22.5,90.0,bank_transfer,South America
330,f41ea3ac-5fd2-4109-8140-752caa448259,2026-08-15 06:04:38,Superhero Mask (Red),Costumes,2,11.25,22.5,cash,Europe
331,257f7595-cdfb-4db9-85e7-8b23f4613f09,2026-03-12 17:44:00,USB Food Flash Drive - Chocolate,Novelty Items,5,12.0,60.0,debit_card,Asia Pacific
332,e34f76b4-2b8c-43bf-9780-be1712fecc2b,2025-12-18 14:24:31,Superhero Mask (Red),Costumes,9,11.25,101.25,cash,Middle East
333,ff5e9ff0-ff50-4de4-b825-67b85cabcc97,2025-11-11 06:50:23,Giant Chocolate Snake 1.2m,Confectionery,9,45.0,405.0,cash,Africa
334,98ae4334-6c12-4ce8-ae34-0454cac5b68c,2025-11-12 07:07:13,Superhero Mask (Red),Costumes,5,11.25,56.25,debit_card,Europe
335,7603c36c-f139-4e3c-8aee-25571f5df912,2026-06-18 13:49:26,50mm Double Sided Tape,Packaging,5,5.75,28.75,paypal,Europe
336,939f71a2-f99c-4a5c-b65a-d0f14350ab06,2026-03-22 01:20:52,Novelty Chilli Chocolates 250g,Confectionery,3,8.5,25.5,debit_card,Middle East
337,0f9aea4b-8acd-4e10-bc59-4585944528c0,2026-02-20 05:57:08,Giant Chocolate Snake 1.2m,Confectionery,7,45.0,315.0,debit_card,Africa
338,d450281c-6c6f-4633-a260-772317a0df49,2026-03-19 03:41:55,Giant Chocolate Snake 1.2m,Confectionery,1,45.0,45.0,cash,South America
339,e7b7b4c6-d631-4a80-9c61-2ec210142131,2026-03-14 07:24:38,Clear Ethernet Cable 2m,Electronics,7,9.99,69.93,paypal,South America
340,6346d4ef-69ef-44e3-8ab6-821c0328c136,2026-04-05 00:38:42,Developer Flashing Fish Hat,Novelty Items,5,18.75,93.75,paypal,Middle East
341,d847dc53-c605-458a-8845-4343ddb449dc,2026-09-06 03:12:06,Magic Flashing Fruit Bowl,Novelty Items,2,34.0,68.0,credit_card,South America
342,a18ff6b6-b535-406e-922c-9a5601d74256,2026-07-15 19:08:21,Ride On Dinosaur Costume,Costumes,10,145.0,1450.0,credit_card,Europe
343,d942644c-248d-41ec-87f8-d4f0f3ea0184,2025-10-26 16:34:18,Ergonomic Keyboard,Electronics,7,65.0,455.0,cash,Asia Pacific
344,fd72b050-96a9-454f-9c33-e1f94c1f55ab,2026-06-24 03:52:19,Clear Ethernet Cable 2m,Electronics,5,9.99,49.95,cash,North America
345,6651529e-8268-490b-a438-25b559e4b671,2026-06-16 10:18:22,Developer Flashing Fish Hat,Novelty Items,7,18.75,131.25,paypal,Africa
346,3c6a3174-1136-44a5-a050-9c6208e895d7,2026-06-13 14:29:29,Giant Chocolate Snake 1.2m,Confectionery,10,45.0,450.0,cash,Africa
347,980402a2-b07a-4066-b354-35ea68949b8d,2025-11-12 20:58:50,Alien Egg Fidget Ball,Novelty Items,1,6.25,6.25,bank_transfer,Middle East
348,4ac9778d-8da8-4ee4-8df5-6ac6f96b648a,2025-10-29 04:36:38,Novelty Chilli Chocolates 250g,Confectionery,1,8.5,8.5,paypal,South America
349,2f383b43-a137-48e4-a7b1-3040cc39b925,2026-03-11 00:21:43,Furry Gloves (Black) S,Clothing,3,15.5,46.5,paypal,Europe
350,371ecd7b-27cd-4130-8722-9389571aa876,2026-07-15 11:06:08,Developer Flashing Fish Hat,Novelty Items,2,18.75,37.5,bank_transfer,Africa
351,ce7ae7f6-3982-4cff-8f77-a665ac3c5640,2026-02-14 10:11:21,Clear Ethernet Cable 2m,Electronics,3,9.99,29.97,bank_transfer,Middle East
352,3967e60a-823d-4107-9c8a-c066cb2fafa3,2026-08-12 13:43:21,50mm Double Sided Tape,Packaging,4,5.75,23.0,cash,Africa
353,14822f53-8201-4c62-b5f5-9b220e8fa8e0,2026-09-05 07:01:47,Furry Gloves (Black) S,Clothing,6,15.5,93.0,bank_transfer,Africa
354,451b4cf3-6123-4df7-b656-af7229d4beef,2025-11-17 02:07:15,Novelty Chilli Chocolates 250g,Confectionery,7,8.5,59.5,bank_transfer,North America
355,a7edc8d8-713f-4f8c-ac8b-e53758ab4778,2026-01-10 05:18:17,Superhero Mask (Red),Costumes,6,11.25,67.5,bank_transfer,Middle East
356,4bbe4aff-9326-4ffd-9be4-bf5192698698,2025-12-19 01:24:31,Clear Ethernet Cable 2m,Electronics,7,9.99,69.93,credit_card,Asia Pacific
357,edcb8cb6-0692-4c63-9424-aed51bac5c15,2025-12-18 12:32:06,Novelty Chilli Chocolates 250g,Confectionery,6,8.5,51.0,cash,Asia Pacific
358,35ebd32d-9ad6-40ab-8821-2ddb45b89cd9,2026-05-01 22:12:18,Superhero Mask (Red),Costumes,6,11.25,67.5,bank_transfer,North America
359,efc59738-2fb2-4e66-bed1-7aabc9b7c9bc,2026-03-28 21:02:27,Air Cushion Machine,Packaging,7,1850.0,12950.0,bank_transfer,Middle East
360,5c311464-82c2-49f0-b487-d7727f0386fa,2025-11-29 02:15:12,USB Food Flash Drive - Chocolate,Novelty Items,7,12.0,84.0,paypal,Africa
361,3ce915e7-c9d6-463b-8a3c-6f5f5bb5c40c,2026-03-18 11:52:53,Developer Flashing Fish Hat,Novelty Items,4,18.75,75.0,debit_card,North America
362,dd39d793-6257-44a2-b204-be894a4b5563,2025-12-15 21:53:31,Packaging Tape Dispenser,Packaging,2,22.5,45.0,cash,South America
363,112fa612-7969-4ed2-ac48-bf55afd380c4,2026-01-21 19:53:19,RC Mini Monster Truck,Toys,6,28.0,168.0,debit_card,South America
364,b9de7a3a-4868-42b9-80a8-1de9d20f87d0,2026-04-03 07:39:57,USB Food Flash Drive - Chocolate,Novelty Items,3,12.0,36.0,debit_card,South America
365,a5e15b55-57d3-44dd-9963-dc7205c8234b,2026-01-10 16:01:28,Magic Flashing Fruit Bowl,Novelty Items,3,34.0,102.0,credit_card,South America
366,d49405f0-2cd2-4404-a48e-40f1d0421dfa,2026-09-10 06:27:34,Furry Gloves (Black) S,Clothing,8,15.5,124.0,cash,Middle East
367,937bf79b-bb44-4adc-aa98-fef8d0d75e37,2026-09-29 05:07:07,Ergonomic Keyboard,Electronics,10,65.0,650.0,cash,Europe
368,5a0cdd7c-f157-4470-8182-67c47a1b5806,2025-11-03 22:17:52,Superhero Mask (Red),Costumes,6,11.25,67.5,bank_transfer,North America
369,87623997-649f-4d88-8989-c5abfe2b34d8,2026-03-26 17:56:15,Ergonomic Keyboard,Electronics,8,65.0,520.0,paypal,Europe
370,6e8f75a1-17dd-4d81-95da-705cd4ef00aa,2026-08-15 10:58:22,Magic Flashing Fruit Bowl,Novelty Items,1,34.0,34.0,cash,North America
371,3cd5fd7f-49c1-4669-86b3-3fe61c76bdf6,2026-09-05 04:00:54,Alien Egg Fidget Ball,Novelty Items,8,6.25,50.0,credit_card,North America
372,ab73295b-344a-44b8-82c1-8a62ef48e8d5,2026-09-03 01:50:57,Developer Flashing Fish Hat,Novelty Items,5,18.75,93.75,credit_card,Middle East
373,4a1dab32-6aed-4dc7-a3e0-5309b5a1b949,2026-05-07 09:03:48,Magic Flashing Fruit Bowl,Novelty Items,9,34.0,306.0,bank_transfer,Middle East
374,41843b03-04dd-4054-9448-23f7e7e646c7,2025-11-12 16:14:06,Packaging Tape Dispenser,Packaging,1,22.5,22.5,cash,Africa
375,77242041-1e43-4bd2-aaf4-07f70fe76149,2025-10-25 07:10:37,Air Cushion Machine,Packaging,6,1850.0,11100.0,bank_transfer,Middle East
376,f0b2a5d1-8c7e-4f42-a646-eaf9d5c0244d,2026-06-15 22:05:26,Ride On Dinosaur Costume,Costumes,1,145.0,145.0,credit_card,Europe
377,10d4de39-1612-47c9-a25d-f9a89ca8a5c4,2026-05-03 14:18:16,50mm Double Sided Tape,Packaging,2,5.75,11.5,debit_card,North America
378,d9e604b3-8412-4335-988c-656db61e5fdb,2026-08-26 08:00:05,Air Cushion Machine,Packaging,8,1850.0,14800.0,cash,Middle East
379,01902620-59dc-4bd0-96fe-bfb9ebe9e207,2025-10-11 09:12:46,Magic Flashing Fruit Bowl,Novelty Items,3,34.0,102.0,paypal,Europe
380,15b24e1d-9715-4633-9d4e-db71eb2ec80e,2025-11-10 20:55:54,Clear Ethernet Cable 2m,Electronics,7,9.99,69.93,paypal,Africa
381,d2c2a960-8b09-41ab-866d-ceb344945e09,2026-09-30 10:01:32,Magic Flashing Fruit Bowl,Novelty Items,1,34.0,34.0,paypal,North America
382,9ea7017c-b89f-4039-a107-cc4686341718,2026-07-25 07:23:57,Developer Flashing Fish Hat,Novelty Items,2,18.75,37.5,bank_transfer,Europe
383,00a85473-8242-4912-bda3-c1623a78b64a,2026-08-31 06:04:38,Alien Egg Fidget Ball,Novelty Items,10,6.25,62.5,debit_card,Europe
384,345af934-b42a-4d93-9aba-0f15b2149062,2026-01-05 10:52:34,USB Food Flash Drive - Chocolate,Novelty Items,10,12.0,120.0,debit_card,Europe
385,ce7ae7f6-3982-4cff-8f77-a665ac3c5640,2025-12-09 05:47:29,Alien Egg Fidget Ball,Novelty Items,7,6.25,43.75,cash,Africa
386,3e00980e-ae44-4e21-9258-64f225d4a0fc,2026-03-12 11:42:47,USB Food Flash Drive - Chocolate,Novelty Items,5,12.0,60.0,bank_transfer,Africa
387,a284e8fd-755c-4e2a-b8de-d777bb1e5ae8,2026-04-12 06:09:47,Furry Gloves (Black) S,Clothing,6,15.5,93.0,debit_card,Africa
388,295d6fbf-430f-401d-bad4-09e2a319dcb4,2026-04-10 14:14:43,50mm Double Sided Tape,Packaging,9,5.75,51.75,bank_transfer,Middle East
389,b3e4110a-45f5-4c52-ae2f-bf77076979d6,2025-12-27 15:55:44,Developer Flashing Fish Hat,Novelty Items,1,18.75,18.75,paypal,South America
390,002ccb25-7a5d-4c82-86c5-547c051a0039,2026-09-06 10:47:07,Air Cushion Machine,Packaging,6,1850.0,11100.0,bank_transfer,South America
391,ab3b4d37-560c-45ee-a38c-254c076e2bba,2026-03-10 09:37:34,Air Cushion Machine,Packaging,3,1850.0,5550.0,credit_card,Europe
392,a4704d48-5128-49b1-b8ed-e0ca20156a72,2026-09-21 03:02:12,Superhero Mask (Red),Costumes,2,11.25,22.5,cash,Africa
393,04fc6d82-7d15-4385-92fb-e43b99546eb4,2025-10-28 10:10:52,RC Mini Monster Truck,Toys,9,28.0,252.0,paypal,Middle East
394,36136e15-f200-4261-8d29-d1ab345512f7,2025-12-08 14:11:20,Ride On Dinosaur Costume,Costumes,10,145.0,1450.0,debit_card,South America
395,c4d598f7-e14f-4093-8b6a-d0c7a2356dd4,2026-03-01 19:56:42,Ride On Dinosaur Costume,Costumes,10,145.0,1450.0,debit_card,Africa
396,28a39779-9c1c-4517-85d2-d0a686295b5d,2025-10-06 11:44:57,Ergonomic Keyboard,Electronics,1,65.0,65.0,paypal,Africa
397,2a9527f6-f817-4ebf-ab6e-64c5bb8aa843,2026-03-06 06:39:15,50mm Double Sided Tape,Packaging,4,5.75,23.0,bank_transfer,Middle East
398,7135f221-a6c9-437f-84da-d06a7872bdeb,2026-01-16 15:31:52,Alien Egg Fidget Ball,Novelty Items,8,6.25,50.0,cash,South America
399,95af6d0c-c528-4425-87a9-f33c22d839d3,2026-09-30 11:26:02,Alien Egg Fidget Ball,Novelty Items,8,6.25,50.0,debit_card,Europe
400,25b8a42f-836b-45c7-a7c2-25da73069588,2026-08-06 03:43:38,Giant Chocolate Snake 1.2m,Confectionery,10,45.0,450.0,bank_transfer,Europe
401,5c63b6f3-06ba-4cd3-be78-38c9ca55e38b,2026-08-06 13:35:44,Furry Gloves (Black) S,Clothing,7,15.5,108.5,cash,Asia Pacific
402,4aea1b8f-b43c-4e0a-ba9f-c10e52daf681,2026-03-31 08:38:42,Ride On Dinosaur Costume,Costumes,4,145.0,580.0,cash,South America
403,b92da22b-21df-406f-8a0b-3c3336d8393a,2026-01-24 10:22:30,Superhero Mask (Red),Costumes,5,11.25,56.25,bank_transfer,Europe
404,a921cb4c-95fb-4976-ae00-7b7e2f8c83e5,2026-03-18 22:22:30,Packaging Tape Dispenser,Packaging,2,22.5,45.0,cash,North America
405,76492e64-f55d-4e6d-ad26-8b378f5242d3,2026-07-03 04:21:47,Alien Egg Fidget Ball,Novelty Items,2,6.25,12.5,debit_card,Europe
406,6a34c854-1071-4d51-b6c5-9dacb4d7e28e,2026-07-16 08:27:45,Ergonomic Keyboard,Electronics,9,65.0,585.0,bank_transfer,North America
407,216e9fe5-93f3-4596-8c1c-8b0556771f36,2026-08-05 21:07:06,RC Mini Monster Truck,Toys,4,28.0,112.0,bank_transfer,Europe
408,adaa44ca-8ed6-4d5e-9831-8aa354669d19,2026-05-09 11:47:45,RC Mini Monster Truck,Toys,1,28.0,28.0,credit_card,Asia Pacific
409,5913f9d3-7852-49f4-975b-a98df8140102,2026-06-19 16:44:50,Packaging Tape Dispenser,Packaging,6,22.5,135.0,bank_transfer,North America
410,a0a04dc4-2720-4bdf-9c11-f735dc713d96,2026-07-11 15:42:36,Developer Flashing Fish Hat,Novelty Items,4,18.75,75.0,paypal,North America
411,6cd6f011-fd61-413b-b7f2-5d368bddcee3,2026-04-12 15:45:57,Superhero Mask (Red),Costumes,6,11.25,67.5,debit_card,South America
412,a50a13dc-f004-4897-a15b-2e18afb06406,2025-12-04 18:28:14,Novelty Chilli Chocolates 250g,Confectionery,5,8.5,42.5,bank_transfer,Africa
413,cf685878-0b70-4933-8cde-1b6b1132567c,2025-12-18 09:38:10,Superhero Mask (Red),Costumes,3,11.25,33.75,bank_transfer,Asia Pacific
414,893259f3-1ee8-4a4c-a811-34e250647c59,2026-01-28 21:10:37,Magic Flashing Fruit Bowl,Novelty Items,1,34.0,34.0,credit_card,North America
415,249204c7-ad58-4b1b-be31-537aa43e558c,2025-12-29 04:46:44,Alien Egg Fidget Ball,Novelty Items,4,6.25,25.0,debit_card,Middle East
416,83d5bceb-5edb-48ee-82ba-f0e02179e3f0,2025-10-28 08:45:48,50mm Double Sided Tape,Packaging,10,5.75,57.5,bank_transfer,North America
417,7ed70ed7-b194-490b-a961-929e546e035a,2026-05-18 14:00:40,Furry Gloves (Black) S,Clothing,5,15.5,77.5,paypal,North America
418,a4bbf962-606e-4e1c-8f15-84494f40c22f,2026-07-18 09:13:38,Novelty Chilli Chocolates 250g,Confectionery,4,8.5,34.0,cash,Asia Pacific
419,9c3de1b0-022b-4683-9033-da6587cf63fd,2026-05-04 05:17:07,USB Food Flash Drive - Chocolate,Novelty Items,2,12.0,24.0,bank_transfer,Middle East
420,d5b6de85-3902-49d9-ba8d-ae42ba54e920,2025-10-29 07:49:31,Packaging Tape Dispenser,Packaging,1,22.5,22.5,cash,Middle East
421,dd750e98-90e0-495f-8212-b554464458b4,2026-07-23 03:17:50,Air Cushion Machine,Packaging,3,1850.0,5550.0,bank_transfer,North America
422,6778043b-c5c5-437a-b85e-06a11dad09b2,2026-02-04 10:40:06,Magic Flashing Fruit Bowl,Novelty Items,6,34.0,204.0,cash,Asia Pacific
423,0f5675f8-b048-4aa1-92ae-5c22741b77f5,2025-10-27 20:28:43,Ride On Dinosaur Costume,Costumes,2,145.0,290.0,paypal,North America
424,a4704d48-5128-49b1-b8ed-e0ca20156a72,2025-10-25 03:01:12,Packaging Tape Dispenser,Packaging,9,22.5,202.5,cash,Middle East
425,00a85473-8242-4912-bda3-c1623a78b64a,2026-05-20 12:35:22,Novelty Chilli Chocolates 250g,Confectionery,7,8.5,59.5,bank_transfer,North America
426,ad9fb00d-4882-473c-9c63-45ab6e0ed1e8,2026-04-08 19:39:02,Giant Chocolate Snake 1.2m,Confectionery,7,45.0,315.0,paypal,Africa
427,929d6377-1cfb-455f-82c4-2e488cbadae5,2026-04-18 22:33:53,Novelty Chilli Chocolates 250g,Confectionery,6,8.5,51.0,credit_card,Europe
428,647dc392-9c7e-4575-a37d-dcd698d3148b,2026-09-27 16:58:07,Air Cushion Machine,Packaging,2,1850.0,3700.0,cash,Africa
429,7e8f8095-624c-49b6-b244-45a7b7e58481,2026-09-01 19:35:06,Furry Gloves (Black) S,Clothing,6,15.5,93.0,credit_card,Europe
430,88d00abd-cbb1-4c79-9036-708dd9a09007,2026-04-29 22:06:50,Packaging Tape Dispenser,Packaging,6,22.5,135.0,debit_card,Africa
431,87623997-649f-4d88-8989-c5abfe2b34d8,2025-12-05 19:02:20,Ergonomic Keyboard,Electronics,8,65.0,520.0,debit_card,South America
432,295b4715-c333-4861-9fb8-d16c2720797d,2025-10-27 17:48:56,USB Food Flash Drive - Chocolate,Novelty Items,8,12.0,96.0,paypal,South America
433,76c3e642-3e19-4c1d-9f6a-6a65bd54da04,2026-04-20 20:57:51,Novelty Chilli Chocolates 250g,Confectionery,4,8.5,34.0,credit_card,Europe
434,9d4b2bf9-4d85-49c7-a001-7720200b2903,2025-11-05 18:21:09,RC Mini Monster Truck,Toys,5,28.0,140.0,bank_transfer,Middle East
435,295b4715-c333-4861-9fb8-d16c2720797d,2026-09-01 06:44:50,Ergonomic Keyboard,Electronics,5,65.0,325.0,debit_card,Europe
436,58c1aad6-f3f8-4ea4-bf14-eafa29f0ef7c,2025-12-16 19:40:26,Developer Flashing Fish Hat,Novelty Items,1,18.75,18.75,paypal,Europe
437,a4244f23-0d5b-47cd-8000-35f0df7d0dd7,2025-11-01 06:19:29,USB Food Flash Drive - Chocolate,Novelty Items,6,12.0,72.0,bank_transfer,Africa
438,07f97d05-f6ca-4b8b-a4b1-f99175424646,2026-05-24 17:47:20,Ergonomic Keyboard,Electronics,7,65.0,455.0,debit_card,Asia Pacific
439,284bf962-5744-4596-b422-21676b7a2460,2025-11-01 01:06:03,50mm Double Sided Tape,Packaging,8,5.75,46.0,cash,Europe
440,3f2086c2-f1b8-4d65-806f-64d65c72aebd,2026-06-24 21:05:48,Furry Gloves (Black) S,Clothing,2,15.5,31.0,bank_transfer,North America
441,28b2bf21-4d47-4ed6-a666-3769e1d46f82,2026-09-05 08:23:48,Clear Ethernet Cable 2m,Electronics,10,9.99,99.9,debit_card,Middle East
442,2dea9493-0658-463a-a98c-206fe1a47e10,2026-01-04 23:55:08,Alien Egg Fidget Ball,Novelty Items,6,6.25,37.5,credit_card,Europe
443,8eac0a33-cdf9-44a7-9882-b5c1f79efd70,2026-03-11 11:07:14,Giant Chocolate Snake 1.2m,Confectionery,5,45.0,225.0,bank_transfer,Middle East
444,2702878b-9f0f-4a8d-8537-9ff6d6d7b3b8,2025-11-21 05:05:02,50mm Double Sided Tape,Packaging,7,5.75,40.25,bank_transfer,Europe
445,3f2086c2-f1b8-4d65-806f-64d65c72aebd,2026-09-16 09:44:20,Ergonomic Keyboard,Electronics,1,65.0,65.0,paypal,Middle East
446,b40a9181-ac09-4db7-9908-6e477249f62c,2026-05-14 21:25:09,Clear Ethernet Cable 2m,Electronics,5,9.99,49.95,credit_card,North America
447,01902620-59dc-4bd0-96fe-bfb9ebe9e207,2026-01-09 06:33:11,Giant Chocolate Snake 1.2m,Confectionery,7,45.0,315.0,cash,Africa
448,b45c9a54-5fa3-4531-9291-6e60f5e72daf,2026-05-18 11:34:35,Giant Chocolate Snake 1.2m,Confectionery,3,45.0,135.0,credit_card,South America
449,d8c128e7-d6cd-4155-88a8-ac7f862138ad,2026-05-24 12:58:47,Superhero Mask (Red),Costumes,10,11.25,112.5,bank_transfer,North America
450,5913f9d3-7852-49f4-975b-a98df8140102,2025-10-21 02:04:43,Ride On Dinosaur Costume,Costumes,2,145.0,290.0,paypal,Europe
451,1c8eaee9-5715-4d6f-a416-1293c4c2e2e3,2026-06-03 04:42:49,Clear Ethernet Cable 2m,Electronics,10,9.99,99.9,cash,South America
452,ce7334f2-3393-4b6c-9d37-efb6eafb3e90,2025-11-06 11:48:01,Giant Chocolate Snake 1.2m,Confectionery,8,45.0,360.0,paypal,Europe
453,257f7595-cdfb-4db9-85e7-8b23f4613f09,2026-03-17 11:07:08,Ergonomic Keyboard,Electronics,2,65.0,130.0,debit_card,Middle East
454,23c86d30-1dde-4969-a886-13dba6348e78,2026-06-17 22:49:18,Developer Flashing Fish Hat,Novelty Items,7,18.75,131.25,paypal,South America
455,c92e8c93-d105-48d6-87c1-c01760452909,2026-05-20 07:52:47,USB Food Flash Drive - Chocolate,Novelty Items,1,12.0,12.0,debit_card,Asia Pacific
456,73c374a6-dac7-46b6-a786-3fb3f3bc9a71,2026-05-13 03:57:23,Packaging Tape Dispenser,Packaging,7,22.5,157.5,cash,North America
457,639fc471-d975-4f00-95ab-a8ae9112fbc0,2026-04-26 16:20:52,Alien Egg Fidget Ball,Novelty Items,5,6.25,31.25,bank_transfer,South America
458,b3eda8f1-026b-4383-a301-ec030e5d8c6a,2026-02-05 12:26:25,Magic Flashing Fruit Bowl,Novelty Items,5,34.0,170.0,bank_transfer,South America
459,12af97e4-c536-466e-bcc4-091bf45707c6,2026-10-03 15:45:12,USB Food Flash Drive - Chocolate,Novelty Items,3,12.0,36.0,credit_card,Asia Pacific
460,8da01097-be0f-451b-9b66-b5a9e3c43657,2026-01-14 22:10:19,Ride On Dinosaur Costume,Costumes,8,145.0,1160.0,paypal,Africa
461,518b2f21-9cf2-4859-ae6e-2e7253f591dc,2025-12-23 23:29:36,Developer Flashing Fish Hat,Novelty Items,2,18.75,37.5,cash,Europe
462,91816091-d6c6-445c-9c5e-4e786307d4d1,2026-06-22 17:57:29,RC Mini Monster Truck,Toys,5,28.0,140.0,debit_card,Africa
463,0840405a-ffd2-4491-9ff3-89aa4c36a70c,2026-07-10 19:03:04,50mm Double Sided Tape,Packaging,3,5.75,17.25,paypal,Middle East
464,c29cfc0c-fa02-4aec-96ef-2ad6b97e6703,2026-02-04 16:03:56,Air Cushion Machine,Packaging,2,1850.0,3700.0,debit_card,South America
465,ff5e9ff0-ff50-4de4-b825-67b85cabcc97,2026-01-06 08:22:26,Furry Gloves (Black) S,Clothing,8,15.5,124.0,paypal,Middle East
466,0b36e356-339b-47a8-8b1f-0d7b0977c513,2026-01-16 19:21:59,Magic Flashing Fruit Bowl,Novelty Items,6,34.0,204.0,cash,South America
467,63f2ae24-fc3d-4348-808d-4127610461e3,2026-03-08 08:39:04,Magic Flashing Fruit Bowl,Novelty Items,2,34.0,68.0,paypal,Asia Pacific
468,5005680f-24c7-48a5-9b4e-164b5716dc2e,2025-11-25 11:32:01,50mm Double Sided Tape,Packaging,8,5.75,46.0,bank_transfer,Asia Pacific
469,e3e9de99-f10c-418b-9eb0-e38a675dd5af,2026-06-23 12:15:58,Superhero Mask (Red),Costumes,10,11.25,112.5,debit_card,Europe
470,41843b03-04dd-4054-9448-23f7e7e646c7,2026-06-13 08:09:47,Giant Chocolate Snake 1.2m,Confectionery,2,45.0,90.0,bank_transfer,Africa
471,c04a96c4-f3b6-4fe1-9184-332417e8392a,2026-01-30 03:50:06,Packaging Tape Dispenser,Packaging,6,22.5,135.0,cash,Africa
472,b4299924-c098-4750-8741-9b4834ae4abd,2026-04-01 05:18:05,Magic Flashing Fruit Bowl,Novelty Items,3,34.0,102.0,debit_card,Asia Pacific
473,6210def6-3a9c-4308-9221-cddf7a4a902f,2026-02-05 10:38:41,Packaging Tape Dispenser,Packaging,1,22.5,22.5,credit_card,Middle East
474,c7fee39f-1190-4938-a66f-d7f739669fa7,2026-10-01 10:44:17,Ride On Dinosaur Costume,Costumes,5,145.0,725.0,debit_card,Europe
475,da509fed-1d4a-4d81-b3a7-d0e0cb08587d,2026-07-24 15:32:40,RC Mini Monster Truck,Toys,4,28.0,112.0,cash,Europe
476,4ab7706e-b773-40ca-aec2-59dc7f95897c,2026-10-04 01:20:07,Superhero Mask (Red),Costumes,2,11.25,22.5,debit_card,Africa
477,acf5e81e-7131-4269-b118-e36477097749,2025-11-02 19:48:38,Packaging Tape Dispenser,Packaging,5,22.5,112.5,paypal,Middle East
478,5c63b6f3-06ba-4cd3-be78-38c9ca55e38b,2025-10-09 06:29:09,Packaging Tape Dispenser,Packaging,2,22.5,45.0,debit_card,Middle East
479,edcb8cb6-0692-4c63-9424-aed51bac5c15,2026-04-01 15:11:25,Magic Flashing Fruit Bowl,Novelty Items,3,34.0,102.0,cash,Africa
480,f206c269-38b7-4c07-80fb-929673b6a09b,2026-06-03 21:17:00,RC Mini Monster Truck,Toys,10,28.0,280.0,cash,North America
481,e1805081-5958-4499-aeea-163e21e8ac68,2026-05-12 07:08:26,Superhero Mask (Red),Costumes,1,11.25,11.25,credit_card,Africa
482,2051acef-097a-4e10-b6fe-bc0e7ecddbaf,2025-11-13 11:33:09,Furry Gloves (Black) S,Clothing,10,15.5,155.0,debit_card,Middle East
483,b40a9181-ac09-4db7-9908-6e477249f62c,2025-11-03 02:29:56,Clear Ethernet Cable 2m,Electronics,10,9.99,99.9,credit_card,Asia Pacific
484,4bbe4aff-9326-4ffd-9be4-bf5192698698,2026-05-02 10:46:32,RC Mini Monster Truck,Toys,9,28.0,252.0,paypal,Asia Pacific
485,088a93ec-70d9-49f8-89e2-60744f1639a0,2025-12-27 10:24:06,Air Cushion Machine,Packaging,7,1850.0,12950.0,bank_transfer,North America
486,06f028ff-a9ba-4a27-907b-fe36978648f8,2026-04-20 02:50:48,50mm Double Sided Tape,Packaging,1,5.75,5.75,bank_transfer,Asia Pacific
487,4639447b-2067-4dac-88bd-13d1b540b30e,2026-01-16 15:30:24,Ergonomic Keyboard,Electronics,8,65.0,520.0,paypal,Middle East
488,ecb4678c-1612-4aa6-be96-39ba0ed2ec9d,2025-11-26 02:14:39,Ride On Dinosaur Costume,Costumes,6,145.0,870.0,paypal,Africa
489,8c0b393a-1333-4bc9-bb63-5ff529310971,2026-10-03 02:16:03,Superhero Mask (Red),Costumes,6,11.25,67.5,bank_transfer,South America
490,9d4b2bf9-4d85-49c7-a001-7720200b2903,2026-02-18 04:39:28,Furry Gloves (Black) S,Clothing,6,15.5,93.0,cash,North America
491,b74eba93-1027-4b53-a285-b2efcfbe4fe9,2026-09-12 17:54:32,Developer Flashing Fish Hat,Novelty Items,4,18.75,75.0,credit_card,Europe
492,7337c599-7984-4388-9c8a-ee30be6033f7,2025-11-01 08:50:28,Ergonomic Keyboard,Electronics,4,65.0,260.0,credit_card,North America
493,a8761e85-bddf-403a-aa84-30f84f2da233,2026-09-12 03:03:08,Alien Egg Fidget Ball,Novelty Items,7,6.25,43.75,cash,Asia Pacific
494,88d00abd-cbb1-4c79-9036-708dd9a09007,2026-01-08 12:33:19,Air Cushion Machine,Packaging,3,1850.0,5550.0,paypal,Middle East
495,f2b43abf-8441-4efd-8299-436a8e485223,2026-02-26 03:54:06,50mm Double Sided Tape,Packaging,6,5.75,34.5,debit_card,Asia Pacific
496,109fd8ee-b5a4-4200-98f0-dd23aaf78c67,2026-01-24 07:56:05,Packaging Tape Dispenser,Packaging,8,22.5,180.0,paypal,Asia Pacific
497,e1b243cc-cf76-4343-bced-f994d631c383,2025-12-05 21:58:00,Novelty Chilli Chocolates 250g,Confectionery,2,8.5,17.0,bank_transfer,Middle East
498,fd72b050-96a9-454f-9c33-e1f94c1f55ab,2026-03-24 19:50:09,Ergonomic Keyboard,Electronics,4,65.0,260.0,cash,Europe
499,7f671eec-3da7-4577-aee1-e86b9ea556aa,2026-08-25 10:43:33,Novelty Chilli Chocolates 250g,Confectionery,1,8.5,8.5,bank_transfer,Middle East
500,5876fd09-f1fa-4665-b115-33f312e89d10,2026-05-04 14:49:05,RC Mini Monster Truck,Toys,8,28.0,224.0,cash,North America
501,bfa016c2-c09c-4506-88f1-096d9c4ffb46,2026-07-05 21:07:37,Superhero Mask (Red),Costumes,2,11.25,22.5,debit_card,Europe
502,2f383b43-a137-48e4-a7b1-3040cc39b925,2026-01-31 03:19:25,50mm Double Sided Tape,Packaging,6,5.75,34.5,bank_transfer,Europe
503,474a493b-3ced-4f2d-839f-bc501223b513,2026-05-31 04:54:34,Novelty Chilli Chocolates 250g,Confectionery,7,8.5,59.5,cash,Middle East
504,79928faa-4cbf-431d-901b-cdefb56ff8ce,2026-08-15 02:22:35,Air Cushion Machine,Packaging,6,1850.0,11100.0,paypal,North America
505,f0b2a5d1-8c7e-4f42-a646-eaf9d5c0244d,2026-06-16 15:09:38,Clear Ethernet Cable 2m,Electronics,9,9.99,89.91,cash,Europe
506,a175a9c3-d7b1-42a9-a332-a50e6992896e,2026-04-29 01:44:39,Superhero Mask (Red),Costumes,10,11.25,112.5,cash,North America
507,c29d782b-2722-496e-9a36-d1ec2c6a6e9a,2025-10-08 16:34:34,Ride On Dinosaur Costume,Costumes,2,145.0,290.0,paypal,Europe
508,baeb286b-f0d0-470f-94d1-3d551db6b844,2026-06-22 00:35:45,Packaging Tape Dispenser,Packaging,6,22.5,135.0,debit_card,South America
509,d4ea120a-5e65-4654-8e90-58b609a0a0f6,2026-08-18 23:37:20,Magic Flashing Fruit Bowl,Novelty Items,9,34.0,306.0,cash,North America
510,eadf5085-3fcb-4546-8eb2-25790cdb1ca4,2026-05-09 00:55:39,Novelty Chilli Chocolates 250g,Confectionery,1,8.5,8.5,paypal,Asia Pacific
511,63b4c08b-6b8e-469f-9538-5b0e34f3193c,2026-01-29 22:04:18,Packaging Tape Dispenser,Packaging,8,22.5,180.0,cash,Middle East
512,b69f75c5-c82b-41be-a1eb-64e6fd498e20,2026-10-02 12:15:19,Ride On Dinosaur Costume,Costumes,6,145.0,870.0,cash,Europe
513,1dc1e7eb-711c-4673-8535-1a69dabf984e,2026-06-20 06:53:26,Ride On Dinosaur Costume,Costumes,7,145.0,1015.0,paypal,Middle East
514,ae13591e-84fa-4c72-b9e7-a4f197fb613a,2025-11-14 21:09:21,Developer Flashing Fish Hat,Novelty Items,9,18.75,168.75,cash,Middle East
515,2cf6bf75-6a5e-4920-bf5a-e7e653a3dd5a,2026-10-05 07:07:17,Ergonomic Keyboard,Electronics,10,65.0,650.0,bank_transfer,North America
516,af521b94-f186-447a-a794-63208cf6e8b8,2026-09-11 16:23:46,Developer Flashing Fish Hat,Novelty Items,6,18.75,112.5,credit_card,Asia Pacific
517,96822e22-bcd4-444f-8f8a-368e35ba9357,2025-11-26 19:20:37,Magic Flashing Fruit Bowl,Novelty Items,5,34.0,170.0,credit_card,Middle East
518,41b455b8-59b9-422c-915a-ffacb173fcdf,2026-01-16 08:39:38,Ergonomic Keyboard,Electronics,5,65.0,325.0,cash,Middle East
519,e1721c83-ef5e-4376-a723-fb72682b163a,2025-11-19 11:31:58,Air Cushion Machine,Packaging,1,1850.0,1850.0,bank_transfer,South America
520,15b24e1d-9715-4633-9d4e-db71eb2ec80e,2026-09-16 04:22:59,Packaging Tape Dispenser,Packaging,10,22.5,225.0,bank_transfer,South America
521,ae849217-1d53-434b-b881-39b9ae270da7,2025-11-16 05:18:26,Superhero Mask (Red),Costumes,4,11.25,45.0,cash,Africa
522,451b4cf3-6123-4df7-b656-af7229d4beef,2026-07-20 23:29:05,USB Food Flash Drive - Chocolate,Novelty Items,4,12.0,48.0,bank_transfer,Europe
523,990f0c5b-adcc-4daf-969f-3ab3c6435300,2026-05-08 12:04:40,Clear Ethernet Cable 2m,Electronics,3,9.99,29.97,debit_card,Asia Pacific
524,e7b33085-178b-4968-a0f8-7ba2cf2e3296,2025-12-05 00:32:21,Packaging Tape Dispenser,Packaging,10,22.5,225.0,bank_transfer,Africa
525,588a3f87-f96d-40f8-bed6-3da08033f5c2,2026-01-19 10:07:44,50mm Double Sided Tape,Packaging,1,5.75,5.75,debit_card,Middle East
526,74685b98-d2fe-4fde-9918-b3e5f2f25eef,2026-01-23 01:49:06,Air Cushion Machine,Packaging,9,1850.0,16650.0,bank_transfer,Middle East
527,8fddbebc-f7ff-48d4-b509-f08a2c988bca,2026-05-28 13:04:56,Clear Ethernet Cable 2m,Electronics,6,9.99,59.94,debit_card,Asia Pacific
528,5275eb94-14ae-4f5c-a636-58c912d0498d,2025-12-26 10:52:13,RC Mini Monster Truck,Toys,9,28.0,252.0,cash,Europe
529,e9ad0e9b-8c9a-41e9-b3b2-63376a74dbb7,2026-07-11 08:17:24,Giant Chocolate Snake 1.2m,Confectionery,5,45.0,225.0,bank_transfer,South America
530,9ea7017c-b89f-4039-a107-cc4686341718,2026-02-15 19:32:08,Air Cushion Machine,Packaging,5,1850.0,9250.0,paypal,South America
531,23d3cd4c-bd5f-4093-816f-9bcc6243bed7,2025-12-23 17:19:27,Alien Egg Fidget Ball,Novelty Items,5,6.25,31.25,debit_card,Africa
532,aba4fc03-5efa-4c5b-b421-ff46637e4b01,2026-06-29 15:35:50,50mm Double Sided Tape,Packaging,8,5.75,46.0,bank_transfer,Europe
533,32ffe294-4d57-4880-9865-d69a74f33103,2026-06-08 23:11:09,Packaging Tape Dispenser,Packaging,5,22.5,112.5,credit_card,Middle East
534,b423ccde-8857-4117-a155-46672112507c,2026-09-01 21:23:00,Giant Chocolate Snake 1.2m,Confectionery,9,45.0,405.0,bank_transfer,Europe
535,a881bfd3-d47d-477b-ba5a-91ca059dd55d,2026-01-16 04:10:04,Furry Gloves (Black) S,Clothing,3,15.5,46.5,credit_card,Europe
536,da509fed-1d4a-4d81-b3a7-d0e0cb08587d,2026-04-19 22:24:48,50mm Double Sided Tape,Packaging,2,5.75,11.5,bank_transfer,Africa
537,7354ea6f-6160-4459-85c7-504bc693da11,2026-04-13 09:06:23,Alien Egg Fidget Ball,Novelty Items,8,6.25,50.0,debit_card,Middle East
538,f94d8fcb-dba3-496f-ba32-3f6990dbfad6,2026-01-11 04:16:45,Alien Egg Fidget Ball,Novelty Items,9,6.25,56.25,paypal,South America
539,cb881c32-cbb0-4a8b-9908-a121d1a7ba20,2026-09-22 06:00:26,USB Food Flash Drive - Chocolate,Novelty Items,10,12.0,120.0,cash,South America
540,0bb401e7-69f7-43f1-901b-a8515ee68495,2026-09-23 08:18:55,Air Cushion Machine,Packaging,1,1850.0,1850.0,cash,South America
541,b92da22b-21df-406f-8a0b-3c3336d8393a,2026-08-30 05:55:04,Giant Chocolate Snake 1.2m,Confectionery,4,45.0,180.0,credit_card,Asia Pacific
542,c7b5b2bc-5a8a-4eca-9a50-aec3aabc25fa,2025-10-25 09:08:23,Developer Flashing Fish Hat,Novelty Items,8,18.75,150.0,debit_card,North America
543,80599b93-79c2-42e4-9ae1-a991524f93ff,2025-11-10 11:56:37,Packaging Tape Dispenser,Packaging,3,22.5,67.5,bank_transfer,Asia Pacific
544,7490adeb-57d3-47d3-8fd8-0bbb592c1107,2026-06-08 23:37:09,Giant Chocolate Snake 1.2m,Confectionery,4,45.0,180.0,paypal,Europe
545,1eb2a7b8-da3c-45ca-83d7-8f2b769de1e3,2026-03-19 03:40:19,Alien Egg Fidget Ball,Novelty Items,1,6.25,6.25,credit_card,Africa
546,7f53a88e-4efc-4248-a10b-1a477faeb748,2026-08-23 17:44:39,Magic Flashing Fruit Bowl,Novelty Items,4,34.0,136.0,credit_card,South America
547,51a1f5df-06ac-4010-ae08-69c1453b45fe,2026-01-21 02:30:22,Clear Ethernet Cable 2m,Electronics,3,9.99,29.97,credit_card,Asia Pacific
548,6105716b-ab0e-464e-9c3e-b2d591e1aa96,2025-10-22 18:34:41,Furry Gloves (Black) S,Clothing,8,15.5,124.0,paypal,North America
549,f5141058-3138-4975-bbf3-3a349c2dfa97,2025-10-07 00:42:28,Novelty Chilli Chocolates 250g,Confectionery,5,8.5,42.5,cash,North America
550,8beddb12-ad77-482f-89a2-3a89e6b5a92c,2026-02-12 04:37:55,RC Mini Monster Truck,Toys,6,28.0,168.0,bank_transfer,Africa
551,b43bd27f-42a2-49a6-8664-12854303cbc1,2026-08-01 03:00:42,Packaging Tape Dispenser,Packaging,9,22.5,202.5,debit_card,Middle East
552,72bb912d-7da6-4785-b63b-4dc3a559e463,2025-11-25 10:59:14,Ergonomic Keyboard,Electronics,5,65.0,325.0,credit_card,Europe
553,f10bce9c-582b-41ee-b8e8-035b0c00988a,2026-06-10 01:59:12,Ride On Dinosaur Costume,Costumes,8,145.0,1160.0,paypal,Africa
554,905881df-ee9b-43e1-9d27-c09a5d71a898,2026-01-15 09:15:35,Ride On Dinosaur Costume,Costumes,1,145.0,145.0,paypal,Europe
555,4d3485c5-c5c1-4eb4-b27b-3d901a16342c,2025-12-07 09:42:46,Magic Flashing Fruit Bowl,Novelty Items,4,34.0,136.0,cash,Africa
556,b4258e19-1758-447e-a7cd-e1436de21429,2026-07-20 12:25:57,RC Mini Monster Truck,Toys,7,28.0,196.0,bank_transfer,Middle East
557,7634c169-4f76-4388-92fe-28bf81e0d489,2026-03-26 05:51:54,Developer Flashing Fish Hat,Novelty Items,2,18.75,37.5,credit_card,South America
558,30974b2b-46a0-4a9b-a5ec-7acd0f8035f5,2026-05-07 21:41:38,Ride On Dinosaur Costume,Costumes,8,145.0,1160.0,debit_card,North America
559,5913f9d3-7852-49f4-975b-a98df8140102,2026-07-06 16:57:25,Alien Egg Fidget Ball,Novelty Items,7,6.25,43.75,bank_transfer,Europe
560,fa585b27-8ce3-47c3-b6ea-b3a001539221,2026-03-20 17:59:26,Developer Flashing Fish Hat,Novelty Items,5,18.75,93.75,cash,North America
561,608e2f5c-6117-4270-a7c0-518b17efa621,2026-05-11 11:41:26,Alien Egg Fidget Ball,Novelty Items,6,6.25,37.5,debit_card,North America
562,a1b970d0-7a81-44de-b205-07bbfb16f757,2025-10-09 09:47:16,Giant Chocolate Snake 1.2m,Confectionery,2,45.0,90.0,paypal,South America
563,aee70ab2-61fa-4e7a-878c-26ce7f0223bc,2025-11-18 02:23:59,Clear Ethernet Cable 2m,Electronics,9,9.99,89.91,paypal,Africa
564,284bf962-5744-4596-b422-21676b7a2460,2025-11-03 20:58:59,USB Food Flash Drive - Chocolate,Novelty Items,5,12.0,60.0,cash,South America
565,d284f54e-febe-40db-9a3a-61036e3c4532,2026-09-13 14:48:28,Air Cushion Machine,Packaging,3,1850.0,5550.0,debit_card,Asia Pacific
566,ad9fb00d-4882-473c-9c63-45ab6e0ed1e8,2026-07-01 00:25:45,50mm Double Sided Tape,Packaging,10,5.75,57.5,bank_transfer,Africa
567,79e5c9aa-592a-4549-bba1-09d08567c805,2026-09-21 16:53:04,Packaging Tape Dispenser,Packaging,8,22.5,180.0,cash,Africa
568,28fea761-8d49-4e3f-aca8-f78384182d35,2025-12-02 12:56:46,Superhero Mask (Red),Costumes,4,11.25,45.0,debit_card,Africa
569,00a85473-8242-4912-bda3-c1623a78b64a,2026-05-05 12:55:47,Furry Gloves (Black) S,Clothing,10,15.5,155.0,credit_card,Middle East
570,639fc471-d975-4f00-95ab-a8ae9112fbc0,2025-10-19 15:27:58,Ergonomic Keyboard,Electronics,9,65.0,585.0,paypal,North America
571,e08596db-1d87-4966-8710-d430f071d879,2026-08-25 18:38:56,RC Mini Monster Truck,Toys,10,28.0,280.0,credit_card,Middle East
572,4d6168bd-2def-4193-9c62-b3a23a3c563e,2026-02-26 01:00:07,RC Mini Monster Truck,Toys,9,28.0,252.0,cash,Middle East
573,11906f50-3488-4a46-9088-2eafc9776598,2026-05-19 21:02:32,Ride On Dinosaur Costume,Costumes,3,145.0,435.0,cash,Asia Pacific
574,1a2bd69c-450f-49ee-82e7-9a985c238d8d,2026-05-08 05:34:00,USB Food Flash Drive - Chocolate,Novelty Items,4,12.0,48.0,cash,Asia Pacific
575,195d82f8-ee4a-4b5d-9195-54e307374c86,2025-12-02 03:59:37,USB Food Flash Drive - Chocolate,Novelty Items,9,12.0,108.0,credit_card,Asia Pacific
576,da003f16-b946-4bcf-8082-cbb948bddb3e,2026-03-21 13:33:44,Ride On Dinosaur Costume,Costumes,9,145.0,1305.0,bank_transfer,Middle East
577,1a89b71e-a0d5-42c8-a837-fe68bba205ca,2025-11-24 03:32:17,Novelty Chilli Chocolates 250g,Confectionery,9,8.5,76.5,paypal,Africa
578,c5ce099c-46b8-4659-91df-12d7dd30de89,2025-10-21 21:31:58,Novelty Chilli Chocolates 250g,Confectionery,7,8.5,59.5,credit_card,Africa
579,acdabacc-1165-4210-9854-3881118a9d29,2026-02-02 08:50:08,Air Cushion Machine,Packaging,10,1850.0,18500.0,credit_card,Asia Pacific
580,31d4ee09-8fd3-4afc-91fd-fa4f0d18ab95,2026-02-24 06:27:29,Developer Flashing Fish Hat,Novelty Items,2,18.75,37.5,credit_card,North America
581,ae849217-1d53-434b-b881-39b9ae270da7,2026-09-19 18:46:28,RC Mini Monster Truck,Toys,8,28.0,224.0,paypal,Asia Pacific
582,3283daa4-e212-4b7c-9d36-1cb6bcc57be0,2026-10-03 00:40:13,Ride On Dinosaur Costume,Costumes,3,145.0,435.0,bank_transfer,Europe
583,72d78bdd-7817-49ff-b49e-04ccc24369e7,2026-08-10 20:03:26,RC Mini Monster Truck,Toys,7,28.0,196.0,bank_transfer,Asia Pacific
584,7e8f8095-624c-49b6-b244-45a7b7e58481,2026-09-04 21:59:21,USB Food Flash Drive - Chocolate,Novelty Items,9,12.0,108.0,paypal,North America
585,4187222b-257d-4e52-9a51-65ca3c7c1d85,2025-10-21 03:30:24,Ride On Dinosaur Costume,Costumes,9,145.0,1305.0,cash,South America
586,dfdf0e05-c0ce-431b-9038-e153c601818b,2026-09-19 18:14:40,50mm Double Sided Tape,Packaging,4,5.75,23.0,credit_card,North America
587,af521b94-f186-447a-a794-63208cf6e8b8,2026-02-21 14:41:00,Alien Egg Fidget Ball,Novelty Items,8,6.25,50.0,cash,Asia Pacific
588,40198303-5c45-4e4d-a793-13b817e52113,2025-12-26 05:42:53,Packaging Tape Dispenser,Packaging,7,22.5,157.5,debit_card,South America
589,ab3b4d37-560c-45ee-a38c-254c076e2bba,2026-06-27 12:58:55,Ergonomic Keyboard,Electronics,6,65.0,390.0,paypal,South America
590,ae849217-1d53-434b-b881-39b9ae270da7,2026-01-10 13:26:43,RC Mini Monster Truck,Toys,2,28.0,56.0,bank_transfer,Middle East
591,6778043b-c5c5-437a-b85e-06a11dad09b2,2026-06-21 15:55:46,Furry Gloves (Black) S,Clothing,1,15.5,15.5,debit_card,North America
592,00d4af59-7427-4ca3-a87d-06ca6f4cc69a,2025-11-14 13:45:56,USB Food Flash Drive - Chocolate,Novelty Items,10,12.0,120.0,bank_transfer,Middle East
593,ed7bf656-218a-4536-8c99-a894445dcc38,2026-02-20 00:11:00,Giant Chocolate Snake 1.2m,Confectionery,1,45.0,45.0,credit_card,Asia Pacific
594,43b47ee5-e1e8-4e7e-a249-8f666e51484d,2026-08-04 14:52:12,Ergonomic Keyboard,Electronics,4,65.0,260.0,debit_card,North America
595,4bbe4aff-9326-4ffd-9be4-bf5192698698,2026-05-11 02:09:08,Ride On Dinosaur Costume,Costumes,9,145.0,1305.0,debit_card,Africa
596,4588fc1b-b238-4849-8fe0-69b6eedaa802,2026-09-14 00:23:32,Magic Flashing Fruit Bowl,Novelty Items,6,34.0,204.0,cash,Africa
597,1ac70ec0-ab8d-4eb4-9230-dfbd5553b2fe,2026-09-10 08:34:23,Superhero Mask (Red),Costumes,6,11.25,67.5,paypal,South America
598,49c13de7-3b42-46c5-885b-15fb4a8ff810,2026-03-12 11:22:17,Giant Chocolate Snake 1.2m,Confectionery,9,45.0,405.0,bank_transfer,Europe
599,7afeb114-9561-4813-8d25-9caab8adad87,2026-06-03 16:38:39,Alien Egg Fidget Ball,Novelty Items,1,6.25,6.25,cash,Africa
600,bab2b77d-fa74-4cc8-a43a-fb7ac40d4874,2026-07-23 17:17:50,RC Mini Monster Truck,Toys,3,28.0,84.0,bank_transfer,Middle East
601,cc9803de-12de-4e5a-b387-928a29a3db6d,2025-12-04 16:12:04,Ergonomic Keyboard,Electronics,1,65.0,65.0,paypal,Africa
602,4ac66780-3874-4f3c-82d4-9b56cbbed980,2026-09-30 04:24:14,Giant Chocolate Snake 1.2m,Confectionery,7,45.0,315.0,cash,Europe
603,812a1f9b-1596-4802-b6dd-6257fb7d9f1c,2026-10-01 18:46:44,50mm Double Sided Tape,Packaging,7,5.75,40.25,debit_card,Europe
604,f633cc2d-eba9-40e1-aa7d-5d964ba17233,2026-01-05 14:12:41,Clear Ethernet Cable 2m,Electronics,3,9.99,29.97,cash,Asia Pacific
605,e05fb8bc-8a16-406c-8958-e75e21d53971,2026-09-06 10:22:08,Air Cushion Machine,Packaging,4,1850.0,7400.0,debit_card,Asia Pacific
606,690e7e62-3432-4ec6-b0c4-a01c69b7c0fa,2025-12-07 18:17:09,RC Mini Monster Truck,Toys,1,28.0,28.0,bank_transfer,Asia Pacific
607,b00805cc-a7f3-4ae9-a5c7-3c443e75c3b4,2026-08-12 07:08:49,Packaging Tape Dispenser,Packaging,9,22.5,202.5,bank_transfer,South America
608,250a4578-fbe9-4499-9bc0-80fd46fb7bf3,2026-08-16 12:35:59,Alien Egg Fidget Ball,Novelty Items,4,6.25,25.0,credit_card,Asia Pacific
609,c56811cd-5563-4616-80e8-5ece0b49452d,2025-12-13 09:54:26,Superhero Mask (Red),Costumes,6,11.25,67.5,cash,Africa
610,474a493b-3ced-4f2d-839f-bc501223b513,2026-09-12 23:03:15,Superhero Mask (Red),Costumes,4,11.25,45.0,paypal,Asia Pacific
611,951c25d5-4d4c-4280-9462-52e7f43ba052,2026-03-14 18:31:19,Giant Chocolate Snake 1.2m,Confectionery,10,45.0,450.0,credit_card,North America
612,4d16f049-44d7-4f9a-a38b-05b72b64777c,2025-10-15 06:41:07,Air Cushion Machine,Packaging,10,1850.0,18500.0,cash,South America
613,939f71a2-f99c-4a5c-b65a-d0f14350ab06,2025-12-14 07:25:20,Ergonomic Keyboard,Electronics,4,65.0,260.0,paypal,Europe
614,f2f9e5fa-9016-4161-8fa7-01cd2631d00b,2026-07-18 16:56:17,RC Mini Monster Truck,Toys,1,28.0,28.0,debit_card,Africa
615,cdcc2d6a-1a16-498c-b648-776e183fea70,2026-09-29 16:30:21,USB Food Flash Drive - Chocolate,Novelty Items,8,12.0,96.0,debit_card,Africa
616,9082889b-e1cd-487f-ac95-5f87ae5ec365,2026-02-11 15:51:09,Magic Flashing Fruit Bowl,Novelty Items,4,34.0,136.0,debit_card,Middle East
617,ab05347f-d556-437d-8f08-81ee8011316b,2026-08-05 12:01:49,Developer Flashing Fish Hat,Novelty Items,5,18.75,93.75,bank_transfer,Middle East
618,5e5ba13d-746c-4b77-9fa3-82e8895ccd99,2026-10-02 03:29:33,Giant Chocolate Snake 1.2m,Confectionery,6,45.0,270.0,paypal,Europe
619,b74eba93-1027-4b53-a285-b2efcfbe4fe9,2026-03-14 13:06:16,Packaging Tape Dispenser,Packaging,8,22.5,180.0,credit_card,Africa
620,cdcc2d6a-1a16-498c-b648-776e183fea70,2026-08-13 05:01:59,Ergonomic Keyboard,Electronics,6,65.0,390.0,debit_card,Europe
621,fec21bbe-6624-4bfa-8fcc-a39ab683d2e6,2026-06-22 19:38:48,Developer Flashing Fish Hat,Novelty Items,7,18.75,131.25,cash,South America
622,35a240ae-5af3-4553-9ec4-2e0829a3b2e9,2026-09-06 05:19:12,50mm Double Sided Tape,Packaging,3,5.75,17.25,paypal,Middle East
623,e7ba26ac-ab7a-4d1c-8cfe-f6833e11bafe,2026-07-18 02:53:33,RC Mini Monster Truck,Toys,10,28.0,280.0,bank_transfer,Europe
624,c9e48e8c-25c6-4c45-863d-04ee541c7a86,2026-08-16 12:23:27,Ride On Dinosaur Costume,Costumes,4,145.0,580.0,debit_card,Asia Pacific
625,28524385-d9f2-4d0d-8cc9-f5f2e42e5037,2026-01-10 00:44:45,Magic Flashing Fruit Bowl,Novelty Items,4,34.0,136.0,cash,Africa
626,ffb8102d-9475-4bc9-9641-8cedd664d264,2026-01-17 06:28:09,Giant Chocolate Snake 1.2m,Confectionery,6,45.0,270.0,bank_transfer,Africa
627,bf5023f4-40ef-4935-9f90-bed6fb25664d,2025-12-06 11:29:28,Giant Chocolate Snake 1.2m,Confectionery,8,45.0,360.0,debit_card,Africa
628,f6b751f7-9b74-4245-9b1b-c8952af43ab7,2026-08-07 10:31:19,Furry Gloves (Black) S,Clothing,6,15.5,93.0,debit_card,Africa
629,d4aac9a3-3ed8-456c-9a09-dfa052828d80,2026-07-05 00:02:46,Packaging Tape Dispenser,Packaging,8,22.5,180.0,cash,Africa
630,00d4af59-7427-4ca3-a87d-06ca6f4cc69a,2025-11-16 15:11:02,Novelty Chilli Chocolates 250g,Confectionery,9,8.5,76.5,credit_card,Africa
631,990f0c5b-adcc-4daf-969f-3ab3c6435300,2026-03-03 05:12:25,Novelty Chilli Chocolates 250g,Confectionery,1,8.5,8.5,debit_card,Africa
632,9d264599-c4dd-4df5-9aec-56a857311609,2026-09-09 08:50:36,Air Cushion Machine,Packaging,2,1850.0,3700.0,debit_card,North America
633,6de299a1-4a90-4d0c-a4c1-73b9b7f28572,2025-10-20 16:35:57,Air Cushion Machine,Packaging,9,1850.0,16650.0,paypal,North America
634,2c82989f-fd9c-4bb0-91f1-6485429a4a7c,2026-09-04 02:19:43,Magic Flashing Fruit Bowl,Novelty Items,10,34.0,340.0,bank_transfer,Africa
635,b2b9437a-28df-4ec4-8e4a-2bbdc241330b,2026-04-06 10:48:31,Ergonomic Keyboard,Electronics,1,65.0,65.0,cash,Middle East
636,a5e5a5ab-aefc-4ad8-afc8-9849b3aa7efe,2025-12-31 00:53:32,Clear Ethernet Cable 2m,Electronics,1,9.99,9.99,cash,Africa
637,b0b862ef-6c9f-42b9-b647-8986a3917c99,2025-12-22 03:48:47,Alien Egg Fidget Ball,Novelty Items,9,6.25,56.25,credit_card,Middle East
638,3f5fbf4f-d417-4230-9274-ee11b61df906,2026-08-18 18:47:54,Superhero Mask (Red),Costumes,7,11.25,78.75,debit_card,North America
639,0f5675f8-b048-4aa1-92ae-5c22741b77f5,2026-09-27 08:15:06,RC Mini Monster Truck,Toys,2,28.0,56.0,debit_card,South America
640,586a346a-dc5b-47d1-bcef-1972bbf483ce,2026-04-02 09:59:48,Air Cushion Machine,Packaging,10,1850.0,18500.0,paypal,Europe
641,c07a30f2-edd4-453b-90f0-fd0a750cab75,2026-02-18 10:42:44,Alien Egg Fidget Ball,Novelty Items,7,6.25,43.75,paypal,Asia Pacific
642,0d366dfc-c28e-4d70-b129-9889a01ac992,2026-02-01 04:14:41,Ergonomic Keyboard,Electronics,10,65.0,650.0,debit_card,Europe
643,636f6e5c-2253-4706-87ad-8b268eaa5841,2026-08-20 07:36:47,Giant Chocolate Snake 1.2m,Confectionery,2,45.0,90.0,credit_card,North America
644,53ffd3a2-4a19-4501-8169-b9fcc3a00c6f,2026-08-10 12:49:01,Clear Ethernet Cable 2m,Electronics,7,9.99,69.93,cash,Asia Pacific
645,299656e2-4c9d-4907-93b2-2cecedcabf94,2026-09-09 00:58:44,Novelty Chilli Chocolates 250g,Confectionery,1,8.5,8.5,debit_card,North America
646,24acb722-e052-4739-8d40-6f1b3ca5be29,2026-01-02 01:00:12,Ergonomic Keyboard,Electronics,7,65.0,455.0,paypal,Middle East
647,0b3d0c36-17d0-4810-87a2-a10bb62edb49,2025-12-31 05:27:28,Superhero Mask (Red),Costumes,2,11.25,22.5,cash,North America
648,ed1115d7-50a4-4c85-99d5-7b0242d04d55,2025-10-14 20:13:41,Air Cushion Machine,Packaging,4,1850.0,7400.0,cash,Asia Pacific
649,e886a011-36f7-426c-9a9c-06792c3d17e2,2026-06-18 23:36:53,Alien Egg Fidget Ball,Novelty Items,1,6.25,6.25,credit_card,Africa
650,0ff1c51f-915c-431b-9786-7b1213281726,2025-12-19 15:45:35,RC Mini Monster Truck,Toys,5,28.0,140.0,cash,Middle East
651,7d7ddbed-d284-476c-ab88-f83dd97dc9cd,2026-03-09 09:37:54,Giant Chocolate Snake 1.2m,Confectionery,1,45.0,45.0,paypal,North America
652,b6aae05b-13d5-42f7-b09b-7d97464c04af,2026-02-10 03:16:58,Air Cushion Machine,Packaging,10,1850.0,18500.0,bank_transfer,North America
653,35145890-84c8-4c46-a359-5fa4b4adaf89,2026-01-21 20:25:42,Alien Egg Fidget Ball,Novelty Items,3,6.25,18.75,debit_card,Middle East
654,8ac97b01-e3ad-44d4-aab9-eb022f1dc121,2026-09-06 08:00:47,Superhero Mask (Red),Costumes,7,11.25,78.75,cash,Europe
655,0aa6fcb9-c1bc-4e59-9296-a12d8ac35ac4,2025-11-01 14:42:28,Clear Ethernet Cable 2m,Electronics,3,9.99,29.97,credit_card,Middle East
656,ceb81f9d-7914-4120-88dc-d19f3e351128,2026-08-01 23:35:11,50mm Double Sided Tape,Packaging,6,5.75,34.5,credit_card,Asia Pacific
657,66d06371-d8e8-4ebb-ba9e-8eefffa361be,2026-01-22 01:17:35,Air Cushion Machine,Packaging,2,1850.0,3700.0,cash,Middle East
658,2a9527f6-f817-4ebf-ab6e-64c5bb8aa843,2026-02-19 00:34:43,Magic Flashing Fruit Bowl,Novelty Items,7,34.0,238.0,paypal,North America
659,6a66c184-7de1-4f5d-af48-47f068bd075b,2026-06-11 18:42:10,Giant Chocolate Snake 1.2m,Confectionery,5,45.0,225.0,bank_transfer,Asia Pacific
660,79928faa-4cbf-431d-901b-cdefb56ff8ce,2026-04-21 11:39:53,Air Cushion Machine,Packaging,6,1850.0,11100.0,bank_transfer,Asia Pacific
661,03ece8ff-e8b3-4763-b4ff-3f3a4d9dbaeb,2026-03-09 20:55:56,Ride On Dinosaur Costume,Costumes,10,145.0,1450.0,bank_transfer,North America
662,c478f6f1-b88e-4318-816d-83edad81f8bd,2026-06-26 13:13:39,Furry Gloves (Black) S,Clothing,10,15.5,155.0,debit_card,Africa
663,def57689-68f4-4bce-a4e7-5e8eb8f21423,2026-08-29 07:09:06,USB Food Flash Drive - Chocolate,Novelty Items,2,12.0,24.0,debit_card,Asia Pacific
664,d4cee27c-4a94-4e9f-8c35-1e4f703e957f,2026-05-01 21:33:09,50mm Double Sided Tape,Packaging,3,5.75,17.25,bank_transfer,Europe
665,d450281c-6c6f-4633-a260-772317a0df49,2026-02-11 06:12:00,Developer Flashing Fish Hat,Novelty Items,2,18.75,37.5,credit_card,Europe
666,ee0f65a8-2a13-4c1f-8cd0-15c1ad5900dd,2026-10-05 09:59:03,Ergonomic Keyboard,Electronics,6,65.0,390.0,paypal,North America
667,533420e6-d9d8-4b8d-be8a-dee70758e201,2025-10-16 08:54:55,Ride On Dinosaur Costume,Costumes,2,145.0,290.0,bank_transfer,Asia Pacific
668,ef4afa88-5299-4505-a976-aab22a26f770,2025-11-19 10:43:21,Packaging Tape Dispenser,Packaging,9,22.5,202.5,bank_transfer,North America
669,f4e559e5-9622-4348-8f5a-e9d38e6e5003,2026-09-11 06:15:00,Novelty Chilli Chocolates 250g,Confectionery,2,8.5,17.0,cash,North America
670,90bde900-1529-46f5-aad1-1fe87d1b695e,2026-01-15 02:21:42,Magic Flashing Fruit Bowl,Novelty Items,10,34.0,340.0,paypal,Asia Pacific
671,55ab946d-a5b5-4dc2-a181-c85eca0ac6ac,2025-12-14 00:01:56,Novelty Chilli Chocolates 250g,Confectionery,5,8.5,42.5,bank_transfer,North America
672,7316ce64-2a14-4a96-9b0c-62eb27c8fc6c,2026-05-19 03:08:53,50mm Double Sided Tape,Packaging,9,5.75,51.75,debit_card,Middle East
673,0463750e-4964-4b96-ba3c-1628892621df,2026-01-16 17:59:08,Packaging Tape Dispenser,Packaging,3,22.5,67.5,bank_transfer,South America
674,45c45a3e-e9da-484a-8075-9f1f87e5f0fe,2025-10-20 12:14:33,Ride On Dinosaur Costume,Costumes,5,145.0,725.0,paypal,Asia Pacific
675,1d48a071-ab61-47b1-b93b-4c3220500494,2025-11-16 18:02:40,Ride On Dinosaur Costume,Costumes,2,145.0,290.0,bank_transfer,Europe
676,67fd64c4-a334-458a-abd2-b5121335e5db,2026-05-25 08:06:24,Clear Ethernet Cable 2m,Electronics,5,9.99,49.95,credit_card,Europe
677,6346d4ef-69ef-44e3-8ab6-821c0328c136,2026-03-23 10:05:15,Alien Egg Fidget Ball,Novelty Items,4,6.25,25.0,bank_transfer,Middle East
678,15eacbcf-ab10-41ce-aa14-3cd82ff3cde4,2026-02-16 21:41:49,Magic Flashing Fruit Bowl,Novelty Items,4,34.0,136.0,credit_card,South America
679,ce7334f2-3393-4b6c-9d37-efb6eafb3e90,2026-07-15 14:11:30,Alien Egg Fidget Ball,Novelty Items,1,6.25,6.25,bank_transfer,Europe
680,ab05347f-d556-437d-8f08-81ee8011316b,2026-08-07 01:42:05,Superhero Mask (Red),Costumes,10,11.25,112.5,paypal,Asia Pacific
681,d40e53ce-52a7-4a41-84be-d4867ea5a387,2026-02-04 11:20:39,Developer Flashing Fish Hat,Novelty Items,7,18.75,131.25,cash,South America
682,951c25d5-4d4c-4280-9462-52e7f43ba052,2026-03-24 03:08:43,Alien Egg Fidget Ball,Novelty Items,6,6.25,37.5,debit_card,Asia Pacific
683,2afaab7b-51cb-49e5-bb7d-3ba158c88c48,2026-05-29 01:56:08,Developer Flashing Fish Hat,Novelty Items,3,18.75,56.25,bank_transfer,Europe
684,41b455b8-59b9-422c-915a-ffacb173fcdf,2026-04-22 06:28:05,Alien Egg Fidget Ball,Novelty Items,8,6.25,50.0,cash,South America
685,9c07a751-1437-4509-acd1-586a2b840c67,2025-11-19 13:33:23,Developer Flashing Fish Hat,Novelty Items,7,18.75,131.25,bank_transfer,Europe
686,7bf47042-bd15-41c8-b764-fbda3108d448,2026-03-04 05:56:28,USB Food Flash Drive - Chocolate,Novelty Items,10,12.0,120.0,cash,Middle East
687,c17af08a-1745-46d8-be57-0ddf827050a8,2026-09-19 23:39:05,Ride On Dinosaur Costume,Costumes,9,145.0,1305.0,bank_transfer,Africa
688,a1fd4187-9c3a-4e0b-b5f3-f8aadc6dafff,2026-05-17 13:50:59,Air Cushion Machine,Packaging,8,1850.0,14800.0,paypal,Africa
689,af521b94-f186-447a-a794-63208cf6e8b8,2025-12-18 11:19:20,USB Food Flash Drive - Chocolate,Novelty Items,7,12.0,84.0,bank_transfer,South America
690,764414fd-8ae7-49ed-9e8e-de0ba85c6e4a,2026-01-12 13:50:44,Giant Chocolate Snake 1.2m,Confectionery,5,45.0,225.0,paypal,Africa
691,d2c2a960-8b09-41ab-866d-ceb344945e09,2025-10-22 21:22:19,Ride On Dinosaur Costume,Costumes,7,145.0,1015.0,bank_transfer,North America
692,1a43db54-523a-4993-8b34-46bc8ba435cc,2026-07-07 22:01:02,Ergonomic Keyboard,Electronics,10,65.0,650.0,cash,Asia Pacific
693,aee70ab2-61fa-4e7a-878c-26ce7f0223bc,2026-03-24 00:00:37,Packaging Tape Dispenser,Packaging,9,22.5,202.5,bank_transfer,Middle East
694,24e9bcfd-9647-4f9f-b508-507af622d842,2025-10-06 07:25:24,Novelty Chilli Chocolates 250g,Confectionery,6,8.5,51.0,cash,Middle East
695,3170f437-a8f7-4f5a-860e-df5b39118497,2026-04-25 13:40:06,Giant Chocolate Snake 1.2m,Confectionery,2,45.0,90.0,debit_card,Africa
696,2702878b-9f0f-4a8d-8537-9ff6d6d7b3b8,2026-09-30 02:38:43,Giant Chocolate Snake 1.2m,Confectionery,6,45.0,270.0,cash,North America
697,41b455b8-59b9-422c-915a-ffacb173fcdf,2026-08-14 20:53:09,Magic Flashing Fruit Bowl,Novelty Items,7,34.0,238.0,paypal,Asia Pacific
698,f8e1daa7-cbce-4bde-aede-db07e623a689,2026-05-02 18:23:45,USB Food Flash Drive - Chocolate,Novelty Items,1,12.0,12.0,paypal,South America
699,9ea7017c-b89f-4039-a107-cc4686341718,2026-06-29 09:37:56,Packaging Tape Dispenser,Packaging,9,22.5,202.5,cash,Africa
700,195d82f8-ee4a-4b5d-9195-54e307374c86,2026-07-12 01:13:59,Magic Flashing Fruit Bowl,Novelty Items,4,34.0,136.0,paypal,Asia Pacific
701,4ccb2355-39d1-47ff-b27e-1442fd7fe973,2026-10-05 19:32:49,Ergonomic Keyboard,Electronics,10,65.0,650.0,cash,South America
702,46494296-6f58-42c3-bf86-cc319d66e815,2026-07-20 19:08:08,Developer Flashing Fish Hat,Novelty Items,1,18.75,18.75,credit_card,Europe
703,30a900ad-939b-462d-a645-f129629c2ae3,2026-07-18 21:20:56,Clear Ethernet Cable 2m,Electronics,2,9.99,19.98,debit_card,Europe
704,6de299a1-4a90-4d0c-a4c1-73b9b7f28572,2026-06-23 02:22:13,Alien Egg Fidget Ball,Novelty Items,6,6.25,37.5,debit_card,Middle East
705,84ef4324-cc1b-4157-ac9f-9c545e0a72ab,2025-12-21 04:09:36,Ergonomic Keyboard,Electronics,6,65.0,390.0,credit_card,Asia Pacific
706,7d45d8ef-d56c-48ea-9959-7b5aa7a8f636,2026-02-24 02:26:59,50mm Double Sided Tape,Packaging,8,5.75,46.0,credit_card,Europe
707,654821d0-7fcd-4eb1-a7ca-d415366eb16f,2026-03-22 03:38:34,Novelty Chilli Chocolates 250g,Confectionery,2,8.5,17.0,paypal,Africa
708,8b2d158a-cd5a-4324-be7c-80e9a1791e93,2025-11-01 19:51:46,USB Food Flash Drive - Chocolate,Novelty Items,3,12.0,36.0,debit_card,Middle East
709,610cf373-4299-4aa4-8cdf-742b2e85cb21,2026-06-20 14:48:13,Ride On Dinosaur Costume,Costumes,9,145.0,1305.0,paypal,Middle East
710,d248a9a7-ac1a-4554-83c7-5611ffe3fa49,2026-09-28 05:51:58,Clear Ethernet Cable 2m,Electronics,8,9.99,79.92,bank_transfer,Africa
711,66fadca0-0b53-4932-bd94-19aa3ea6e5b2,2026-02-10 21:20:49,Ride On Dinosaur Costume,Costumes,3,145.0,435.0,bank_transfer,Asia Pacific
712,d847dc53-c605-458a-8845-4343ddb449dc,2026-06-04 15:53:20,Novelty Chilli Chocolates 250g,Confectionery,10,8.5,85.0,debit_card,Asia Pacific
713,beed10b6-4f6e-474b-9eda-b0276550f74a,2026-02-04 13:33:56,Magic Flashing Fruit Bowl,Novelty Items,7,34.0,238.0,credit_card,Africa
714,25440fe0-6e41-4d47-9ff5-95ea5bc440f1,2026-06-20 06:52:44,Air Cushion Machine,Packaging,4,1850.0,7400.0,credit_card,Middle East
715,533420e6-d9d8-4b8d-be8a-dee70758e201,2026-08-30 23:44:06,USB Food Flash Drive - Chocolate,Novelty Items,9,12.0,108.0,paypal,Europe
716,6f3f920c-98b8-44cc-9bc0-44fc09cb3942,2025-11-23 01:15:06,Air Cushion Machine,Packaging,8,1850.0,14800.0,paypal,Africa
717,83d5bceb-5edb-48ee-82ba-f0e02179e3f0,2026-07-12 04:15:20,Superhero Mask (Red),Costumes,8,11.25,90.0,paypal,Middle East
718,59e1ac09-5970-4859-86b6-e4ade7ea8d5a,2026-09-20 04:42:15,Clear Ethernet Cable 2m,Electronics,10,9.99,99.9,cash,North America
719,82701238-9b5f-4f39-848b-34f034981735,2026-01-30 06:51:58,Developer Flashing Fish Hat,Novelty Items,6,18.75,112.5,bank_transfer,Middle East
720,eadc9960-4242-41e2-960b-e0f495132c22,2026-04-20 14:23:02,Ride On Dinosaur Costume,Costumes,5,145.0,725.0,cash,Middle East
721,e8cda0cc-76da-4ca0-92e8-2f38a2a9d4d8,2026-02-02 18:24:06,USB Food Flash Drive - Chocolate,Novelty Items,3,12.0,36.0,credit_card,South America
722,bb2488a3-d363-47b6-af81-cf4f7701f7bb,2026-06-21 15:33:07,Alien Egg Fidget Ball,Novelty Items,2,6.25,12.5,paypal,Africa
723,862268d1-6683-4107-96c0-44d06f887f28,2026-03-13 06:09:27,Ride On Dinosaur Costume,Costumes,9,145.0,1305.0,bank_transfer,Middle East
724,6de59332-9364-43d0-9024-bdc6dcb33df3,2026-02-09 07:54:17,Ride On Dinosaur Costume,Costumes,10,145.0,1450.0,bank_transfer,South America
725,b3eda8f1-026b-4383-a301-ec030e5d8c6a,2026-03-10 22:18:11,Ergonomic Keyboard,Electronics,9,65.0,585.0,debit_card,Middle East
726,3cb98350-1b4d-40fe-bbb3-8605da743152,2026-07-03 10:06:47,Ride On Dinosaur Costume,Costumes,8,145.0,1160.0,debit_card,South America
727,8f0d5540-0ec7-4662-905c-7bdd74f0beae,2026-01-28 11:21:57,Developer Flashing Fish Hat,Novelty Items,8,18.75,150.0,credit_card,Europe
728,2d06e8cf-3805-4907-acd6-6193c7468f59,2026-05-08 23:09:30,Novelty Chilli Chocolates 250g,Confectionery,8,8.5,68.0,debit_card,Asia Pacific
729,69a53b4f-8ff8-469d-8ec0-713dea2c7a51,2025-11-24 02:04:04,Packaging Tape Dispenser,Packaging,9,22.5,202.5,bank_transfer,Asia Pacific
730,da003f16-b946-4bcf-8082-cbb948bddb3e,2025-12-19 03:44:20,Giant Chocolate Snake 1.2m,Confectionery,8,45.0,360.0,bank_transfer,Asia Pacific
731,8685abaa-7a76-4555-a987-b218ff84faef,2026-03-17 22:30:12,Ride On Dinosaur Costume,Costumes,2,145.0,290.0,credit_card,South America
732,1723199d-bf2c-44a0-ba3c-8a71ff574e2b,2026-06-20 21:15:04,Alien Egg Fidget Ball,Novelty Items,1,6.25,6.25,debit_card,Middle East
733,7374ccbf-d78c-47d3-9088-50d32fe5b140,2026-10-05 20:29:03,Alien Egg Fidget Ball,Novelty Items,3,6.25,18.75,bank_transfer,Middle East
734,83f82f16-e4a4-474c-9b33-e3a42620f9a9,2026-03-01 21:32:59,50mm Double Sided Tape,Packaging,8,5.75,46.0,cash,North America
735,def57689-68f4-4bce-a4e7-5e8eb8f21423,2026-06-25 16:43:13,Magic Flashing Fruit Bowl,Novelty Items,2,34.0,68.0,cash,Europe
736,a5e15b55-57d3-44dd-9963-dc7205c8234b,2026-07-23 04:46:45,Packaging Tape Dispenser,Packaging,1,22.5,22.5,bank_transfer,Middle East
737,ccc56569-f9e8-4369-a999-b735dd56cc94,2026-09-21 06:25:02,Air Cushion Machine,Packaging,7,1850.0,12950.0,debit_card,Europe
738,41843b03-04dd-4054-9448-23f7e7e646c7,2025-12-12 05:42:43,Superhero Mask (Red),Costumes,1,11.25,11.25,paypal,Europe
739,d9e604b3-8412-4335-988c-656db61e5fdb,2026-06-01 16:40:28,Superhero Mask (Red),Costumes,2,11.25,22.5,credit_card,South America
740,143a9aff-659b-4105-8b80-f288446f64dd,2026-05-14 16:06:18,Air Cushion Machine,Packaging,10,1850.0,18500.0,paypal,Africa
741,3f4df561-f319-4125-87f1-94f9c1156d6d,2026-01-30 12:42:57,Magic Flashing Fruit Bowl,Novelty Items,7,34.0,238.0,cash,South America
742,88d00abd-cbb1-4c79-9036-708dd9a09007,2026-03-12 08:33:16,Furry Gloves (Black) S,Clothing,4,15.5,62.0,debit_card,North America
743,93e34c35-ef0a-473d-93d2-d56dd0401587,2026-05-06 10:48:16,Magic Flashing Fruit Bowl,Novelty Items,6,34.0,204.0,paypal,Middle East
744,30974b2b-46a0-4a9b-a5ec-7acd0f8035f5,2026-08-25 10:32:29,Packaging Tape Dispenser,Packaging,3,22.5,67.5,paypal,Europe
745,b45c9a54-5fa3-4531-9291-6e60f5e72daf,2025-10-05 19:26:36,Magic Flashing Fruit Bowl,Novelty Items,5,34.0,170.0,cash,Africa
746,c521bf2d-dc45-4539-803f-3538e4855aa1,2026-01-31 15:58:46,Superhero Mask (Red),Costumes,2,11.25,22.5,bank_transfer,North America
747,24e9bcfd-9647-4f9f-b508-507af622d842,2026-01-25 01:53:21,Alien Egg Fidget Ball,Novelty Items,3,6.25,18.75,debit_card,South America
748,ae13591e-84fa-4c72-b9e7-a4f197fb613a,2025-12-26 06:42:15,Ride On Dinosaur Costume,Costumes,6,145.0,870.0,debit_card,Africa
749,a33dc7af-d701-410d-bf4b-1a70c074718e,2026-03-21 14:30:27,Clear Ethernet Cable 2m,Electronics,8,9.99,79.92,cash,Africa
750,0e0630cd-996d-4c50-bc04-a168652ffb49,2026-08-06 19:27:46,Alien Egg Fidget Ball,Novelty Items,7,6.25,43.75,bank_transfer,North America
751,fa34d2e8-dd3f-4d7e-a508-dc9513a4a492,2026-05-18 21:30:34,Giant Chocolate Snake 1.2m,Confectionery,2,45.0,90.0,cash,Africa
752,a1c7cc8a-0435-4b64-893a-d23298c3e3ca,2026-05-29 06:09:19,Alien Egg Fidget Ball,Novelty Items,6,6.25,37.5,bank_transfer,Europe
753,45a08539-6de8-470a-8e9e-9ebd55c34853,2026-06-16 21:57:30,Magic Flashing Fruit Bowl,Novelty Items,1,34.0,34.0,credit_card,Africa
754,51045a16-ef15-4b72-9c70-ee97fca45567,2026-02-07 19:14:24,Ergonomic Keyboard,Electronics,6,65.0,390.0,credit_card,Middle East
755,62ccc604-0c53-444b-8053-f649b86d066b,2026-04-04 05:39:49,Clear Ethernet Cable 2m,Electronics,4,9.99,39.96,bank_transfer,South America
756,a5135ea0-fa53-434d-a6d5-901d8b621d41,2026-03-26 05:24:13,Ergonomic Keyboard,Electronics,5,65.0,325.0,paypal,Europe
757,3eae0032-0bd4-4990-8640-be0f25b8fd4b,2026-03-26 08:53:15,Packaging Tape Dispenser,Packaging,10,22.5,225.0,cash,Asia Pacific
758,f8f9a45d-0f55-4896-b610-396b7df59abf,2026-06-25 00:57:43,Furry Gloves (Black) S,Clothing,6,15.5,93.0,credit_card,North America
759,35a240ae-5af3-4553-9ec4-2e0829a3b2e9,2025-12-27 15:30:04,USB Food Flash Drive - Chocolate,Novelty Items,8,12.0,96.0,credit_card,South America
760,3eb13b90-4668-4257-bdd6-40fb06671ad1,2026-04-22 04:08:48,Ergonomic Keyboard,Electronics,8,65.0,520.0,bank_transfer,South America
761,e0827f76-11a5-49b4-a6a3-02d6f43e8c48,2026-04-07 10:04:28,50mm Double Sided Tape,Packaging,3,5.75,17.25,paypal,South America
762,295d6fbf-430f-401d-bad4-09e2a319dcb4,2026-08-09 21:48:35,Superhero Mask (Red),Costumes,5,11.25,56.25,paypal,Europe
763,52555c75-8d55-419e-bd44-cb2cea45ba41,2026-09-20 15:16:25,USB Food Flash Drive - Chocolate,Novelty Items,6,12.0,72.0,debit_card,North America
764,7bf69552-4cbc-4044-abcd-5ce746a56fe8,2026-08-10 19:08:53,Clear Ethernet Cable 2m,Electronics,5,9.99,49.95,debit_card,Asia Pacific
765,639fc471-d975-4f00-95ab-a8ae9112fbc0,2026-07-18 11:19:03,Giant Chocolate Snake 1.2m,Confectionery,2,45.0,90.0,credit_card,North America
766,21813d25-6552-48a6-83ff-50113d1a85dd,2025-12-10 13:17:53,Air Cushion Machine,Packaging,8,1850.0,14800.0,debit_card,Middle East
767,a175a9c3-d7b1-42a9-a332-a50e6992896e,2026-06-18 12:35:37,Air Cushion Machine,Packaging,9,1850.0,16650.0,bank_transfer,North America
768,216e9fe5-93f3-4596-8c1c-8b0556771f36,2025-11-07 14:00:41,Novelty Chilli Chocolates 250g,Confectionery,6,8.5,51.0,credit_card,Asia Pacific
769,d284f54e-febe-40db-9a3a-61036e3c4532,2026-01-23 20:44:26,50mm Double Sided Tape,Packaging,3,5.75,17.25,credit_card,South America
770,d0c30018-6e3c-4d4f-95b1-45e470b27304,2026-04-23 20:01:14,Clear Ethernet Cable 2m,Electronics,2,9.99,19.98,credit_card,North America
771,8409c5ea-cde9-48b3-b922-a7e42de982f8,2026-06-20 11:13:33,Developer Flashing Fish Hat,Novelty Items,6,18.75,112.5,paypal,South America
772,c11f6bf5-379e-4467-8a2d-b2e63bfda8a6,2026-06-08 11:05:45,Clear Ethernet Cable 2m,Electronics,3,9.99,29.97,debit_card,North America
773,18c26797-6142-4a7d-97be-31111a2a73ed,2026-06-03 03:35:19,Packaging Tape Dispenser,Packaging,10,22.5,225.0,cash,Africa
774,112fa612-7969-4ed2-ac48-bf55afd380c4,2026-02-12 19:50:26,Ride On Dinosaur Costume,Costumes,8,145.0,1160.0,debit_card,Africa
775,329fc417-1081-4d45-bf45-f8a20594b24f,2025-11-10 22:05:29,50mm Double Sided Tape,Packaging,3,5.75,17.25,bank_transfer,Middle East
776,c362a810-a261-4b8d-9620-bee66406face,2026-08-19 11:55:09,Giant Chocolate Snake 1.2m,Confectionery,8,45.0,360.0,debit_card,North America
777,722764e6-8c41-461b-a827-a1b9d4a02e53,2026-07-24 08:46:28,RC Mini Monster Truck,Toys,2,28.0,56.0,credit_card,Middle East
778,112fa612-7969-4ed2-ac48-bf55afd380c4,2026-01-04 20:47:37,50mm Double Sided Tape,Packaging,7,5.75,40.25,bank_transfer,Europe
779,8d03c91e-4f8d-4238-a88b-78b5b5b453ca,2026-06-23 22:34:11,Furry Gloves (Black) S,Clothing,3,15.5,46.5,paypal,Africa
780,79928faa-4cbf-431d-901b-cdefb56ff8ce,2026-02-03 04:58:43,USB Food Flash Drive - Chocolate,Novelty Items,4,12.0,48.0,cash,Middle East
781,8beddb12-ad77-482f-89a2-3a89e6b5a92c,2025-12-31 21:27:44,50mm Double Sided Tape,Packaging,10,5.75,57.5,credit_card,Africa
782,7daa39f0-c0b6-4ce2-9e53-790aa34b6cf6,2026-08-14 21:22:14,RC Mini Monster Truck,Toys,5,28.0,140.0,cash,Middle East
783,a85894df-3f8c-4097-84da-2c2e1bffa279,2025-12-21 23:41:06,Packaging Tape Dispenser,Packaging,4,22.5,90.0,bank_transfer,Europe
784,6a66c184-7de1-4f5d-af48-47f068bd075b,2025-12-01 21:05:53,Giant Chocolate Snake 1.2m,Confectionery,1,45.0,45.0,debit_card,Asia Pacific
785,6778043b-c5c5-437a-b85e-06a11dad09b2,2025-10-15 03:19:15,Clear Ethernet Cable 2m,Electronics,2,9.99,19.98,bank_transfer,Africa
786,83d5bceb-5edb-48ee-82ba-f0e02179e3f0,2025-10-23 14:24:10,Magic Flashing Fruit Bowl,Novelty Items,2,34.0,68.0,credit_card,Europe
787,935f2b0a-a138-4ddc-a2d9-de5d6a18ce4c,2026-01-08 17:45:27,RC Mini Monster Truck,Toys,6,28.0,168.0,bank_transfer,Middle East
788,9a3b0319-32f5-4510-a4ee-b4a6c14565c7,2026-04-08 04:15:05,Clear Ethernet Cable 2m,Electronics,6,9.99,59.94,debit_card,Asia Pacific
789,a5e5a5ab-aefc-4ad8-afc8-9849b3aa7efe,2026-05-31 01:08:45,Furry Gloves (Black) S,Clothing,2,15.5,31.0,cash,North America
790,fd72b050-96a9-454f-9c33-e1f94c1f55ab,2026-08-31 15:47:20,Novelty Chilli Chocolates 250g,Confectionery,5,8.5,42.5,credit_card,North America
791,68d0a2a8-c4e7-47dd-a929-de738693fd9d,2026-07-31 02:29:58,Furry Gloves (Black) S,Clothing,7,15.5,108.5,paypal,Africa
792,0123a348-638a-4df6-adf7-2cd3979aa051,2025-11-02 22:28:04,50mm Double Sided Tape,Packaging,9,5.75,51.75,bank_transfer,Asia Pacific
793,48f4ef12-5e99-43d2-be89-6c64e117dac3,2026-03-31 12:26:45,50mm Double Sided Tape,Packaging,7,5.75,40.25,cash,Middle East
794,0e5dd462-cbd0-4ef2-930a-37df0bc61066,2026-03-15 14:31:47,Magic Flashing Fruit Bowl,Novelty Items,3,34.0,102.0,credit_card,Europe
795,7603c36c-f139-4e3c-8aee-25571f5df912,2026-09-14 19:03:15,USB Food Flash Drive - Chocolate,Novelty Items,9,12.0,108.0,debit_card,South America
796,87d5b7be-1d30-4990-a21b-030782af085c,2026-06-07 05:29:54,Packaging Tape Dispenser,Packaging,6,22.5,135.0,cash,Africa
797,78b2b549-3bdb-409e-acc2-16a01bbc91f7,2026-05-17 05:18:05,Furry Gloves (Black) S,Clothing,2,15.5,31.0,bank_transfer,Africa
798,894a05e4-30b1-47ef-b10c-0c003fa7f104,2025-12-20 03:55:38,Superhero Mask (Red),Costumes,4,11.25,45.0,debit_card,North America
799,30a900ad-939b-462d-a645-f129629c2ae3,2026-07-11 15:07:44,RC Mini Monster Truck,Toys,7,28.0,196.0,bank_transfer,Middle East
800,a377f6f1-d289-40ab-a18a-e30595a5bafa,2026-07-03 02:09:06,Magic Flashing Fruit Bowl,Novelty Items,1,34.0,34.0,debit_card,North America
801,24e9bcfd-9647-4f9f-b508-507af622d842,2026-03-03 18:35:54,Novelty Chilli Chocolates 250g,Confectionery,3,8.5,25.5,credit_card,South America
802,67f5ae02-af5b-4f47-8eae-71cfce000af0,2026-04-15 15:35:20,Ergonomic Keyboard,Electronics,6,65.0,390.0,cash,Africa
803,6a07f213-7129-4ec7-9b69-554d7c54535f,2026-03-09 20:41:39,Alien Egg Fidget Ball,Novelty Items,3,6.25,18.75,debit_card,Africa
804,f6ee5cdb-2d79-42d1-906e-50c77aa061e9,2026-01-08 09:45:34,Furry Gloves (Black) S,Clothing,5,15.5,77.5,credit_card,North America
805,b7fddd71-a075-4927-9110-b492f4427e0b,2025-12-01 23:07:27,Developer Flashing Fish Hat,Novelty Items,7,18.75,131.25,cash,North America
806,61ea2f30-e42e-407a-be2b-d9875fdcabbf,2026-06-17 10:33:48,Alien Egg Fidget Ball,Novelty Items,10,6.25,62.5,credit_card,Asia Pacific
807,39e58ff0-92f8-47d4-8750-3f1dc33a1f6c,2026-06-29 16:45:54,Ergonomic Keyboard,Electronics,9,65.0,585.0,credit_card,Asia Pacific
808,2702878b-9f0f-4a8d-8537-9ff6d6d7b3b8,2025-10-07 19:20:28,Superhero Mask (Red),Costumes,10,11.25,112.5,paypal,South America
809,f8f9a45d-0f55-4896-b610-396b7df59abf,2026-09-17 07:51:08,Alien Egg Fidget Ball,Novelty Items,2,6.25,12.5,cash,Africa
810,45b1ed25-f153-4ae8-a70a-cc5cb321bf21,2026-07-24 07:09:21,50mm Double Sided Tape,Packaging,2,5.75,11.5,cash,North America
811,ed7bf656-218a-4536-8c99-a894445dcc38,2026-09-04 19:32:49,Novelty Chilli Chocolates 250g,Confectionery,1,8.5,8.5,credit_card,Asia Pacific
812,e7b33085-178b-4968-a0f8-7ba2cf2e3296,2026-07-31 17:00:37,Developer Flashing Fish Hat,Novelty Items,7,18.75,131.25,debit_card,South America
813,79928faa-4cbf-431d-901b-cdefb56ff8ce,2026-09-14 12:47:37,RC Mini Monster Truck,Toys,1,28.0,28.0,bank_transfer,South America
814,a9e27ba9-952e-4abb-94dd-5061555736f8,2025-11-16 01:07:31,Developer Flashing Fish Hat,Novelty Items,4,18.75,75.0,paypal,Europe
815,ad371d9e-92cf-4021-9f33-242d49ac9087,2026-08-03 23:03:49,Superhero Mask (Red),Costumes,2,11.25,22.5,paypal,North America
816,7d7ddbed-d284-476c-ab88-f83dd97dc9cd,2026-03-19 18:18:34,Packaging Tape Dispenser,Packaging,1,22.5,22.5,debit_card,Middle East
817,37bb3eec-4bf5-4b52-b09d-258c27a0c3d7,2025-12-29 15:24:25,Novelty Chilli Chocolates 250g,Confectionery,7,8.5,59.5,bank_transfer,Europe
818,11906f50-3488-4a46-9088-2eafc9776598,2025-12-12 23:02:32,Furry Gloves (Black) S,Clothing,5,15.5,77.5,credit_card,Middle East
819,c6deb2f0-530a-41c7-b8ba-83684fc77768,2026-08-13 22:30:24,Ergonomic Keyboard,Electronics,1,65.0,65.0,debit_card,Europe
820,d4cee27c-4a94-4e9f-8c35-1e4f703e957f,2026-07-02 22:01:39,Magic Flashing Fruit Bowl,Novelty Items,5,34.0,170.0,cash,South America
821,48d90846-55c5-41fc-bba5-7cc8edaf3766,2026-04-24 19:22:33,Ergonomic Keyboard,Electronics,6,65.0,390.0,bank_transfer,South America
822,a5e15b55-57d3-44dd-9963-dc7205c8234b,2026-04-04 01:34:42,50mm Double Sided Tape,Packaging,9,5.75,51.75,debit_card,South America
823,3f22faf8-23be-401d-83cf-2fde24933b83,2025-10-25 03:43:44,Novelty Chilli Chocolates 250g,Confectionery,7,8.5,59.5,debit_card,Middle East
824,962c04dd-25d0-4461-859c-15740f3f0f48,2026-05-10 03:03:29,Developer Flashing Fish Hat,Novelty Items,1,18.75,18.75,paypal,North America
825,873dc8bd-122d-47be-980b-c81ea3595d1f,2026-01-10 10:21:21,Furry Gloves (Black) S,Clothing,7,15.5,108.5,paypal,North America
826,7ed70ed7-b194-490b-a961-929e546e035a,2026-09-26 23:06:00,Air Cushion Machine,Packaging,9,1850.0,16650.0,bank_transfer,Asia Pacific
827,a921cb4c-95fb-4976-ae00-7b7e2f8c83e5,2026-08-31 02:43:39,Novelty Chilli Chocolates 250g,Confectionery,3,8.5,25.5,paypal,North America
828,15bc2a3e-bf76-45d7-b97c-6c3c755d814b,2025-11-21 18:48:13,Novelty Chilli Chocolates 250g,Confectionery,4,8.5,34.0,cash,Asia Pacific
829,8b48f496-86ab-44e7-b412-436011536e99,2026-03-31 22:11:32,50mm Double Sided Tape,Packaging,6,5.75,34.5,credit_card,Middle East
830,7e8f8095-624c-49b6-b244-45a7b7e58481,2025-11-26 10:28:12,USB Food Flash Drive - Chocolate,Novelty Items,9,12.0,108.0,bank_transfer,North America
831,8a63f881-ffd0-49d5-a6f2-f7b80cf35b58,2026-08-12 21:24:13,Magic Flashing Fruit Bowl,Novelty Items,10,34.0,340.0,bank_transfer,Africa
832,dd750e98-90e0-495f-8212-b554464458b4,2026-04-04 02:26:54,Ride On Dinosaur Costume,Costumes,4,145.0,580.0,paypal,Europe
833,508211a5-d9b5-4f84-adc3-a1c32dea2d2d,2026-06-21 21:56:06,RC Mini Monster Truck,Toys,7,28.0,196.0,paypal,Europe
834,7135f221-a6c9-437f-84da-d06a7872bdeb,2026-04-29 22:10:03,Ergonomic Keyboard,Electronics,5,65.0,325.0,credit_card,South America
835,3170f437-a8f7-4f5a-860e-df5b39118497,2026-05-10 17:13:15,Ride On Dinosaur Costume,Costumes,10,145.0,1450.0,debit_card,North America
836,b74eba93-1027-4b53-a285-b2efcfbe4fe9,2026-05-24 21:40:39,Ride On Dinosaur Costume,Costumes,8,145.0,1160.0,paypal,Asia Pacific
837,39681c81-7b70-43b8-a81f-dec3279c658a,2026-02-05 21:05:27,USB Food Flash Drive - Chocolate,Novelty Items,9,12.0,108.0,debit_card,Asia Pacific
838,2051acef-097a-4e10-b6fe-bc0e7ecddbaf,2026-07-25 23:06:00,Alien Egg Fidget Ball,Novelty Items,8,6.25,50.0,credit_card,North America
839,b4258e19-1758-447e-a7cd-e1436de21429,2026-09-16 20:21:05,Ride On Dinosaur Costume,Costumes,5,145.0,725.0,cash,North America
840,6a702e2f-7746-40ba-8ae8-905b54b4a482,2026-03-26 12:44:34,Air Cushion Machine,Packaging,6,1850.0,11100.0,credit_card,Africa
841,c2874f06-9050-47ef-8123-5c9176c5a0dc,2026-05-31 13:59:35,Air Cushion Machine,Packaging,6,1850.0,11100.0,cash,North America
842,de9e3757-5260-401e-aecf-67d2749176f4,2026-08-18 04:04:15,Giant Chocolate Snake 1.2m,Confectionery,5,45.0,225.0,debit_card,North America
843,f791f1e5-43f9-4d6b-b97e-be8798cf1188,2026-07-11 23:46:44,Clear Ethernet Cable 2m,Electronics,8,9.99,79.92,cash,South America
844,ccc56569-f9e8-4369-a999-b735dd56cc94,2026-09-17 01:53:29,USB Food Flash Drive - Chocolate,Novelty Items,8,12.0,96.0,debit_card,North America
845,b1ac040d-6c1c-4405-9c3f-42e0fcf7b842,2026-04-19 16:31:59,Novelty Chilli Chocolates 250g,Confectionery,1,8.5,8.5,debit_card,South America
846,1d2324e6-8329-40b7-8143-f426372f871a,2026-03-20 09:10:18,Air Cushion Machine,Packaging,7,1850.0,12950.0,credit_card,Middle East
847,a50a13dc-f004-4897-a15b-2e18afb06406,2026-08-24 05:07:31,Magic Flashing Fruit Bowl,Novelty Items,5,34.0,170.0,credit_card,North America
848,131eb723-3bcd-4203-859e-e67473e7f042,2026-09-22 20:09:30,USB Food Flash Drive - Chocolate,Novelty Items,4,12.0,48.0,bank_transfer,South America
849,2c8d0e44-e71e-43a6-bf85-bf0ead64b56c,2026-05-06 10:11:47,USB Food Flash Drive - Chocolate,Novelty Items,6,12.0,72.0,credit_card,Asia Pacific
850,e886a011-36f7-426c-9a9c-06792c3d17e2,2026-03-27 19:52:32,Novelty Chilli Chocolates 250g,Confectionery,3,8.5,25.5,cash,Asia Pacific
851,b69f68c3-e60f-4420-ac33-350c73b911d8,2026-09-19 02:14:43,Superhero Mask (Red),Costumes,7,11.25,78.75,credit_card,Asia Pacific
852,f54ad0a2-e874-46d7-ad66-a1bd93676a02,2025-12-06 11:07:08,Giant Chocolate Snake 1.2m,Confectionery,7,45.0,315.0,paypal,South America
853,1723199d-bf2c-44a0-ba3c-8a71ff574e2b,2026-07-21 11:01:50,RC Mini Monster Truck,Toys,3,28.0,84.0,paypal,Asia Pacific
854,2dbc2134-c30f-446e-8026-695ff8cda88b,2026-09-05 05:22:27,RC Mini Monster Truck,Toys,3,28.0,84.0,cash,Middle East
855,8e4c3ab5-6d5d-4477-adc2-9178a0411612,2026-04-07 23:56:46,Magic Flashing Fruit Bowl,Novelty Items,4,34.0,136.0,paypal,Asia Pacific
856,1a43db54-523a-4993-8b34-46bc8ba435cc,2026-03-29 10:36:50,Clear Ethernet Cable 2m,Electronics,9,9.99,89.91,credit_card,North America
857,eadf5085-3fcb-4546-8eb2-25790cdb1ca4,2026-01-14 07:30:00,Alien Egg Fidget Ball,Novelty Items,7,6.25,43.75,bank_transfer,South America
858,a5d04d53-1e12-42e3-b272-92b6762172ed,2026-07-24 14:43:38,Giant Chocolate Snake 1.2m,Confectionery,9,45.0,405.0,cash,North America
859,4e76833a-4baf-4f5e-a932-009453f28f11,2026-01-09 16:06:03,Clear Ethernet Cable 2m,Electronics,6,9.99,59.94,cash,Asia Pacific
860,5c63b6f3-06ba-4cd3-be78-38c9ca55e38b,2026-08-27 19:44:57,Developer Flashing Fish Hat,Novelty Items,10,18.75,187.5,paypal,Asia Pacific
861,ff5e9ff0-ff50-4de4-b825-67b85cabcc97,2026-06-10 07:05:42,Alien Egg Fidget Ball,Novelty Items,3,6.25,18.75,paypal,Middle East
862,69be173a-850e-40ad-9872-f72ee5b4a1ae,2026-01-21 08:23:19,Air Cushion Machine,Packaging,1,1850.0,1850.0,paypal,North America
863,18c8a616-2410-4e9a-bf77-9cae7318b96d,2026-07-30 01:33:38,Furry Gloves (Black) S,Clothing,8,15.5,124.0,paypal,Middle East
864,c7b5b2bc-5a8a-4eca-9a50-aec3aabc25fa,2026-08-03 16:06:52,Air Cushion Machine,Packaging,3,1850.0,5550.0,debit_card,Africa
865,7f8e5483-28ca-4a1d-835b-ec2c3098f7b2,2026-04-26 02:31:34,Air Cushion Machine,Packaging,5,1850.0,9250.0,credit_card,South America
866,5a856750-692a-4139-9f4a-8ca1ab85fd59,2026-04-11 20:25:52,Magic Flashing Fruit Bowl,Novelty Items,7,34.0,238.0,debit_card,South America
867,278ed00d-ba02-46ef-be05-5787965befdf,2026-06-06 01:22:42,Air Cushion Machine,Packaging,10,1850.0,18500.0,paypal,Middle East
868,002ccb25-7a5d-4c82-86c5-547c051a0039,2026-01-06 13:35:34,Novelty Chilli Chocolates 250g,Confectionery,6,8.5,51.0,cash,Middle East
869,ce7334f2-3393-4b6c-9d37-efb6eafb3e90,2026-01-20 07:05:36,Ride On Dinosaur Costume,Costumes,10,145.0,1450.0,debit_card,Asia Pacific
870,4d3485c5-c5c1-4eb4-b27b-3d901a16342c,2026-03-25 11:34:10,Packaging Tape Dispenser,Packaging,5,22.5,112.5,bank_transfer,North America
871,c19ad58c-c35b-4c8c-8a4c-9f7f9384ec2b,2025-11-04 17:51:24,USB Food Flash Drive - Chocolate,Novelty Items,1,12.0,12.0,cash,South America
872,d284f54e-febe-40db-9a3a-61036e3c4532,2026-07-09 18:22:47,Novelty Chilli Chocolates 250g,Confectionery,9,8.5,76.5,credit_card,Europe
873,31b1b099-d527-41e7-99bc-143efb02bebb,2026-01-24 14:50:20,RC Mini Monster Truck,Toys,10,28.0,280.0,debit_card,Europe
874,eadc9960-4242-41e2-960b-e0f495132c22,2026-01-04 17:17:53,50mm Double Sided Tape,Packaging,3,5.75,17.25,paypal,North America
875,88ffbd40-3b72-486d-92fa-675fa6fd0cb1,2026-01-19 04:13:41,Novelty Chilli Chocolates 250g,Confectionery,3,8.5,25.5,debit_card,North America
876,bade8d5d-6fff-45cc-b2dc-6c344f67448e,2026-02-13 01:59:08,Superhero Mask (Red),Costumes,9,11.25,101.25,paypal,North America
877,88ffbd40-3b72-486d-92fa-675fa6fd0cb1,2026-02-06 19:34:07,Developer Flashing Fish Hat,Novelty Items,7,18.75,131.25,credit_card,Europe
878,2d06e8cf-3805-4907-acd6-6193c7468f59,2026-09-17 11:16:23,Alien Egg Fidget Ball,Novelty Items,6,6.25,37.5,debit_card,Africa
879,b2414482-5198-44d8-8643-3603c92a7d7c,2026-05-03 10:14:36,Clear Ethernet Cable 2m,Electronics,8,9.99,79.92,paypal,South America
880,b3eda8f1-026b-4383-a301-ec030e5d8c6a,2025-11-05 22:41:52,50mm Double Sided Tape,Packaging,9,5.75,51.75,cash,Europe
881,d3293724-6dfd-471a-b7d7-465d37c3b3c9,2025-11-28 09:23:58,Air Cushion Machine,Packaging,10,1850.0,18500.0,debit_card,Asia Pacific
882,83f4a9a9-48a6-49d0-95b5-2908a8aa7158,2025-12-03 05:30:12,Alien Egg Fidget Ball,Novelty Items,5,6.25,31.25,debit_card,Africa
883,87d5b7be-1d30-4990-a21b-030782af085c,2026-01-03 11:10:22,Novelty Chilli Chocolates 250g,Confectionery,10,8.5,85.0,cash,North America
884,278ed00d-ba02-46ef-be05-5787965befdf,2026-03-03 09:48:26,Ride On Dinosaur Costume,Costumes,10,145.0,1450.0,cash,South America
885,cd5f4822-6966-48aa-ae49-f329c84a7b28,2026-07-02 03:44:26,Giant Chocolate Snake 1.2m,Confectionery,10,45.0,450.0,bank_transfer,South America
886,7ed70ed7-b194-490b-a961-929e546e035a,2025-12-03 23:54:28,Developer Flashing Fish Hat,Novelty Items,2,18.75,37.5,paypal,Europe
887,e8cee951-b047-4ea4-bee5-ce6933cb202e,2026-07-06 23:57:48,Ride On Dinosaur Costume,Costumes,2,145.0,290.0,paypal,Asia Pacific
888,7de31a51-6694-4343-90ba-58e3d2762bdc,2025-12-27 17:50:42,Novelty Chilli Chocolates 250g,Confectionery,5,8.5,42.5,debit_card,Africa
889,b9de7a3a-4868-42b9-80a8-1de9d20f87d0,2025-10-30 14:18:57,USB Food Flash Drive - Chocolate,Novelty Items,6,12.0,72.0,credit_card,Africa
890,75c8e90d-9e3d-450d-b296-d9f0cd2372c2,2026-03-15 18:30:31,Novelty Chilli Chocolates 250g,Confectionery,1,8.5,8.5,bank_transfer,Africa
891,74ed5145-8d97-45c7-961d-5c8753c9fe59,2026-03-12 22:45:40,Clear Ethernet Cable 2m,Electronics,3,9.99,29.97,bank_transfer,Asia Pacific
892,112fa612-7969-4ed2-ac48-bf55afd380c4,2026-02-11 03:41:52,RC Mini Monster Truck,Toys,7,28.0,196.0,cash,Asia Pacific
893,929d6377-1cfb-455f-82c4-2e488cbadae5,2026-05-04 09:09:43,USB Food Flash Drive - Chocolate,Novelty Items,8,12.0,96.0,cash,Africa
894,78660765-14f7-4e8d-95bc-b8d04094dded,2026-04-04 14:23:20,Furry Gloves (Black) S,Clothing,4,15.5,62.0,bank_transfer,North America
895,9ef2b93e-30ac-4d7b-a2f9-63a33810ae66,2026-03-16 02:57:23,Furry Gloves (Black) S,Clothing,1,15.5,15.5,credit_card,Europe
896,e3e9de99-f10c-418b-9eb0-e38a675dd5af,2025-10-29 20:01:05,Alien Egg Fidget Ball,Novelty Items,2,6.25,12.5,paypal,South America
897,56666f9f-53ac-4ab9-b467-2cd9362f5e5c,2025-12-24 23:29:45,RC Mini Monster Truck,Toys,7,28.0,196.0,credit_card,Middle East
898,ddf275eb-e8a3-4341-8881-9065ba2c98ce,2026-08-25 02:46:05,RC Mini Monster Truck,Toys,2,28.0,56.0,cash,Middle East
899,23d3cd4c-bd5f-4093-816f-9bcc6243bed7,2026-03-17 19:40:52,RC Mini Monster Truck,Toys,8,28.0,224.0,credit_card,Asia Pacific
900,ea87855e-a382-45d3-9e0e-f546b0b6dedf,2026-03-05 21:50:48,Giant Chocolate Snake 1.2m,Confectionery,3,45.0,135.0,bank_transfer,South America
901,2cabd7e7-cc6b-46e5-802a-df9c8a4b8f7c,2026-09-22 01:21:56,Novelty Chilli Chocolates 250g,Confectionery,2,8.5,17.0,debit_card,South America
902,e7bbaefc-8f3d-497f-a6b0-da0ab98f5dbe,2026-07-31 14:40:34,Clear Ethernet Cable 2m,Electronics,9,9.99,89.91,cash,Europe
903,088a93ec-70d9-49f8-89e2-60744f1639a0,2026-05-20 11:40:27,Giant Chocolate Snake 1.2m,Confectionery,5,45.0,225.0,debit_card,North America
904,ad371d9e-92cf-4021-9f33-242d49ac9087,2026-07-02 18:24:13,Novelty Chilli Chocolates 250g,Confectionery,7,8.5,59.5,cash,Asia Pacific
905,c4767556-f97b-42dd-8f9b-72aed85c16bd,2025-10-13 05:42:38,Ride On Dinosaur Costume,Costumes,1,145.0,145.0,credit_card,Asia Pacific
906,40198303-5c45-4e4d-a793-13b817e52113,2026-09-03 08:58:51,USB Food Flash Drive - Chocolate,Novelty Items,5,12.0,60.0,cash,Asia Pacific
907,ff5e9ff0-ff50-4de4-b825-67b85cabcc97,2026-09-12 15:58:29,Air Cushion Machine,Packaging,2,1850.0,3700.0,debit_card,South America
908,e1805081-5958-4499-aeea-163e21e8ac68,2026-07-29 23:31:06,Giant Chocolate Snake 1.2m,Confectionery,5,45.0,225.0,bank_transfer,North America
909,c7e53bbb-dcb5-4c53-9b62-a8df493e904d,2026-05-17 05:28:57,Alien Egg Fidget Ball,Novelty Items,7,6.25,43.75,bank_transfer,Africa
910,4a0d2b73-fe54-4e4b-80ff-517323dfecd7,2026-03-02 09:04:04,Alien Egg Fidget Ball,Novelty Items,2,6.25,12.5,cash,Asia Pacific
911,9055a36f-4aa5-49d3-b35f-2f595e717fca,2026-04-08 21:25:59,Ride On Dinosaur Costume,Costumes,6,145.0,870.0,bank_transfer,Europe
912,8a0f4efb-edcd-465e-b638-6821f6e07cc0,2025-10-07 22:36:54,Ride On Dinosaur Costume,Costumes,8,145.0,1160.0,paypal,Asia Pacific
913,4ebfa5c3-cae9-44a7-aa79-ea680f44704f,2026-02-19 06:17:21,Ergonomic Keyboard,Electronics,5,65.0,325.0,paypal,Middle East
914,768b4f7e-6421-4e66-9fc6-4cd0721e8b1f,2026-01-29 14:55:52,Novelty Chilli Chocolates 250g,Confectionery,3,8.5,25.5,credit_card,North America
915,73b5bad5-600b-4b35-aa0a-a7d5a0b85755,2026-07-25 06:33:24,Giant Chocolate Snake 1.2m,Confectionery,6,45.0,270.0,cash,Asia Pacific
916,b04d3376-77fc-4703-9fd5-a423706c5c56,2026-03-06 02:35:55,Furry Gloves (Black) S,Clothing,10,15.5,155.0,cash,North America
917,c8acffcf-a04d-4d14-997d-bae10bc2ea72,2026-09-02 02:22:16,Superhero Mask (Red),Costumes,7,11.25,78.75,cash,Asia Pacific
918,d1812f77-6500-4423-baeb-cd19e5508ea2,2026-09-16 22:21:40,Packaging Tape Dispenser,Packaging,8,22.5,180.0,debit_card,Asia Pacific
919,a0c14035-c5d9-4f51-b387-e1bd2d5972c6,2026-08-26 05:12:55,Alien Egg Fidget Ball,Novelty Items,2,6.25,12.5,credit_card,Middle East
920,89ecbc51-98cb-4a52-87f5-301988438de2,2026-03-17 09:13:16,Magic Flashing Fruit Bowl,Novelty Items,9,34.0,306.0,cash,Africa
921,6703b636-5380-4904-a88c-7015aab97e49,2026-05-02 16:14:20,Magic Flashing Fruit Bowl,Novelty Items,3,34.0,102.0,bank_transfer,South America
922,73b5bad5-600b-4b35-aa0a-a7d5a0b85755,2026-07-22 23:00:38,Ride On Dinosaur Costume,Costumes,4,145.0,580.0,debit_card,South America
923,c07a30f2-edd4-453b-90f0-fd0a750cab75,2026-07-17 22:56:43,Novelty Chilli Chocolates 250g,Confectionery,7,8.5,59.5,bank_transfer,South America
924,dfdf0e05-c0ce-431b-9038-e153c601818b,2026-05-05 17:58:54,Superhero Mask (Red),Costumes,3,11.25,33.75,cash,Europe
925,8da01097-be0f-451b-9b66-b5a9e3c43657,2026-08-12 06:58:17,Developer Flashing Fish Hat,Novelty Items,2,18.75,37.5,bank_transfer,Middle East
926,a3b5cece-a446-4e72-b64c-911aa9ab364a,2026-05-27 22:22:52,Clear Ethernet Cable 2m,Electronics,9,9.99,89.91,paypal,Middle East
927,49e64c22-89a0-47eb-b98f-569b465cc2cb,2026-09-19 07:52:04,Ergonomic Keyboard,Electronics,1,65.0,65.0,cash,Middle East
928,fbc9f87a-f668-4617-94a1-875d2db69edb,2025-12-30 07:13:45,Packaging Tape Dispenser,Packaging,7,22.5,157.5,bank_transfer,South America
929,ff46a6bf-094d-416d-ab6d-2fedef158d5b,2026-04-13 06:17:17,Ride On Dinosaur Costume,Costumes,10,145.0,1450.0,cash,North America
930,ba370623-bc5f-44dd-992f-3c1edf70fb2a,2025-12-29 20:49:03,RC Mini Monster Truck,Toys,2,28.0,56.0,credit_card,Europe
931,e6e59b32-ac5f-42ef-8085-c1471e910f36,2026-01-19 15:36:04,Superhero Mask (Red),Costumes,9,11.25,101.25,paypal,Asia Pacific
932,a58e83dd-548c-4d84-b40d-e04941476506,2026-03-23 21:56:43,Alien Egg Fidget Ball,Novelty Items,7,6.25,43.75,bank_transfer,Middle East
933,04fc6d82-7d15-4385-92fb-e43b99546eb4,2026-04-12 06:10:16,Magic Flashing Fruit Bowl,Novelty Items,8,34.0,272.0,debit_card,Europe
934,21c71aa3-7414-43b5-8e3e-25f2cf0671c7,2025-10-16 22:11:26,Clear Ethernet Cable 2m,Electronics,3,9.99,29.97,cash,Africa
935,fc3e058b-e0f3-4ab0-9cec-4eb5edd96831,2026-03-05 16:04:17,50mm Double Sided Tape,Packaging,7,5.75,40.25,bank_transfer,Europe
936,a18ff6b6-b535-406e-922c-9a5601d74256,2026-02-13 04:36:50,50mm Double Sided Tape,Packaging,4,5.75,23.0,bank_transfer,Europe
937,c4b032cc-d7c5-44a5-9304-317faf42e12f,2026-06-22 10:00:49,RC Mini Monster Truck,Toys,6,28.0,168.0,paypal,Europe
938,b89f3a92-999a-4d86-99db-13028dab66d3,2026-06-26 09:43:15,Alien Egg Fidget Ball,Novelty Items,5,6.25,31.25,bank_transfer,Africa
939,cc9803de-12de-4e5a-b387-928a29a3db6d,2026-08-11 14:53:07,Giant Chocolate Snake 1.2m,Confectionery,2,45.0,90.0,debit_card,South America
940,ccf4ffb0-b4bb-473f-ac70-51d1d051267f,2026-03-11 16:09:51,Alien Egg Fidget Ball,Novelty Items,8,6.25,50.0,paypal,Europe
941,77242041-1e43-4bd2-aaf4-07f70fe76149,2026-07-13 21:31:09,50mm Double Sided Tape,Packaging,7,5.75,40.25,credit_card,South America
942,73c374a6-dac7-46b6-a786-3fb3f3bc9a71,2025-12-08 17:59:17,Ergonomic Keyboard,Electronics,4,65.0,260.0,bank_transfer,Africa
943,c57c7498-1e38-4711-a2ec-13f4bba1aed9,2026-08-28 01:44:25,Ergonomic Keyboard,Electronics,9,65.0,585.0,paypal,North America
944,63f2ae24-fc3d-4348-808d-4127610461e3,2026-04-05 04:03:05,Packaging Tape Dispenser,Packaging,3,22.5,67.5,paypal,Africa
945,c521bf2d-dc45-4539-803f-3538e4855aa1,2026-09-27 18:24:31,Packaging Tape Dispenser,Packaging,7,22.5,157.5,cash,Middle East
946,72bb912d-7da6-4785-b63b-4dc3a559e463,2025-11-24 05:14:13,Novelty Chilli Chocolates 250g,Confectionery,3,8.5,25.5,debit_card,North America
947,92170475-3d95-4e3f-9a52-26e69d642932,2026-06-04 07:30:53,Air Cushion Machine,Packaging,1,1850.0,1850.0,credit_card,Europe
948,ebc2026f-af34-4f65-a193-c4b23c19e71d,2026-05-01 02:03:10,50mm Double Sided Tape,Packaging,4,5.75,23.0,paypal,Asia Pacific
949,75eb89c2-3f5c-42f3-bacb-43a3d2c7bffb,2025-10-16 03:00:18,Packaging Tape Dispenser,Packaging,7,22.5,157.5,credit_card,Africa
950,1d2324e6-8329-40b7-8143-f426372f871a,2026-09-22 20:50:57,Novelty Chilli Chocolates 250g,Confectionery,4,8.5,34.0,bank_transfer,Middle East
951,f7164b73-c555-43ed-be89-56c8d9cb3540,2026-03-07 16:11:40,Ergonomic Keyboard,Electronics,3,65.0,195.0,bank_transfer,Middle East
952,87d292a6-98ee-4c2b-be9f-ecaa6182f347,2026-05-23 12:30:00,Packaging Tape Dispenser,Packaging,6,22.5,135.0,debit_card,Europe
953,8beddb12-ad77-482f-89a2-3a89e6b5a92c,2026-05-12 20:10:27,50mm Double Sided Tape,Packaging,2,5.75,11.5,credit_card,Asia Pacific
954,431e930f-0387-474d-9149-d096965d744f,2026-06-20 03:15:55,Novelty Chilli Chocolates 250g,Confectionery,3,8.5,25.5,cash,South America
955,8e4c3ab5-6d5d-4477-adc2-9178a0411612,2025-10-16 04:16:08,Superhero Mask (Red),Costumes,4,11.25,45.0,debit_card,Africa
956,24f43c62-b523-40de-9b87-d29c4cfd0fc1,2025-11-07 06:06:24,Air Cushion Machine,Packaging,5,1850.0,9250.0,bank_transfer,Middle East
957,f4dbca07-e506-4670-b092-947dbe4969ec,2026-06-12 06:31:14,Novelty Chilli Chocolates 250g,Confectionery,1,8.5,8.5,debit_card,Africa
958,4aea1b8f-b43c-4e0a-ba9f-c10e52daf681,2026-03-21 02:37:13,Ride On Dinosaur Costume,Costumes,10,145.0,1450.0,credit_card,South America
959,3fead90a-21f8-472d-9db7-570eb390b059,2025-11-27 08:28:14,Alien Egg Fidget Ball,Novelty Items,10,6.25,62.5,paypal,Africa
960,7c7c404e-c422-403e-b29a-6339577bc55a,2026-09-07 07:17:59,50mm Double Sided Tape,Packaging,5,5.75,28.75,bank_transfer,Europe
961,2834e4c0-14c8-43b4-a911-d19243bfd931,2026-04-02 23:00:04,Ergonomic Keyboard,Electronics,5,65.0,325.0,bank_transfer,Europe
962,a61f0b96-e75f-445a-aa1d-3fc65f31273d,2025-12-15 05:29:49,Giant Chocolate Snake 1.2m,Confectionery,9,45.0,405.0,cash,Asia Pacific
963,371ecd7b-27cd-4130-8722-9389571aa876,2025-10-25 04:20:47,Magic Flashing Fruit Bowl,Novelty Items,2,34.0,68.0,cash,Africa
964,6b352f85-504e-4687-b0e7-e75604d9145e,2026-01-14 16:29:32,Superhero Mask (Red),Costumes,6,11.25,67.5,cash,Middle East
965,b8e19f56-8787-4a21-8448-2a220308aa5e,2026-03-01 21:09:49,Alien Egg Fidget Ball,Novelty Items,5,6.25,31.25,credit_card,Asia Pacific
966,4ca9cf07-b1aa-4f6a-aa96-e1e27194eae2,2026-02-09 18:48:27,USB Food Flash Drive - Chocolate,Novelty Items,6,12.0,72.0,paypal,Europe
967,cc3ebdde-5ad5-4f06-b64d-7c877cd0129d,2025-12-26 20:28:35,Alien Egg Fidget Ball,Novelty Items,5,6.25,31.25,debit_card,Middle East
968,3c9d128a-2176-4930-b6d7-0248a995ecc3,2026-03-31 05:45:52,Furry Gloves (Black) S,Clothing,4,15.5,62.0,credit_card,Middle East
969,02571851-26a9-4100-b509-109b116658ce,2026-02-09 14:05:00,Clear Ethernet Cable 2m,Electronics,6,9.99,59.94,debit_card,Africa
970,c478f6f1-b88e-4318-816d-83edad81f8bd,2026-02-13 17:23:34,Novelty Chilli Chocolates 250g,Confectionery,8,8.5,68.0,paypal,Asia Pacific
971,905881df-ee9b-43e1-9d27-c09a5d71a898,2026-07-28 06:50:05,Clear Ethernet Cable 2m,Electronics,7,9.99,69.93,credit_card,Middle East
972,d40e53ce-52a7-4a41-84be-d4867ea5a387,2026-09-12 06:29:55,50mm Double Sided Tape,Packaging,10,5.75,57.5,debit_card,Europe
973,2de46e91-e8e6-4840-b090-f5a0ce610199,2026-03-01 21:22:19,50mm Double Sided Tape,Packaging,4,5.75,23.0,cash,Africa
974,73b0d676-3527-45c8-8534-ca08f6f24d1c,2026-01-21 17:11:57,Furry Gloves (Black) S,Clothing,8,15.5,124.0,paypal,Middle East
975,96ee50e5-1f87-4b46-80a0-473a23d7e6a1,2026-07-24 16:53:57,Alien Egg Fidget Ball,Novelty Items,3,6.25,18.75,cash,South America
976,c7e53bbb-dcb5-4c53-9b62-a8df493e904d,2026-08-24 17:45:21,Alien Egg Fidget Ball,Novelty Items,2,6.25,12.5,debit_card,Africa
977,76492e64-f55d-4e6d-ad26-8b378f5242d3,2026-03-18 08:55:43,Alien Egg Fidget Ball,Novelty Items,9,6.25,56.25,debit_card,Africa
978,a58e83dd-548c-4d84-b40d-e04941476506,2026-01-11 15:00:02,RC Mini Monster Truck,Toys,6,28.0,168.0,credit_card,South America
979,81b15db9-88cc-4d49-a69b-29b8950df1a0,2026-08-25 21:35:36,Developer Flashing Fish Hat,Novelty Items,4,18.75,75.0,paypal,Asia Pacific
980,6a07f213-7129-4ec7-9b69-554d7c54535f,2025-11-06 11:04:52,Furry Gloves (Black) S,Clothing,6,15.5,93.0,paypal,Middle East
981,91816091-d6c6-445c-9c5e-4e786307d4d1,2026-04-06 07:14:13,Alien Egg Fidget Ball,Novelty Items,8,6.25,50.0,credit_card,Asia Pacific
982,19a692c9-0d70-4ea4-bb9b-2d45a35055e4,2025-10-13 04:19:30,Novelty Chilli Chocolates 250g,Confectionery,10,8.5,85.0,cash,North America
983,3967e60a-823d-4107-9c8a-c066cb2fafa3,2026-07-23 13:04:18,Ergonomic Keyboard,Electronics,4,65.0,260.0,credit_card,Africa
984,e8dd5e5a-1712-4b16-a1a4-344fbb7bee03,2026-05-03 03:24:34,Clear Ethernet Cable 2m,Electronics,9,9.99,89.91,bank_transfer,North America
985,eadf5085-3fcb-4546-8eb2-25790cdb1ca4,2025-10-25 21:07:57,Superhero Mask (Red),Costumes,3,11.25,33.75,debit_card,Europe
986,3cf88d20-fbad-493f-87a1-ec0234879e41,2026-02-18 13:31:35,Clear Ethernet Cable 2m,Electronics,10,9.99,99.9,bank_transfer,South America
987,a2b03c4b-7c96-4b55-af8d-8ded6c4c450b,2025-12-31 17:33:42,Developer Flashing Fish Hat,Novelty Items,3,18.75,56.25,credit_card,Asia Pacific
988,e8cda0cc-76da-4ca0-92e8-2f38a2a9d4d8,2026-06-15 03:26:30,Developer Flashing Fish Hat,Novelty Items,3,18.75,56.25,credit_card,North America
989,7de31a51-6694-4343-90ba-58e3d2762bdc,2025-11-01 07:13:45,Ergonomic Keyboard,Electronics,5,65.0,325.0,debit_card,Middle East
990,13aec376-c359-410a-b1a6-014c5f3c44dc,2026-08-05 01:16:46,Furry Gloves (Black) S,Clothing,3,15.5,46.5,credit_card,South America
991,4c61845e-fa7e-4d94-85d1-fb63c194f97f,2026-06-15 18:27:12,Magic Flashing Fruit Bowl,Novelty Items,7,34.0,238.0,bank_transfer,Asia Pacific
992,6de59332-9364-43d0-9024-bdc6dcb33df3,2025-10-21 06:53:33,Clear Ethernet Cable 2m,Electronics,8,9.99,79.92,credit_card,North America
993,d0c30018-6e3c-4d4f-95b1-45e470b27304,2026-07-25 13:37:21,Packaging Tape Dispenser,Packaging,4,22.5,90.0,paypal,North America
994,79e5c9aa-592a-4549-bba1-09d08567c805,2025-10-17 16:52:48,RC Mini Monster Truck,Toys,6,28.0,168.0,cash,South America
995,bab2b77d-fa74-4cc8-a43a-fb7ac40d4874,2026-01-09 16:30:25,Novelty Chilli Chocolates 250g,Confectionery,1,8.5,8.5,debit_card,South America
996,a5cc8bf7-38ab-454c-9c2e-58deea4e3617,2025-12-22 01:50:09,50mm Double Sided Tape,Packaging,6,5.75,34.5,debit_card,North America
997,ff46a6bf-094d-416d-ab6d-2fedef158d5b,2026-08-27 13:50:22,Clear Ethernet Cable 2m,Electronics,9,9.99,89.91,paypal,South America
998,e8dd5e5a-1712-4b16-a1a4-344fbb7bee03,2025-10-13 13:36:54,USB Food Flash Drive - Chocolate,Novelty Items,1,12.0,12.0,paypal,Asia Pacific
999,bc92fd81-039b-458c-afaa-be0bb7f60cdf,2026-06-03 22:55:40,50mm Double Sided Tape,Packaging,9,5.75,51.75,cash,Europe
1000,5275eb94-14ae-4f5c-a636-58c912d0498d,2025-12-03 19:57:58,Clear Ethernet Cable 2m,Electronics,3,9.99,29.97,bank_transfer,Europe
1001,c7fee39f-1190-4938-a66f-d7f739669fa7,2026-01-06 07:03:35,Furry Gloves (Black) S,Clothing,4,15.5,62.0,bank_transfer,North America
1002,3f2086c2-f1b8-4d65-806f-64d65c72aebd,2025-11-23 16:07:28,Air Cushion Machine,Packaging,4,1850.0,7400.0,debit_card,South America
1003,efc59738-2fb2-4e66-bed1-7aabc9b7c9bc,2026-04-07 13:34:07,50mm Double Sided Tape,Packaging,1,5.75,5.75,cash,South America
1004,a921cb4c-95fb-4976-ae00-7b7e2f8c83e5,2026-06-22 15:28:06,USB Food Flash Drive - Chocolate,Novelty Items,6,12.0,72.0,credit_card,Asia Pacific
1005,7d4ed26e-dcd5-4fae-abb3-16a743299780,2025-11-19 01:50:47,RC Mini Monster Truck,Toys,5,28.0,140.0,cash,Middle East
1006,96a402f2-3ae8-4c93-8dcd-cd03969b6662,2026-05-12 16:14:13,Novelty Chilli Chocolates 250g,Confectionery,10,8.5,85.0,credit_card,Africa
1007,96a402f2-3ae8-4c93-8dcd-cd03969b6662,2025-12-29 07:14:11,Superhero Mask (Red),Costumes,1,11.25,11.25,credit_card,Asia Pacific
1008,001a9a8b-d56f-4350-8c45-9ce267f48ad5,2026-04-04 06:05:26,Ergonomic Keyboard,Electronics,7,65.0,455.0,cash,Europe
1009,7daa39f0-c0b6-4ce2-9e53-790aa34b6cf6,2026-07-04 07:08:44,Ergonomic Keyboard,Electronics,3,65.0,195.0,credit_card,Europe
1010,7a9a8ef5-c11b-41c4-bfe3-f366bf337a15,2026-01-13 04:01:26,Clear Ethernet Cable 2m,Electronics,2,9.99,19.98,cash,Europe
1011,508211a5-d9b5-4f84-adc3-a1c32dea2d2d,2026-07-30 11:40:05,Magic Flashing Fruit Bowl,Novelty Items,10,34.0,340.0,debit_card,Asia Pacific
1012,272c0588-84a2-476c-9fc9-05f8d4d60735,2026-02-25 22:00:43,Superhero Mask (Red),Costumes,2,11.25,22.5,cash,North America
1013,90bde900-1529-46f5-aad1-1fe87d1b695e,2025-12-09 19:34:04,Alien Egg Fidget Ball,Novelty Items,2,6.25,12.5,credit_card,Asia Pacific
1014,7bf47042-bd15-41c8-b764-fbda3108d448,2026-05-28 22:59:20,Air Cushion Machine,Packaging,10,1850.0,18500.0,paypal,Middle East
1015,639fc471-d975-4f00-95ab-a8ae9112fbc0,2026-05-29 11:36:59,Air Cushion Machine,Packaging,6,1850.0,11100.0,bank_transfer,Europe
1016,79474bfa-cdd0-44d4-9542-27deb6adf48b,2026-07-23 02:49:55,Ride On Dinosaur Costume,Costumes,1,145.0,145.0,bank_transfer,South America
1017,250a4578-fbe9-4499-9bc0-80fd46fb7bf3,2026-07-11 15:14:03,50mm Double Sided Tape,Packaging,8,5.75,46.0,debit_card,North America
1018,73b0d676-3527-45c8-8534-ca08f6f24d1c,2025-11-19 03:11:00,Novelty Chilli Chocolates 250g,Confectionery,2,8.5,17.0,credit_card,Middle East
1019,63b4c08b-6b8e-469f-9538-5b0e34f3193c,2026-08-03 17:12:19,Giant Chocolate Snake 1.2m,Confectionery,8,45.0,360.0,credit_card,Middle East
1020,7316ce64-2a14-4a96-9b0c-62eb27c8fc6c,2026-08-19 20:06:00,USB Food Flash Drive - Chocolate,Novelty Items,2,12.0,24.0,paypal,Africa
1021,a0a11839-e745-4704-98df-bc3ca0d4de3d,2025-12-08 06:04:03,Air Cushion Machine,Packaging,8,1850.0,14800.0,paypal,Asia Pacific
1022,a284e8fd-755c-4e2a-b8de-d777bb1e5ae8,2026-02-03 10:45:09,Novelty Chilli Chocolates 250g,Confectionery,2,8.5,17.0,debit_card,North America
1023,39e58ff0-92f8-47d4-8750-3f1dc33a1f6c,2025-11-16 15:12:47,Superhero Mask (Red),Costumes,5,11.25,56.25,paypal,Asia Pacific
1024,e21342b0-f1ee-4ba3-9343-2e611ca3c448,2026-05-18 09:23:32,50mm Double Sided Tape,Packaging,2,5.75,11.5,credit_card,North America
1025,345af934-b42a-4d93-9aba-0f15b2149062,2025-10-15 14:59:59,Superhero Mask (Red),Costumes,3,11.25,33.75,debit_card,Europe
1026,7cb923f5-f5ed-4382-a3a6-ef83cab63107,2026-10-01 09:30:56,Developer Flashing Fish Hat,Novelty Items,8,18.75,150.0,cash,Europe
1027,1d2324e6-8329-40b7-8143-f426372f871a,2026-02-03 19:18:43,RC Mini Monster Truck,Toys,2,28.0,56.0,paypal,South America
1028,0e614bcd-9767-4900-8651-0367cbdc4318,2026-05-17 06:28:27,USB Food Flash Drive - Chocolate,Novelty Items,7,12.0,84.0,bank_transfer,Europe
1029,90a3fbbf-7580-4050-a7f1-698cf5948a54,2026-06-25 16:59:38,Superhero Mask (Red),Costumes,7,11.25,78.75,bank_transfer,Asia Pacific
1030,fbc9f87a-f668-4617-94a1-875d2db69edb,2026-09-23 07:04:36,Giant Chocolate Snake 1.2m,Confectionery,3,45.0,135.0,debit_card,Africa
1031,b4157cea-0738-4ba4-9770-a3dbe9fa97e2,2026-02-28 09:46:26,50mm Double Sided Tape,Packaging,1,5.75,5.75,debit_card,North America
1032,46494296-6f58-42c3-bf86-cc319d66e815,2026-03-08 16:44:49,Clear Ethernet Cable 2m,Electronics,10,9.99,99.9,cash,Africa
1033,aa0217d0-cd4f-4b2b-899a-c252c1e1b94a,2026-07-10 08:04:47,Ergonomic Keyboard,Electronics,3,65.0,195.0,bank_transfer,Europe
1034,9bdc70d1-9cbf-4b8c-b410-2d5d1db14bfc,2025-12-21 16:13:38,Magic Flashing Fruit Bowl,Novelty Items,1,34.0,34.0,debit_card,Asia Pacific
1035,fbc9f87a-f668-4617-94a1-875d2db69edb,2025-11-04 03:59:53,RC Mini Monster Truck,Toys,8,28.0,224.0,bank_transfer,Asia Pacific
1036,9261549d-3d22-4c30-b28f-41defb140bc3,2026-05-23 14:24:42,Novelty Chilli Chocolates 250g,Confectionery,2,8.5,17.0,paypal,North America
1037,0123a348-638a-4df6-adf7-2cd3979aa051,2026-06-30 20:39:09,50mm Double Sided Tape,Packaging,9,5.75,51.75,cash,Africa
1038,7cb923f5-f5ed-4382-a3a6-ef83cab63107,2026-08-24 05:08:54,Magic Flashing Fruit Bowl,Novelty Items,4,34.0,136.0,paypal,Middle East
1039,e21342b0-f1ee-4ba3-9343-2e611ca3c448,2026-06-06 05:58:57,Packaging Tape Dispenser,Packaging,10,22.5,225.0,bank_transfer,Africa
1040,ba108217-0ad7-49a2-b277-16ec59fefbbc,2026-01-07 23:10:48,50mm Double Sided Tape,Packaging,4,5.75,23.0,paypal,Africa
1041,63b4c08b-6b8e-469f-9538-5b0e34f3193c,2025-11-14 05:26:55,Giant Chocolate Snake 1.2m,Confectionery,7,45.0,315.0,cash,Middle East
1042,937bf79b-bb44-4adc-aa98-fef8d0d75e37,2026-07-03 09:58:10,Novelty Chilli Chocolates 250g,Confectionery,1,8.5,8.5,debit_card,Middle East
1043,2c3aacdc-aed5-4a46-8bde-005b5d8babd7,2026-08-01 15:42:12,Superhero Mask (Red),Costumes,8,11.25,90.0,bank_transfer,South America
1044,f3579560-71d7-4665-b181-8dcf379efc6e,2026-01-30 18:36:50,USB Food Flash Drive - Chocolate,Novelty Items,8,12.0,96.0,debit_card,Europe
1045,a4704d48-5128-49b1-b8ed-e0ca20156a72,2026-08-31 20:58:01,Alien Egg Fidget Ball,Novelty Items,1,6.25,6.25,debit_card,Middle East
1046,fa34d2e8-dd3f-4d7e-a508-dc9513a4a492,2026-06-28 09:24:58,Giant Chocolate Snake 1.2m,Confectionery,7,45.0,315.0,debit_card,North America
1047,4aea1b8f-b43c-4e0a-ba9f-c10e52daf681,2026-05-26 19:54:05,Ergonomic Keyboard,Electronics,8,65.0,520.0,cash,Asia Pacific
1048,09ce3cfb-2339-4a19-a563-7cc3ca97ebf5,2026-08-14 11:43:28,USB Food Flash Drive - Chocolate,Novelty Items,8,12.0,96.0,paypal,North America
1049,2dea9493-0658-463a-a98c-206fe1a47e10,2025-11-21 15:58:28,Ergonomic Keyboard,Electronics,1,65.0,65.0,bank_transfer,Asia Pacific
1050,83f82f16-e4a4-474c-9b33-e3a42620f9a9,2026-08-10 21:02:06,Novelty Chilli Chocolates 250g,Confectionery,9,8.5,76.5,credit_card,North America
1051,13eb22c9-bece-421a-94c7-743b2401342a,2026-05-13 10:32:00,Furry Gloves (Black) S,Clothing,10,15.5,155.0,cash,Africa
1052,690e7e62-3432-4ec6-b0c4-a01c69b7c0fa,2026-08-05 14:20:59,Alien Egg Fidget Ball,Novelty Items,9,6.25,56.25,debit_card,Africa
1053,962c04dd-25d0-4461-859c-15740f3f0f48,2025-10-21 14:27:06,Giant Chocolate Snake 1.2m,Confectionery,8,45.0,360.0,paypal,Europe
1054,216e9fe5-93f3-4596-8c1c-8b0556771f36,2026-02-17 11:50:00,Superhero Mask (Red),Costumes,1,11.25,11.25,debit_card,Asia Pacific
1055,0123a348-638a-4df6-adf7-2cd3979aa051,2026-04-30 13:12:19,Developer Flashing Fish Hat,Novelty Items,9,18.75,168.75,cash,Middle East
1056,4eea9db8-f165-4779-8154-7950176de21f,2026-03-21 00:25:55,Ergonomic Keyboard,Electronics,6,65.0,390.0,bank_transfer,North America
1057,07a0ca6e-0822-48f3-ac03-1199972a8469,2026-06-19 13:29:07,USB Food Flash Drive - Chocolate,Novelty Items,4,12.0,48.0,paypal,Europe
1058,09f64405-0b99-4034-8a4e-255280051b10,2026-02-26 13:37:50,Superhero Mask (Red),Costumes,5,11.25,56.25,cash,Europe
1059,fec21bbe-6624-4bfa-8fcc-a39ab683d2e6,2025-11-01 10:22:59,50mm Double Sided Tape,Packaging,2,5.75,11.5,debit_card,Asia Pacific
1060,eb1fa9f2-d10b-41d0-b317-347038f16a81,2026-04-20 03:33:21,Ride On Dinosaur Costume,Costumes,7,145.0,1015.0,paypal,Middle East
1061,6703b636-5380-4904-a88c-7015aab97e49,2026-06-14 03:12:01,Air Cushion Machine,Packaging,4,1850.0,7400.0,bank_transfer,South America
1062,4eea9db8-f165-4779-8154-7950176de21f,2026-02-15 04:09:53,Ergonomic Keyboard,Electronics,4,65.0,260.0,paypal,North America
1063,7394988f-847f-49b4-a64d-1bcb702753a1,2025-10-10 13:35:10,Furry Gloves (Black) S,Clothing,7,15.5,108.5,cash,North America
1064,15eacbcf-ab10-41ce-aa14-3cd82ff3cde4,2026-08-31 14:16:42,Furry Gloves (Black) S,Clothing,8,15.5,124.0,cash,Middle East
1065,a65ed389-b74d-4fb1-b2e7-06298fadc1a6,2026-03-17 18:53:27,Ride On Dinosaur Costume,Costumes,8,145.0,1160.0,cash,Africa
1066,c74e48ff-cf89-469d-a550-d73607806e71,2026-08-21 00:20:21,Novelty Chilli Chocolates 250g,Confectionery,9,8.5,76.5,bank_transfer,Middle East
1067,7374ccbf-d78c-47d3-9088-50d32fe5b140,2026-04-14 00:40:14,Ergonomic Keyboard,Electronics,9,65.0,585.0,debit_card,Africa
1068,d0c30018-6e3c-4d4f-95b1-45e470b27304,2025-11-15 15:21:11,Magic Flashing Fruit Bowl,Novelty Items,3,34.0,102.0,debit_card,North America
1069,80a52e65-afa2-4559-a7c9-620428e333b6,2026-03-23 00:23:26,Clear Ethernet Cable 2m,Electronics,10,9.99,99.9,paypal,Middle East
1070,f020e992-b576-455e-9854-9f222102f9c9,2026-02-23 07:29:48,RC Mini Monster Truck,Toys,7,28.0,196.0,cash,Africa
1071,ebc2026f-af34-4f65-a193-c4b23c19e71d,2026-06-09 11:44:32,Furry Gloves (Black) S,Clothing,4,15.5,62.0,bank_transfer,Europe
1072,3fead90a-21f8-472d-9db7-570eb390b059,2026-09-16 21:44:28,Alien Egg Fidget Ball,Novelty Items,8,6.25,50.0,debit_card,South America
1073,a879d8f8-9042-4eb7-8b04-0f53e63949d4,2026-08-23 11:46:18,Clear Ethernet Cable 2m,Electronics,10,9.99,99.9,cash,Europe
1074,bade8d5d-6fff-45cc-b2dc-6c344f67448e,2026-04-02 04:44:27,Superhero Mask (Red),Costumes,9,11.25,101.25,paypal,Africa
1075,d5b6de85-3902-49d9-ba8d-ae42ba54e920,2026-07-07 08:15:14,50mm Double Sided Tape,Packaging,9,5.75,51.75,debit_card,South America
1076,a247541d-c8ad-4899-b630-794d6147adeb,2025-12-04 01:38:26,Air Cushion Machine,Packaging,10,1850.0,18500.0,paypal,Africa
1077,601bfbcb-f0ee-4cce-8d93-e14a5b167158,2026-03-23 18:41:38,Developer Flashing Fish Hat,Novelty Items,3,18.75,56.25,debit_card,Middle East
1078,601bfbcb-f0ee-4cce-8d93-e14a5b167158,2025-12-13 01:22:30,Packaging Tape Dispenser,Packaging,6,22.5,135.0,credit_card,Europe
1079,fa585b27-8ce3-47c3-b6ea-b3a001539221,2026-07-17 15:07:39,Packaging Tape Dispenser,Packaging,8,22.5,180.0,cash,Africa
1080,7d1645a0-d253-4966-836b-9a0a41e02a89,2026-04-26 06:41:30,50mm Double Sided Tape,Packaging,7,5.75,40.25,cash,Europe
1081,73b5bad5-600b-4b35-aa0a-a7d5a0b85755,2026-06-15 06:21:44,RC Mini Monster Truck,Toys,7,28.0,196.0,credit_card,Middle East
1082,bdf66ba5-dc9c-46de-a5a6-74c212738a23,2026-01-18 13:00:36,USB Food Flash Drive - Chocolate,Novelty Items,1,12.0,12.0,debit_card,North America
1083,7bf47042-bd15-41c8-b764-fbda3108d448,2026-06-01 20:22:44,Giant Chocolate Snake 1.2m,Confectionery,1,45.0,45.0,paypal,South America
1084,620e99d3-3b33-43d8-a69c-d696236c7b87,2026-08-15 12:37:20,Alien Egg Fidget Ball,Novelty Items,5,6.25,31.25,credit_card,Africa
1085,4639447b-2067-4dac-88bd-13d1b540b30e,2026-09-27 19:07:03,Furry Gloves (Black) S,Clothing,5,15.5,77.5,cash,North America
1086,ccc56569-f9e8-4369-a999-b735dd56cc94,2026-05-02 15:47:41,Developer Flashing Fish Hat,Novelty Items,8,18.75,150.0,cash,Africa
1087,23204ff5-b538-496c-833e-02f71e93d127,2026-08-02 11:50:28,50mm Double Sided Tape,Packaging,9,5.75,51.75,debit_card,Africa
1088,beed10b6-4f6e-474b-9eda-b0276550f74a,2026-04-11 10:10:59,Giant Chocolate Snake 1.2m,Confectionery,9,45.0,405.0,debit_card,Middle East
1089,608e2f5c-6117-4270-a7c0-518b17efa621,2026-04-04 04:35:50,Furry Gloves (Black) S,Clothing,5,15.5,77.5,credit_card,Asia Pacific
1090,8fddbebc-f7ff-48d4-b509-f08a2c988bca,2026-03-23 19:30:29,Clear Ethernet Cable 2m,Electronics,7,9.99,69.93,paypal,Middle East
1091,72f60958-12ef-4101-a082-786fca00ef58,2026-08-22 08:03:50,Novelty Chilli Chocolates 250g,Confectionery,1,8.5,8.5,paypal,South America
1092,57f479b5-b212-46ee-8210-63710260a123,2026-07-16 13:19:04,Magic Flashing Fruit Bowl,Novelty Items,8,34.0,272.0,debit_card,Africa
1093,baeb286b-f0d0-470f-94d1-3d551db6b844,2026-05-23 17:55:24,50mm Double Sided Tape,Packaging,6,5.75,34.5,cash,Middle East
1094,455ac762-7428-4656-b3ee-4d3b5a104129,2026-01-17 21:17:14,50mm Double Sided Tape,Packaging,10,5.75,57.5,debit_card,Europe
1095,01b158e9-0406-4f44-bce4-0679a8c6dbc0,2026-02-07 19:45:22,Ergonomic Keyboard,Electronics,3,65.0,195.0,credit_card,South America
1096,81d2c7de-4ce1-4b90-a669-7833b841d0a0,2026-09-01 10:12:06,Ride On Dinosaur Costume,Costumes,9,145.0,1305.0,bank_transfer,North America
1097,f791f1e5-43f9-4d6b-b97e-be8798cf1188,2026-01-08 23:50:25,Clear Ethernet Cable 2m,Electronics,5,9.99,49.95,paypal,South America
1098,a56b61e0-4ba8-44ca-a449-cb6fbf72ae52,2026-08-24 06:38:02,Ride On Dinosaur Costume,Costumes,10,145.0,1450.0,paypal,North America
1099,7d98302f-7357-41e5-be1a-1ba9c8969c5b,2026-10-03 14:58:01,Developer Flashing Fish Hat,Novelty Items,8,18.75,150.0,debit_card,North America
1100,aca58d95-915a-4c30-8b86-b5a1ca6fbff8,2025-11-08 07:24:59,Ride On Dinosaur Costume,Costumes,6,145.0,870.0,credit_card,Africa
1101,507b9072-65e5-4f34-9df0-6e8c878aaed9,2026-01-21 23:27:33,Magic Flashing Fruit Bowl,Novelty Items,5,34.0,170.0,cash,Middle East
1102,6a66c184-7de1-4f5d-af48-47f068bd075b,2026-09-13 01:03:28,Developer Flashing Fish Hat,Novelty Items,2,18.75,37.5,paypal,Middle East
1103,7f7f6c0a-07c0-4116-a394-ed549e3c5a88,2026-03-29 17:26:20,Air Cushion Machine,Packaging,3,1850.0,5550.0,credit_card,Middle East
1104,d3479a3b-479b-4637-8cc3-6f3bc3affcfe,2026-01-08 08:37:54,Ride On Dinosaur Costume,Costumes,7,145.0,1015.0,cash,Asia Pacific
1105,49c13de7-3b42-46c5-885b-15fb4a8ff810,2026-07-24 02:36:20,USB Food Flash Drive - Chocolate,Novelty Items,6,12.0,72.0,debit_card,Africa
1106,c4767556-f97b-42dd-8f9b-72aed85c16bd,2026-04-04 03:03:23,Developer Flashing Fish Hat,Novelty Items,6,18.75,112.5,paypal,South America
1107,dd39d793-6257-44a2-b204-be894a4b5563,2026-05-14 23:02:36,Furry Gloves (Black) S,Clothing,10,15.5,155.0,bank_transfer,Middle East
1108,6fb78271-504d-481f-8953-5b63ba81edd9,2026-05-30 16:21:48,Superhero Mask (Red),Costumes,1,11.25,11.25,paypal,Asia Pacific
1109,eadc9960-4242-41e2-960b-e0f495132c22,2026-06-22 03:37:39,Air Cushion Machine,Packaging,10,1850.0,18500.0,cash,South America
1110,bdf66ba5-dc9c-46de-a5a6-74c212738a23,2026-03-01 20:05:45,Novelty Chilli Chocolates 250g,Confectionery,6,8.5,51.0,credit_card,Asia Pacific
1111,4d16f049-44d7-4f9a-a38b-05b72b64777c,2026-02-13 07:06:12,Alien Egg Fidget Ball,Novelty Items,9,6.25,56.25,paypal,North America
1112,e8cee951-b047-4ea4-bee5-ce6933cb202e,2025-10-16 19:09:47,RC Mini Monster Truck,Toys,9,28.0,252.0,paypal,Middle East
1113,195d82f8-ee4a-4b5d-9195-54e307374c86,2026-04-15 14:55:48,Furry Gloves (Black) S,Clothing,9,15.5,139.5,bank_transfer,North America
1114,f3579560-71d7-4665-b181-8dcf379efc6e,2026-09-01 03:06:54,Alien Egg Fidget Ball,Novelty Items,4,6.25,25.0,cash,North America
1115,c9ea356a-7abf-4ebf-942c-b1ae19f738cb,2026-02-08 21:00:40,USB Food Flash Drive - Chocolate,Novelty Items,3,12.0,36.0,cash,Middle East
1116,0db95301-afbb-411a-a123-5a8c93b7a886,2025-12-15 06:31:48,Novelty Chilli Chocolates 250g,Confectionery,2,8.5,17.0,debit_card,Africa
1117,7daa39f0-c0b6-4ce2-9e53-790aa34b6cf6,2026-04-12 23:57:16,Clear Ethernet Cable 2m,Electronics,2,9.99,19.98,cash,Africa
1118,8e4c3ab5-6d5d-4477-adc2-9178a0411612,2025-12-27 00:45:36,RC Mini Monster Truck,Toys,7,28.0,196.0,credit_card,Africa
1119,3f22faf8-23be-401d-83cf-2fde24933b83,2026-02-20 10:52:05,Giant Chocolate Snake 1.2m,Confectionery,3,45.0,135.0,bank_transfer,Africa
1120,8da01097-be0f-451b-9b66-b5a9e3c43657,2026-08-11 11:59:46,Developer Flashing Fish Hat,Novelty Items,1,18.75,18.75,credit_card,North America
1121,9ea7017c-b89f-4039-a107-cc4686341718,2026-01-13 23:40:43,Ride On Dinosaur Costume,Costumes,5,145.0,725.0,credit_card,Middle East
1122,f7e9101d-3f8b-4433-b60e-695c1759ba96,2026-02-14 19:50:51,Superhero Mask (Red),Costumes,4,11.25,45.0,paypal,Asia Pacific
1123,1e5ebe54-5907-4299-9c3b-bdd8a74e02a9,2026-01-22 06:15:56,Clear Ethernet Cable 2m,Electronics,8,9.99,79.92,bank_transfer,Asia Pacific
1124,beed10b6-4f6e-474b-9eda-b0276550f74a,2026-09-12 12:50:11,Developer Flashing Fish Hat,Novelty Items,1,18.75,18.75,credit_card,Middle East
1125,c0e9ab30-ed26-42e9-97e0-11b7f8102383,2026-05-25 04:13:37,Novelty Chilli Chocolates 250g,Confectionery,10,8.5,85.0,cash,North America
1126,39681c81-7b70-43b8-a81f-dec3279c658a,2026-07-04 23:09:57,50mm Double Sided Tape,Packaging,2,5.75,11.5,cash,North America
1127,ea87855e-a382-45d3-9e0e-f546b0b6dedf,2026-09-12 10:51:17,Alien Egg Fidget Ball,Novelty Items,5,6.25,31.25,credit_card,Europe
1128,bdf66ba5-dc9c-46de-a5a6-74c212738a23,2026-01-20 22:40:10,Furry Gloves (Black) S,Clothing,8,15.5,124.0,bank_transfer,Africa
1129,06e745f9-88bc-439c-9f4c-3b79fb10987f,2026-05-09 12:00:27,Novelty Chilli Chocolates 250g,Confectionery,8,8.5,68.0,cash,South America
1130,96822e22-bcd4-444f-8f8a-368e35ba9357,2025-10-09 14:16:29,Ride On Dinosaur Costume,Costumes,7,145.0,1015.0,cash,Europe
1131,e8dd5e5a-1712-4b16-a1a4-344fbb7bee03,2026-04-24 06:58:28,Giant Chocolate Snake 1.2m,Confectionery,3,45.0,135.0,paypal,North America
1132,7337c599-7984-4388-9c8a-ee30be6033f7,2025-12-18 20:26:04,Packaging Tape Dispenser,Packaging,9,22.5,202.5,credit_card,North America
1133,bc92fd81-039b-458c-afaa-be0bb7f60cdf,2025-11-07 21:37:49,Novelty Chilli Chocolates 250g,Confectionery,10,8.5,85.0,bank_transfer,Middle East
1134,39c1e262-f76c-4ede-8110-12662408a6dc,2026-01-07 09:15:40,Packaging Tape Dispenser,Packaging,2,22.5,45.0,debit_card,Africa
1135,f2f9e5fa-9016-4161-8fa7-01cd2631d00b,2026-07-12 07:14:31,50mm Double Sided Tape,Packaging,6,5.75,34.5,bank_transfer,Africa
1136,a33dc7af-d701-410d-bf4b-1a70c074718e,2026-03-12 11:50:39,Superhero Mask (Red),Costumes,9,11.25,101.25,debit_card,South America
1137,dfdf0e05-c0ce-431b-9038-e153c601818b,2026-04-13 09:32:07,Air Cushion Machine,Packaging,10,1850.0,18500.0,paypal,South America
1138,54720d2d-3239-4ffb-a704-6f254b91b8cb,2026-05-09 06:16:37,USB Food Flash Drive - Chocolate,Novelty Items,3,12.0,36.0,cash,North America
1139,5844f9fc-114b-4547-89dc-72b85b6a8102,2026-07-27 02:15:59,Superhero Mask (Red),Costumes,9,11.25,101.25,cash,North America
1140,4ab7706e-b773-40ca-aec2-59dc7f95897c,2026-01-06 23:38:28,Alien Egg Fidget Ball,Novelty Items,2,6.25,12.5,credit_card,South America
1141,3c6a3174-1136-44a5-a050-9c6208e895d7,2026-06-30 20:36:19,50mm Double Sided Tape,Packaging,10,5.75,57.5,paypal,Europe
1142,c7b5b2bc-5a8a-4eca-9a50-aec3aabc25fa,2026-04-08 13:10:08,Ride On Dinosaur Costume,Costumes,4,145.0,580.0,paypal,Middle East
1143,278ed00d-ba02-46ef-be05-5787965befdf,2026-06-13 11:54:39,USB Food Flash Drive - Chocolate,Novelty Items,4,12.0,48.0,bank_transfer,Asia Pacific
1144,e8334da5-de95-4695-b579-c1437ab99428,2026-07-09 02:30:42,Developer Flashing Fish Hat,Novelty Items,10,18.75,187.5,paypal,Africa
1145,75ac824c-2c55-4ef7-b4e9-573450521700,2026-04-14 06:26:46,Magic Flashing Fruit Bowl,Novelty Items,3,34.0,102.0,cash,Europe
1146,b0416f19-bbe7-4835-8e8b-f78a60ddc7f1,2026-03-28 16:56:57,Furry Gloves (Black) S,Clothing,6,15.5,93.0,bank_transfer,South America
1147,9bdf0377-a149-43c2-b920-264c0763fcd0,2026-08-09 14:19:47,Novelty Chilli Chocolates 250g,Confectionery,6,8.5,51.0,debit_card,Africa
1148,4ca9cf07-b1aa-4f6a-aa96-e1e27194eae2,2025-10-12 08:22:42,50mm Double Sided Tape,Packaging,7,5.75,40.25,paypal,South America
1149,b6ca1127-e9f8-4970-8d98-f9e28d888beb,2025-11-10 18:58:47,Giant Chocolate Snake 1.2m,Confectionery,6,45.0,270.0,bank_transfer,Asia Pacific
1150,15b24e1d-9715-4633-9d4e-db71eb2ec80e,2026-01-27 22:08:02,Ergonomic Keyboard,Electronics,6,65.0,390.0,paypal,Asia Pacific
1151,4d3485c5-c5c1-4eb4-b27b-3d901a16342c,2025-12-30 17:05:16,Packaging Tape Dispenser,Packaging,2,22.5,45.0,cash,North America
1152,8950ddd6-27c6-4bb1-8edd-069df96c9a0a,2026-03-11 16:57:05,Superhero Mask (Red),Costumes,5,11.25,56.25,debit_card,Middle East
1153,bc20b9f2-4a9c-489e-91b3-0182f7fe604f,2026-07-01 07:35:00,Air Cushion Machine,Packaging,5,1850.0,9250.0,credit_card,Africa
1154,873dc8bd-122d-47be-980b-c81ea3595d1f,2026-01-08 03:25:41,USB Food Flash Drive - Chocolate,Novelty Items,1,12.0,12.0,cash,Africa
1155,963a8617-bdab-47e7-9d9d-028e1bf645f6,2026-02-01 13:42:24,Novelty Chilli Chocolates 250g,Confectionery,10,8.5,85.0,bank_transfer,Middle East
1156,bd44089d-9dd2-49de-bd98-fe336498abe9,2026-06-20 12:12:56,Air Cushion Machine,Packaging,1,1850.0,1850.0,paypal,Middle East
1157,45f18619-54f9-4429-a7de-02ccdda4f4a7,2026-05-19 12:09:02,RC Mini Monster Truck,Toys,9,28.0,252.0,debit_card,Europe
1158,c2492e5e-005f-40e6-95c3-b2dbf374190d,2026-02-25 23:10:46,Clear Ethernet Cable 2m,Electronics,4,9.99,39.96,cash,Africa
1159,b00805cc-a7f3-4ae9-a5c7-3c443e75c3b4,2026-04-07 10:46:01,Superhero Mask (Red),Costumes,5,11.25,56.25,bank_transfer,Middle East
1160,9082889b-e1cd-487f-ac95-5f87ae5ec365,2026-05-08 14:24:05,Packaging Tape Dispenser,Packaging,2,22.5,45.0,paypal,Middle East
1161,3db788a6-1cdc-44c2-a2c9-65b27eb0f62a,2026-04-29 20:12:38,Novelty Chilli Chocolates 250g,Confectionery,4,8.5,34.0,cash,Africa
1162,722764e6-8c41-461b-a827-a1b9d4a02e53,2026-02-16 03:42:39,Ride On Dinosaur Costume,Costumes,9,145.0,1305.0,bank_transfer,South America
1163,ce7334f2-3393-4b6c-9d37-efb6eafb3e90,2026-03-19 21:38:33,Ride On Dinosaur Costume,Costumes,10,145.0,1450.0,cash,Africa
1164,c92e8c93-d105-48d6-87c1-c01760452909,2026-07-22 08:16:54,Superhero Mask (Red),Costumes,3,11.25,33.75,bank_transfer,Europe
1165,ee0f65a8-2a13-4c1f-8cd0-15c1ad5900dd,2026-05-07 09:39:07,Novelty Chilli Chocolates 250g,Confectionery,4,8.5,34.0,bank_transfer,South America
1166,284c03d2-27d4-45b6-8d77-c5a0e222b6a6,2026-02-11 02:51:29,USB Food Flash Drive - Chocolate,Novelty Items,5,12.0,60.0,debit_card,North America
1167,0a8bb5b4-9049-4583-ac86-a890d7b00bdc,2026-02-19 06:46:17,Giant Chocolate Snake 1.2m,Confectionery,4,45.0,180.0,paypal,Asia Pacific
1168,8409c5ea-cde9-48b3-b922-a7e42de982f8,2026-07-05 14:44:33,Ergonomic Keyboard,Electronics,8,65.0,520.0,credit_card,North America
1169,2dea9493-0658-463a-a98c-206fe1a47e10,2026-03-30 20:52:19,Giant Chocolate Snake 1.2m,Confectionery,6,45.0,270.0,cash,Africa
1170,dfdf0e05-c0ce-431b-9038-e153c601818b,2026-01-18 20:47:01,Superhero Mask (Red),Costumes,5,11.25,56.25,paypal,Middle East
1171,a092f52a-d4a0-47a7-b0cc-1b3b9793b9b4,2026-02-01 17:35:35,Packaging Tape Dispenser,Packaging,10,22.5,225.0,bank_transfer,Africa
1172,6afa828c-2cd1-4b9f-abe5-841fe9c96c52,2026-01-11 06:54:42,Clear Ethernet Cable 2m,Electronics,6,9.99,59.94,credit_card,Middle East
1173,42d943ee-5197-4e75-8523-d4fd4b7f2183,2026-01-03 04:25:48,Alien Egg Fidget Ball,Novelty Items,7,6.25,43.75,debit_card,Middle East
1174,216e9fe5-93f3-4596-8c1c-8b0556771f36,2025-11-21 12:15:14,Clear Ethernet Cable 2m,Electronics,6,9.99,59.94,paypal,Asia Pacific
1175,ff6ef9ed-7e4c-429f-b8cb-ab4c97790e84,2026-07-12 18:31:01,Furry Gloves (Black) S,Clothing,8,15.5,124.0,cash,North America
1176,290a3abb-c35b-4fea-9578-d70948f9e3d0,2025-12-19 10:40:31,Packaging Tape Dispenser,Packaging,3,22.5,67.5,debit_card,South America
1177,937bf79b-bb44-4adc-aa98-fef8d0d75e37,2026-02-05 04:46:47,USB Food Flash Drive - Chocolate,Novelty Items,9,12.0,108.0,paypal,South America
1178,06f028ff-a9ba-4a27-907b-fe36978648f8,2025-11-21 01:59:26,Ride On Dinosaur Costume,Costumes,3,145.0,435.0,paypal,Middle East
1179,03ece8ff-e8b3-4763-b4ff-3f3a4d9dbaeb,2026-07-21 03:48:47,50mm Double Sided Tape,Packaging,2,5.75,11.5,debit_card,Asia Pacific
1180,530ddda6-c8d0-49e5-9919-65ea98d00c2c,2026-05-01 18:16:25,Furry Gloves (Black) S,Clothing,6,15.5,93.0,credit_card,Asia Pacific
1181,1a43db54-523a-4993-8b34-46bc8ba435cc,2026-07-28 15:46:54,Giant Chocolate Snake 1.2m,Confectionery,8,45.0,360.0,debit_card,Middle East
1182,3602f8ac-10f1-4c81-848a-aa9e66b2bc5b,2026-06-30 16:27:01,Ride On Dinosaur Costume,Costumes,7,145.0,1015.0,debit_card,North America
1183,8639bd41-8b15-4d94-a42d-0cd7fd359f6a,2025-12-16 13:22:52,Ride On Dinosaur Costume,Costumes,10,145.0,1450.0,debit_card,South America
1184,e0c53cb8-3da9-42a9-8ed4-2f1a3d4cbf37,2025-12-19 00:57:03,Giant Chocolate Snake 1.2m,Confectionery,9,45.0,405.0,cash,South America
1185,89e06ab3-7250-4e18-a60a-5962dd81b7f5,2025-12-28 16:30:38,Novelty Chilli Chocolates 250g,Confectionery,3,8.5,25.5,debit_card,Middle East
1186,2a9527f6-f817-4ebf-ab6e-64c5bb8aa843,2026-07-19 11:57:14,Clear Ethernet Cable 2m,Electronics,10,9.99,99.9,cash,Africa
1187,9a069295-3b8d-4447-8e61-065f171b1b80,2026-04-11 16:43:03,Novelty Chilli Chocolates 250g,Confectionery,5,8.5,42.5,credit_card,South America
1188,c7e53bbb-dcb5-4c53-9b62-a8df493e904d,2026-01-21 00:49:22,Ergonomic Keyboard,Electronics,10,65.0,650.0,bank_transfer,South America
1189,3f800385-ef92-40b6-92d7-8f107a3a6e96,2026-07-14 01:16:53,Air Cushion Machine,Packaging,7,1850.0,12950.0,debit_card,Middle East
1190,fe7ee362-8a89-40f0-9052-91d3b34c6c73,2026-05-22 15:00:28,Superhero Mask (Red),Costumes,3,11.25,33.75,cash,Europe
1191,6ee35607-92ea-4324-ac93-e5962b015723,2026-07-27 21:18:39,Ride On Dinosaur Costume,Costumes,6,145.0,870.0,bank_transfer,Middle East
1192,40181c6e-9a8c-4a3c-9283-aac7bc0a6a5d,2026-04-27 09:37:47,Magic Flashing Fruit Bowl,Novelty Items,2,34.0,68.0,bank_transfer,Asia Pacific
1193,35a240ae-5af3-4553-9ec4-2e0829a3b2e9,2026-05-25 10:09:09,Ride On Dinosaur Costume,Costumes,2,145.0,290.0,debit_card,Middle East
1194,b8e19f56-8787-4a21-8448-2a220308aa5e,2026-01-23 13:23:55,Superhero Mask (Red),Costumes,9,11.25,101.25,bank_transfer,South America
1195,a9597663-6daa-4e68-8861-fe1858e25888,2025-11-13 16:37:51,Magic Flashing Fruit Bowl,Novelty Items,2,34.0,68.0,bank_transfer,Middle East
1196,b6ca1127-e9f8-4970-8d98-f9e28d888beb,2026-08-25 00:19:06,Magic Flashing Fruit Bowl,Novelty Items,1,34.0,34.0,cash,Middle East
1197,295d6fbf-430f-401d-bad4-09e2a319dcb4,2025-12-20 00:58:00,Furry Gloves (Black) S,Clothing,2,15.5,31.0,bank_transfer,Africa
1198,43b47ee5-e1e8-4e7e-a249-8f666e51484d,2026-01-28 16:52:36,Ride On Dinosaur Costume,Costumes,10,145.0,1450.0,credit_card,Africa
1199,7ba24588-4d56-4a3d-b4e7-069aa4540937,2026-01-01 23:57:23,Giant Chocolate Snake 1.2m,Confectionery,7,45.0,315.0,bank_transfer,Europe
1200,b139c476-de3c-488b-a6b9-d31a361f6d90,2026-02-22 19:18:54,Superhero Mask (Red),Costumes,1,11.25,11.25,cash,Asia Pacific
1201,d2c2a960-8b09-41ab-866d-ceb344945e09,2025-12-14 08:10:34,Air Cushion Machine,Packaging,8,1850.0,14800.0,bank_transfer,Europe
1202,f8e1daa7-cbce-4bde-aede-db07e623a689,2026-01-31 00:59:52,Magic Flashing Fruit Bowl,Novelty Items,10,34.0,340.0,bank_transfer,South America
1203,3283daa4-e212-4b7c-9d36-1cb6bcc57be0,2025-10-11 03:31:55,Alien Egg Fidget Ball,Novelty Items,8,6.25,50.0,debit_card,North America
1204,db842660-f5d8-4b91-ae60-81ac2dd0622e,2026-07-07 14:52:13,Alien Egg Fidget Ball,Novelty Items,10,6.25,62.5,cash,Asia Pacific
1205,47378190-96da-4dac-b2ff-5d2a386ecbe0,2026-05-01 02:09:34,Alien Egg Fidget Ball,Novelty Items,4,6.25,25.0,credit_card,Middle East
1206,92779574-c457-4cc3-b5f7-89bca6b07458,2025-11-23 19:29:54,Packaging Tape Dispenser,Packaging,2,22.5,45.0,credit_card,Asia Pacific
1207,409e7a80-86c5-41d6-9ea9-f50831227592,2026-01-20 04:25:35,Giant Chocolate Snake 1.2m,Confectionery,4,45.0,180.0,paypal,Asia Pacific
1208,ab3b4d37-560c-45ee-a38c-254c076e2bba,2025-10-23 07:53:48,Developer Flashing Fish Hat,Novelty Items,2,18.75,37.5,bank_transfer,Africa
1209,9261549d-3d22-4c30-b28f-41defb140bc3,2025-10-26 19:52:44,Magic Flashing Fruit Bowl,Novelty Items,5,34.0,170.0,cash,Asia Pacific
1210,c1369c65-ae2a-4341-bf59-e4f2c3093b6e,2026-05-08 13:20:20,Magic Flashing Fruit Bowl,Novelty Items,6,34.0,204.0,paypal,Africa
1211,55ab946d-a5b5-4dc2-a181-c85eca0ac6ac,2026-01-27 02:34:14,Clear Ethernet Cable 2m,Electronics,4,9.99,39.96,cash,Middle East
1212,716fda0a-45a8-4829-94e2-86e5ac8936bc,2026-07-03 12:03:39,Ergonomic Keyboard,Electronics,3,65.0,195.0,cash,Middle East
1213,03902c5d-6502-46a2-8a6a-2224171e16cc,2025-11-23 16:40:11,Ergonomic Keyboard,Electronics,5,65.0,325.0,cash,Europe
1214,c92e8c93-d105-48d6-87c1-c01760452909,2026-06-10 09:02:08,Furry Gloves (Black) S,Clothing,7,15.5,108.5,debit_card,Africa
1215,09ce3cfb-2339-4a19-a563-7cc3ca97ebf5,2026-09-07 22:18:17,USB Food Flash Drive - Chocolate,Novelty Items,4,12.0,48.0,debit_card,North America
1216,7634c169-4f76-4388-92fe-28bf81e0d489,2026-07-25 00:11:28,Air Cushion Machine,Packaging,9,1850.0,16650.0,paypal,Middle East
1217,56666f9f-53ac-4ab9-b467-2cd9362f5e5c,2026-04-14 06:58:50,Magic Flashing Fruit Bowl,Novelty Items,1,34.0,34.0,bank_transfer,Africa
1218,40198303-5c45-4e4d-a793-13b817e52113,2025-11-14 11:50:45,Novelty Chilli Chocolates 250g,Confectionery,2,8.5,17.0,debit_card,Asia Pacific
1219,f75d599f-6b2d-4b09-8707-9ad480be7e35,2026-09-09 13:59:50,RC Mini Monster Truck,Toys,10,28.0,280.0,credit_card,North America
1220,716fda0a-45a8-4829-94e2-86e5ac8936bc,2025-10-10 09:58:53,Alien Egg Fidget Ball,Novelty Items,4,6.25,25.0,credit_card,Middle East
1221,b69f75c5-c82b-41be-a1eb-64e6fd498e20,2026-05-16 14:19:33,Novelty Chilli Chocolates 250g,Confectionery,7,8.5,59.5,bank_transfer,Middle East
1222,b0b862ef-6c9f-42b9-b647-8986a3917c99,2026-01-24 01:53:39,Giant Chocolate Snake 1.2m,Confectionery,9,45.0,405.0,cash,North America
1223,66fadca0-0b53-4932-bd94-19aa3ea6e5b2,2026-04-05 22:45:22,Furry Gloves (Black) S,Clothing,3,15.5,46.5,bank_transfer,Asia Pacific
1224,51045a16-ef15-4b72-9c70-ee97fca45567,2026-04-09 13:35:58,Novelty Chilli Chocolates 250g,Confectionery,4,8.5,34.0,cash,Europe
1225,6a66c184-7de1-4f5d-af48-47f068bd075b,2026-03-25 17:07:35,Air Cushion Machine,Packaging,1,1850.0,1850.0,cash,Middle East
1226,8167999f-e723-4da3-8c32-bdb2d42a895e,2026-02-14 23:16:09,Packaging Tape Dispenser,Packaging,4,22.5,90.0,debit_card,Africa
1227,d045dd1c-6684-49e3-b1f8-343ea99f1318,2025-12-16 06:03:13,Novelty Chilli Chocolates 250g,Confectionery,6,8.5,51.0,credit_card,South America
1228,49f1137d-7d59-4e19-aab7-b2ef8e0ec033,2025-10-25 14:31:31,USB Food Flash Drive - Chocolate,Novelty Items,5,12.0,60.0,bank_transfer,Europe
1229,925817b7-cf50-4889-a8b7-7f7b7321bf6b,2026-01-11 16:55:43,Giant Chocolate Snake 1.2m,Confectionery,7,45.0,315.0,cash,South America
1230,905881df-ee9b-43e1-9d27-c09a5d71a898,2026-09-05 07:29:59,Packaging Tape Dispenser,Packaging,1,22.5,22.5,credit_card,North America
1231,7bf69552-4cbc-4044-abcd-5ce746a56fe8,2026-04-09 04:25:06,Packaging Tape Dispenser,Packaging,5,22.5,112.5,cash,Middle East
1232,13eb22c9-bece-421a-94c7-743b2401342a,2025-11-18 23:01:44,Developer Flashing Fish Hat,Novelty Items,6,18.75,112.5,paypal,South America
1233,a1c7cc8a-0435-4b64-893a-d23298c3e3ca,2026-08-20 22:19:58,Magic Flashing Fruit Bowl,Novelty Items,4,34.0,136.0,bank_transfer,Middle East
1234,4d3485c5-c5c1-4eb4-b27b-3d901a16342c,2025-10-31 00:42:16,Novelty Chilli Chocolates 250g,Confectionery,5,8.5,42.5,bank_transfer,Middle East
1235,acdabacc-1165-4210-9854-3881118a9d29,2026-03-10 06:31:25,USB Food Flash Drive - Chocolate,Novelty Items,9,12.0,108.0,cash,Europe
1236,c9230c64-c006-4b5b-b678-39b222b5f457,2026-04-14 15:04:11,Developer Flashing Fish Hat,Novelty Items,2,18.75,37.5,cash,Europe
1237,a284e8fd-755c-4e2a-b8de-d777bb1e5ae8,2025-11-03 10:09:20,RC Mini Monster Truck,Toys,9,28.0,252.0,cash,Europe
1238,35adde88-43e4-4668-82ea-d2df725656e3,2026-05-17 17:53:12,50mm Double Sided Tape,Packaging,8,5.75,46.0,bank_transfer,Middle East
1239,79e5c9aa-592a-4549-bba1-09d08567c805,2026-06-07 02:31:08,Ergonomic Keyboard,Electronics,4,65.0,260.0,paypal,Asia Pacific
1240,15bc2a3e-bf76-45d7-b97c-6c3c755d814b,2026-06-29 05:50:49,Giant Chocolate Snake 1.2m,Confectionery,8,45.0,360.0,cash,North America
1241,89e06ab3-7250-4e18-a60a-5962dd81b7f5,2025-10-26 11:19:57,Ergonomic Keyboard,Electronics,2,65.0,130.0,credit_card,Asia Pacific
1242,8ac97b01-e3ad-44d4-aab9-eb022f1dc121,2025-12-03 13:51:28,Giant Chocolate Snake 1.2m,Confectionery,4,45.0,180.0,debit_card,Europe
1243,9780c215-2b2b-48e9-a417-c09380a8a23d,2025-12-02 14:16:55,Clear Ethernet Cable 2m,Electronics,6,9.99,59.94,cash,North America
1244,3985fb62-17dc-4eff-a872-13f98d605936,2026-08-16 16:03:06,50mm Double Sided Tape,Packaging,5,5.75,28.75,paypal,North America
1245,90b2b633-956b-4c0c-a849-9b926b5252e3,2026-05-12 05:42:17,Clear Ethernet Cable 2m,Electronics,6,9.99,59.94,cash,South America
1246,f4e559e5-9622-4348-8f5a-e9d38e6e5003,2026-01-31 15:36:43,Ergonomic Keyboard,Electronics,6,65.0,390.0,debit_card,Middle East
1247,9a069295-3b8d-4447-8e61-065f171b1b80,2025-11-07 17:36:11,Alien Egg Fidget Ball,Novelty Items,3,6.25,18.75,debit_card,Asia Pacific
1248,6f962882-95d8-4980-bf37-d19c2e76128b,2026-01-10 00:58:01,50mm Double Sided Tape,Packaging,4,5.75,23.0,debit_card,Europe
1249,4d6168bd-2def-4193-9c62-b3a23a3c563e,2025-11-20 15:42:29,Air Cushion Machine,Packaging,4,1850.0,7400.0,debit_card,Middle East
1250,a2b03c4b-7c96-4b55-af8d-8ded6c4c450b,2026-05-10 09:16:38,Developer Flashing Fish Hat,Novelty Items,3,18.75,56.25,credit_card,North America
1251,8bea75c1-b866-47aa-a3d4-526b2b54ff7a,2026-07-29 12:47:20,RC Mini Monster Truck,Toys,2,28.0,56.0,bank_transfer,Middle East
1252,d08012b8-96c5-4fe7-aa60-4892392612e9,2026-03-16 06:40:57,Novelty Chilli Chocolates 250g,Confectionery,9,8.5,76.5,credit_card,Asia Pacific
1253,fef518a6-4dea-4645-8986-bbebf23e323d,2026-05-29 02:56:59,Developer Flashing Fish Hat,Novelty Items,10,18.75,187.5,bank_transfer,Middle East
1254,507b9072-65e5-4f34-9df0-6e8c878aaed9,2026-05-25 03:57:52,Superhero Mask (Red),Costumes,5,11.25,56.25,debit_card,Middle East
1255,1238d630-743b-45a2-9c0f-2fcfb3f6fe0d,2026-08-08 17:53:54,Alien Egg Fidget Ball,Novelty Items,7,6.25,43.75,cash,South America
1256,0f321333-ce31-4937-b4fa-32b6d0437e4c,2026-06-02 19:44:11,Novelty Chilli Chocolates 250g,Confectionery,9,8.5,76.5,bank_transfer,Asia Pacific
1257,5c63b6f3-06ba-4cd3-be78-38c9ca55e38b,2026-01-01 07:12:58,Packaging Tape Dispenser,Packaging,1,22.5,22.5,paypal,Asia Pacific
1258,15eacbcf-ab10-41ce-aa14-3cd82ff3cde4,2026-08-02 21:38:51,Superhero Mask (Red),Costumes,3,11.25,33.75,credit_card,Africa
1259,e3236d1a-3c1b-4acc-98e1-93311dba1267,2026-04-26 14:23:19,Packaging Tape Dispenser,Packaging,8,22.5,180.0,credit_card,North America
1260,b423ccde-8857-4117-a155-46672112507c,2026-03-02 09:02:23,Giant Chocolate Snake 1.2m,Confectionery,4,45.0,180.0,cash,North America
1261,b42a0456-8736-4a84-b25e-134d86879aa9,2026-03-29 14:45:31,Developer Flashing Fish Hat,Novelty Items,6,18.75,112.5,paypal,South America
1262,1ac70ec0-ab8d-4eb4-9230-dfbd5553b2fe,2026-09-23 11:32:03,Packaging Tape Dispenser,Packaging,5,22.5,112.5,paypal,Asia Pacific
1263,a2178f84-bdb0-45ff-a451-e5a411d059b2,2026-03-26 14:07:06,Magic Flashing Fruit Bowl,Novelty Items,6,34.0,204.0,debit_card,Asia Pacific
1264,a4bbf962-606e-4e1c-8f15-84494f40c22f,2026-01-29 03:11:30,Clear Ethernet Cable 2m,Electronics,4,9.99,39.96,paypal,Europe
1265,ae8a7813-90e0-495b-a97c-392387fa841a,2026-09-04 16:59:38,Superhero Mask (Red),Costumes,7,11.25,78.75,bank_transfer,South America
1266,a7edc8d8-713f-4f8c-ac8b-e53758ab4778,2026-05-22 05:06:41,Magic Flashing Fruit Bowl,Novelty Items,3,34.0,102.0,debit_card,North America
1267,46feacd4-fe13-43cd-8f2d-5c15eb346d3a,2026-03-21 04:38:36,50mm Double Sided Tape,Packaging,5,5.75,28.75,debit_card,Middle East
1268,6cedd15d-5800-4c02-87ea-7ff58db06746,2026-02-01 06:00:35,Clear Ethernet Cable 2m,Electronics,7,9.99,69.93,debit_card,Africa
1269,3f5fbf4f-d417-4230-9274-ee11b61df906,2026-05-14 11:40:13,Ride On Dinosaur Costume,Costumes,8,145.0,1160.0,credit_card,South America
1270,b00805cc-a7f3-4ae9-a5c7-3c443e75c3b4,2026-06-03 20:03:14,Clear Ethernet Cable 2m,Electronics,8,9.99,79.92,cash,Middle East
1271,4ac66780-3874-4f3c-82d4-9b56cbbed980,2025-10-29 01:02:48,50mm Double Sided Tape,Packaging,6,5.75,34.5,bank_transfer,Europe
1272,8950ddd6-27c6-4bb1-8edd-069df96c9a0a,2026-05-30 09:49:53,Alien Egg Fidget Ball,Novelty Items,9,6.25,56.25,cash,North America
1273,4ccb2355-39d1-47ff-b27e-1442fd7fe973,2026-07-20 01:47:31,Clear Ethernet Cable 2m,Electronics,2,9.99,19.98,debit_card,North America
1274,84ef4324-cc1b-4157-ac9f-9c545e0a72ab,2025-11-13 04:35:01,Air Cushion Machine,Packaging,5,1850.0,9250.0,credit_card,Asia Pacific
1275,de9e3757-5260-401e-aecf-67d2749176f4,2026-07-28 20:53:05,50mm Double Sided Tape,Packaging,6,5.75,34.5,paypal,Europe
1276,7c13f47a-c80c-4195-8b65-84ce7acc9970,2025-12-25 08:23:00,Packaging Tape Dispenser,Packaging,9,22.5,202.5,paypal,Europe
1277,6ba25efe-311c-4eb6-a095-eef68dedf9fb,2026-06-05 13:52:56,Novelty Chilli Chocolates 250g,Confectionery,7,8.5,59.5,paypal,Africa
1278,33baba88-36c7-46fa-baa4-f052bf519362,2025-12-26 14:33:25,Magic Flashing Fruit Bowl,Novelty Items,4,34.0,136.0,cash,Africa
1279,a092f52a-d4a0-47a7-b0cc-1b3b9793b9b4,2026-01-16 10:20:25,Giant Chocolate Snake 1.2m,Confectionery,9,45.0,405.0,paypal,Europe
1280,9136f1f8-f310-46dc-a202-bee65cb5e69c,2026-06-19 03:17:46,Developer Flashing Fish Hat,Novelty Items,9,18.75,168.75,bank_transfer,North America
1281,b0b862ef-6c9f-42b9-b647-8986a3917c99,2025-11-06 04:22:54,Clear Ethernet Cable 2m,Electronics,10,9.99,99.9,bank_transfer,Africa
1282,66fadca0-0b53-4932-bd94-19aa3ea6e5b2,2025-12-05 15:32:16,Ride On Dinosaur Costume,Costumes,3,145.0,435.0,paypal,Asia Pacific
1283,ad371d9e-92cf-4021-9f33-242d49ac9087,2026-01-06 19:21:54,Giant Chocolate Snake 1.2m,Confectionery,10,45.0,450.0,bank_transfer,North America
1284,9fd34579-4667-42ce-a04e-178c10d08d11,2025-12-12 03:43:09,USB Food Flash Drive - Chocolate,Novelty Items,3,12.0,36.0,debit_card,Europe
1285,601bfbcb-f0ee-4cce-8d93-e14a5b167158,2026-05-08 00:36:01,Developer Flashing Fish Hat,Novelty Items,5,18.75,93.75,paypal,Middle East
1286,aca2b148-da33-4aa1-941c-dfcdda0d4a5f,2025-11-03 19:18:54,Giant Chocolate Snake 1.2m,Confectionery,7,45.0,315.0,bank_transfer,Europe
1287,7f7f6c0a-07c0-4116-a394-ed549e3c5a88,2025-12-05 10:38:58,50mm Double Sided Tape,Packaging,10,5.75,57.5,bank_transfer,Asia Pacific
1288,431e930f-0387-474d-9149-d096965d744f,2025-10-06 16:35:57,Ride On Dinosaur Costume,Costumes,3,145.0,435.0,credit_card,South America
1289,bdd151b0-f64a-46ec-b0a5-648eefe9b3d0,2026-03-13 07:19:10,50mm Double Sided Tape,Packaging,4,5.75,23.0,paypal,Africa
1290,0db95301-afbb-411a-a123-5a8c93b7a886,2026-03-29 14:39:30,50mm Double Sided Tape,Packaging,2,5.75,11.5,debit_card,Asia Pacific
1291,7b3a4e3e-7c52-4a17-a80a-c07a2a935d62,2026-06-30 09:03:51,USB Food Flash Drive - Chocolate,Novelty Items,2,12.0,24.0,bank_transfer,Middle East
1292,7d4ed26e-dcd5-4fae-abb3-16a743299780,2026-05-24 06:22:52,Novelty Chilli Chocolates 250g,Confectionery,1,8.5,8.5,bank_transfer,Middle East
1293,cd5f4822-6966-48aa-ae49-f329c84a7b28,2026-04-06 03:33:41,Furry Gloves (Black) S,Clothing,2,15.5,31.0,paypal,Middle East
1294,a58e83dd-548c-4d84-b40d-e04941476506,2026-01-26 18:23:35,Ride On Dinosaur Costume,Costumes,2,145.0,290.0,bank_transfer,Europe
1295,2e0fb5b3-8bae-491e-bf4c-c10f979c30cf,2025-10-18 07:53:06,Air Cushion Machine,Packaging,4,1850.0,7400.0,paypal,Asia Pacific
1296,12a4def0-c4bb-47a9-9988-68dd9c7c7377,2026-01-03 13:10:28,Giant Chocolate Snake 1.2m,Confectionery,3,45.0,135.0,cash,South America
1297,345af934-b42a-4d93-9aba-0f15b2149062,2026-01-25 12:59:30,Novelty Chilli Chocolates 250g,Confectionery,1,8.5,8.5,paypal,Europe
1298,0b36e356-339b-47a8-8b1f-0d7b0977c513,2026-07-07 04:57:56,Superhero Mask (Red),Costumes,8,11.25,90.0,cash,Europe
1299,c521bf2d-dc45-4539-803f-3538e4855aa1,2026-01-23 10:47:09,Packaging Tape Dispenser,Packaging,8,22.5,180.0,cash,South America
1300,92170475-3d95-4e3f-9a52-26e69d642932,2026-07-05 15:58:43,Magic Flashing Fruit Bowl,Novelty Items,10,34.0,340.0,cash,Asia Pacific
1301,78b2b549-3bdb-409e-acc2-16a01bbc91f7,2026-09-04 11:46:30,Packaging Tape Dispenser,Packaging,9,22.5,202.5,paypal,Asia Pacific
1302,3fead90a-21f8-472d-9db7-570eb390b059,2026-03-30 23:32:18,Packaging Tape Dispenser,Packaging,4,22.5,90.0,credit_card,Asia Pacific
1303,990f0c5b-adcc-4daf-969f-3ab3c6435300,2025-11-02 07:06:11,Alien Egg Fidget Ball,Novelty Items,6,6.25,37.5,paypal,South America
1304,3eb13b90-4668-4257-bdd6-40fb06671ad1,2026-06-29 14:33:05,Alien Egg Fidget Ball,Novelty Items,1,6.25,6.25,cash,South America
1305,d0be73ee-fd37-4539-a5f2-02f983f02dc7,2026-01-04 07:19:38,Developer Flashing Fish Hat,Novelty Items,5,18.75,93.75,cash,North America
1306,9a069295-3b8d-4447-8e61-065f171b1b80,2026-09-29 11:08:05,50mm Double Sided Tape,Packaging,8,5.75,46.0,bank_transfer,Europe
1307,c8ebe27a-23a4-470e-9dbc-15c02a7dc57c,2026-01-16 09:29:15,Novelty Chilli Chocolates 250g,Confectionery,7,8.5,59.5,paypal,Middle East
1308,79474bfa-cdd0-44d4-9542-27deb6adf48b,2026-08-07 14:44:56,Air Cushion Machine,Packaging,1,1850.0,1850.0,paypal,South America
1309,a4244f23-0d5b-47cd-8000-35f0df7d0dd7,2026-08-08 22:37:23,Clear Ethernet Cable 2m,Electronics,9,9.99,89.91,bank_transfer,South America
1310,ae13591e-84fa-4c72-b9e7-a4f197fb613a,2026-06-05 09:37:21,Ride On Dinosaur Costume,Costumes,7,145.0,1015.0,bank_transfer,South America
1311,2e25b5ee-4f11-48dc-9cd3-336904aac1b7,2026-05-22 16:53:49,Alien Egg Fidget Ball,Novelty Items,2,6.25,12.5,debit_card,Middle East
1312,a1e518a2-93d2-48d4-a465-5c397d4d2add,2026-06-19 10:19:56,Furry Gloves (Black) S,Clothing,10,15.5,155.0,paypal,Europe
1313,c4d598f7-e14f-4093-8b6a-d0c7a2356dd4,2026-08-13 20:36:13,Giant Chocolate Snake 1.2m,Confectionery,9,45.0,405.0,paypal,Asia Pacific
1314,89c5b31a-eb6c-4016-8ee6-24d09dac6e83,2026-10-03 06:04:49,Air Cushion Machine,Packaging,2,1850.0,3700.0,debit_card,Europe
1315,1747f387-7d23-4479-9549-2a82b787ef8d,2025-12-21 11:28:06,USB Food Flash Drive - Chocolate,Novelty Items,8,12.0,96.0,bank_transfer,Europe
1316,06a241af-1d0a-47f7-b5e4-a4713fe68c9c,2026-03-19 18:14:31,50mm Double Sided Tape,Packaging,10,5.75,57.5,debit_card,Europe
1317,a18ff6b6-b535-406e-922c-9a5601d74256,2025-11-19 05:27:08,Novelty Chilli Chocolates 250g,Confectionery,3,8.5,25.5,cash,North America
1318,7f671eec-3da7-4577-aee1-e86b9ea556aa,2026-05-05 03:20:56,Ride On Dinosaur Costume,Costumes,2,145.0,290.0,paypal,South America
1319,3f2086c2-f1b8-4d65-806f-64d65c72aebd,2025-12-31 23:02:08,50mm Double Sided Tape,Packaging,8,5.75,46.0,credit_card,South America
1320,d58842de-a2bc-472f-b412-b29347294739,2026-06-14 04:03:10,USB Food Flash Drive - Chocolate,Novelty Items,3,12.0,36.0,bank_transfer,South America
1321,a5cc8bf7-38ab-454c-9c2e-58deea4e3617,2025-12-02 12:20:29,Developer Flashing Fish Hat,Novelty Items,7,18.75,131.25,bank_transfer,Europe
1322,250a4578-fbe9-4499-9bc0-80fd46fb7bf3,2026-09-23 10:40:05,Ergonomic Keyboard,Electronics,1,65.0,65.0,credit_card,South America
1323,4e2d6255-3d13-4a3d-9e2c-2e7d502cf0ee,2026-01-16 19:32:01,Novelty Chilli Chocolates 250g,Confectionery,5,8.5,42.5,bank_transfer,North America
1324,2d174fc9-6f7c-45ea-a72a-6d8eb5122df8,2026-08-22 16:25:14,Packaging Tape Dispenser,Packaging,8,22.5,180.0,debit_card,Europe
1325,ae13591e-84fa-4c72-b9e7-a4f197fb613a,2025-11-29 21:23:52,Superhero Mask (Red),Costumes,7,11.25,78.75,credit_card,North America
1326,532401fc-f758-4ce2-8556-daea67b03283,2025-11-02 09:14:51,Furry Gloves (Black) S,Clothing,4,15.5,62.0,bank_transfer,South America
1327,892e6161-be2d-440a-9e9b-23bc50c7c006,2025-10-28 19:31:35,50mm Double Sided Tape,Packaging,1,5.75,5.75,bank_transfer,Africa
1328,7f7f6c0a-07c0-4116-a394-ed549e3c5a88,2025-12-09 02:10:19,Furry Gloves (Black) S,Clothing,2,15.5,31.0,debit_card,Asia Pacific
1329,78c04ed8-fdd4-4f21-8f03-f0c80effd5bd,2026-08-09 11:29:36,Clear Ethernet Cable 2m,Electronics,5,9.99,49.95,paypal,South America
1330,81b15db9-88cc-4d49-a69b-29b8950df1a0,2026-02-02 02:48:34,Giant Chocolate Snake 1.2m,Confectionery,1,45.0,45.0,cash,Middle East
1331,2aa93b43-6d15-416f-b7b8-c1a59a45693d,2026-05-24 17:52:19,USB Food Flash Drive - Chocolate,Novelty Items,5,12.0,60.0,paypal,South America
1332,a8761e85-bddf-403a-aa84-30f84f2da233,2026-07-23 12:27:05,Developer Flashing Fish Hat,Novelty Items,1,18.75,18.75,debit_card,North America
1333,74685b98-d2fe-4fde-9918-b3e5f2f25eef,2026-08-21 18:08:10,Air Cushion Machine,Packaging,7,1850.0,12950.0,credit_card,South America
1334,c1836315-330f-4be1-a689-b4247a3a10e1,2026-05-14 17:03:14,Furry Gloves (Black) S,Clothing,5,15.5,77.5,credit_card,Asia Pacific
1335,43b7a3a6-9a8d-4a03-980d-7b71d8f56413,2026-09-28 09:47:47,Furry Gloves (Black) S,Clothing,4,15.5,62.0,credit_card,Middle East
1336,409e7a80-86c5-41d6-9ea9-f50831227592,2026-01-25 17:42:19,Furry Gloves (Black) S,Clothing,8,15.5,124.0,cash,South America
1337,3985fb62-17dc-4eff-a872-13f98d605936,2026-03-25 04:51:59,Developer Flashing Fish Hat,Novelty Items,2,18.75,37.5,debit_card,Asia Pacific
1338,ddf275eb-e8a3-4341-8881-9065ba2c98ce,2025-11-22 22:43:11,USB Food Flash Drive - Chocolate,Novelty Items,10,12.0,120.0,credit_card,North America
1339,24e9bcfd-9647-4f9f-b508-507af622d842,2026-04-05 16:14:29,Developer Flashing Fish Hat,Novelty Items,3,18.75,56.25,cash,North America
1340,c19ad58c-c35b-4c8c-8a4c-9f7f9384ec2b,2026-06-30 02:36:13,Ride On Dinosaur Costume,Costumes,8,145.0,1160.0,paypal,Middle East
1341,3fead90a-21f8-472d-9db7-570eb390b059,2026-01-31 17:59:42,Furry Gloves (Black) S,Clothing,6,15.5,93.0,bank_transfer,Africa
1342,143a9aff-659b-4105-8b80-f288446f64dd,2026-07-04 09:39:01,Air Cushion Machine,Packaging,1,1850.0,1850.0,bank_transfer,Europe
1343,4ab7706e-b773-40ca-aec2-59dc7f95897c,2026-03-10 23:18:39,50mm Double Sided Tape,Packaging,3,5.75,17.25,credit_card,Asia Pacific
1344,3e00980e-ae44-4e21-9258-64f225d4a0fc,2026-01-19 09:10:41,50mm Double Sided Tape,Packaging,8,5.75,46.0,paypal,Middle East
1345,f2b43abf-8441-4efd-8299-436a8e485223,2026-04-18 00:23:54,50mm Double Sided Tape,Packaging,8,5.75,46.0,cash,South America
1346,30974b2b-46a0-4a9b-a5ec-7acd0f8035f5,2026-05-03 08:39:09,Packaging Tape Dispenser,Packaging,6,22.5,135.0,bank_transfer,Europe
1347,cdcc2d6a-1a16-498c-b648-776e183fea70,2026-04-15 10:09:53,Superhero Mask (Red),Costumes,10,11.25,112.5,cash,South America
1348,ab3b4d37-560c-45ee-a38c-254c076e2bba,2026-03-24 15:52:05,USB Food Flash Drive - Chocolate,Novelty Items,9,12.0,108.0,bank_transfer,Europe
1349,31d4ee09-8fd3-4afc-91fd-fa4f0d18ab95,2025-11-05 21:25:55,Superhero Mask (Red),Costumes,5,11.25,56.25,paypal,Asia Pacific
1350,b423ccde-8857-4117-a155-46672112507c,2026-05-25 21:45:55,Novelty Chilli Chocolates 250g,Confectionery,9,8.5,76.5,debit_card,North America
1351,4e2d6255-3d13-4a3d-9e2c-2e7d502cf0ee,2025-10-21 03:11:20,Magic Flashing Fruit Bowl,Novelty Items,6,34.0,204.0,cash,South America
1352,cdfd9531-302b-4831-92a1-fe7ddfa59722,2026-09-16 01:40:54,Developer Flashing Fish Hat,Novelty Items,2,18.75,37.5,cash,Asia Pacific
1353,01b158e9-0406-4f44-bce4-0679a8c6dbc0,2026-03-22 10:27:31,Air Cushion Machine,Packaging,9,1850.0,16650.0,bank_transfer,Middle East
1354,4104a8b5-a34d-47c5-b60d-ebbb3b70b3a1,2026-07-17 22:00:43,Ride On Dinosaur Costume,Costumes,10,145.0,1450.0,paypal,Asia Pacific
1355,6651529e-8268-490b-a438-25b559e4b671,2026-02-07 19:54:52,Giant Chocolate Snake 1.2m,Confectionery,6,45.0,270.0,credit_card,Middle East
1356,9b49bd26-df57-459a-8715-a10343dac043,2026-05-28 02:40:43,Giant Chocolate Snake 1.2m,Confectionery,2,45.0,90.0,debit_card,South America
1357,31b1b099-d527-41e7-99bc-143efb02bebb,2026-01-10 21:15:27,Superhero Mask (Red),Costumes,1,11.25,11.25,credit_card,Asia Pacific
1358,ae849217-1d53-434b-b881-39b9ae270da7,2025-10-15 16:44:16,Air Cushion Machine,Packaging,2,1850.0,3700.0,cash,Africa
1359,9adf4709-ac75-4344-a08e-149e44b9e602,2025-11-10 02:53:16,Superhero Mask (Red),Costumes,7,11.25,78.75,bank_transfer,Middle East
1360,b9de7a3a-4868-42b9-80a8-1de9d20f87d0,2026-01-02 13:23:23,Magic Flashing Fruit Bowl,Novelty Items,10,34.0,340.0,credit_card,Europe
1361,72e76b51-6e54-4c6d-aff8-e87e16591c89,2026-06-24 12:34:33,Air Cushion Machine,Packaging,10,1850.0,18500.0,credit_card,North America
1362,5efeef4f-d8dd-4bc0-b325-3aa3ec170298,2026-08-26 07:21:31,RC Mini Monster Truck,Toys,4,28.0,112.0,bank_transfer,North America
1363,c4767556-f97b-42dd-8f9b-72aed85c16bd,2026-09-04 20:15:29,Ergonomic Keyboard,Electronics,1,65.0,65.0,cash,Africa
1364,e8cee951-b047-4ea4-bee5-ce6933cb202e,2026-05-17 00:54:14,RC Mini Monster Truck,Toys,7,28.0,196.0,paypal,Africa
1365,d85480f0-dfca-40b7-99b1-7e80dea4ae17,2026-05-21 16:02:31,Novelty Chilli Chocolates 250g,Confectionery,10,8.5,85.0,cash,North America
1366,dfdf0e05-c0ce-431b-9038-e153c601818b,2025-10-13 17:01:16,50mm Double Sided Tape,Packaging,2,5.75,11.5,paypal,North America
1367,4eea04e7-0ab5-4bde-a0a0-45026e068097,2026-07-29 15:44:35,Air Cushion Machine,Packaging,9,1850.0,16650.0,credit_card,Africa
1368,532401fc-f758-4ce2-8556-daea67b03283,2026-06-23 17:46:41,Air Cushion Machine,Packaging,9,1850.0,16650.0,debit_card,South America
1369,35102852-b474-4349-89fc-2cd8c56bad4c,2026-08-20 15:51:38,Packaging Tape Dispenser,Packaging,4,22.5,90.0,debit_card,Middle East
1370,da003f16-b946-4bcf-8082-cbb948bddb3e,2026-01-18 07:41:04,50mm Double Sided Tape,Packaging,9,5.75,51.75,credit_card,Africa
1371,7d1645a0-d253-4966-836b-9a0a41e02a89,2026-05-17 10:40:15,Magic Flashing Fruit Bowl,Novelty Items,6,34.0,204.0,bank_transfer,Africa
1372,d847dc53-c605-458a-8845-4343ddb449dc,2025-10-21 06:38:45,Giant Chocolate Snake 1.2m,Confectionery,7,45.0,315.0,credit_card,South America
1373,518b2f21-9cf2-4859-ae6e-2e7253f591dc,2026-07-29 00:21:04,Furry Gloves (Black) S,Clothing,3,15.5,46.5,bank_transfer,Middle East
1374,7f8e5483-28ca-4a1d-835b-ec2c3098f7b2,2026-07-26 08:35:46,Developer Flashing Fish Hat,Novelty Items,3,18.75,56.25,cash,Asia Pacific
1375,131eb723-3bcd-4203-859e-e67473e7f042,2025-12-12 16:33:20,RC Mini Monster Truck,Toys,6,28.0,168.0,paypal,Middle East
1376,990f0c5b-adcc-4daf-969f-3ab3c6435300,2026-04-06 09:02:42,Developer Flashing Fish Hat,Novelty Items,6,18.75,112.5,bank_transfer,Africa
1377,6778043b-c5c5-437a-b85e-06a11dad09b2,2026-04-25 04:45:11,Developer Flashing Fish Hat,Novelty Items,10,18.75,187.5,cash,Middle East
1378,3283daa4-e212-4b7c-9d36-1cb6bcc57be0,2026-06-15 16:10:05,Air Cushion Machine,Packaging,7,1850.0,12950.0,cash,Africa
1379,ebc92914-5176-49d1-9a36-24d62e9ce8ff,2026-03-26 09:32:11,Alien Egg Fidget Ball,Novelty Items,6,6.25,37.5,bank_transfer,Asia Pacific
1380,7bf69552-4cbc-4044-abcd-5ce746a56fe8,2026-09-26 10:04:37,Clear Ethernet Cable 2m,Electronics,1,9.99,9.99,credit_card,Europe
1381,0a8bb5b4-9049-4583-ac86-a890d7b00bdc,2026-01-21 16:16:00,Magic Flashing Fruit Bowl,Novelty Items,1,34.0,34.0,debit_card,Europe
1382,1238d630-743b-45a2-9c0f-2fcfb3f6fe0d,2025-12-15 03:15:40,Novelty Chilli Chocolates 250g,Confectionery,5,8.5,42.5,debit_card,Europe
1383,329fc417-1081-4d45-bf45-f8a20594b24f,2026-05-20 23:19:38,Novelty Chilli Chocolates 250g,Confectionery,5,8.5,42.5,cash,Middle East
1384,9df2372e-9e82-4aae-9d36-16a108dec921,2026-03-23 22:24:08,Packaging Tape Dispenser,Packaging,10,22.5,225.0,cash,South America
1385,bf5023f4-40ef-4935-9f90-bed6fb25664d,2026-06-09 04:16:55,USB Food Flash Drive - Chocolate,Novelty Items,1,12.0,12.0,paypal,South America
1386,3712f2d1-87cd-46a1-bf01-2e32177d6e7e,2026-08-17 20:58:21,Ride On Dinosaur Costume,Costumes,5,145.0,725.0,cash,South America
1387,53c93ae7-7cf0-4bb3-b343-d9eb7466ef02,2026-04-14 14:52:34,Air Cushion Machine,Packaging,5,1850.0,9250.0,paypal,North America
1388,3990e2c9-4c6a-40f4-8ede-c44d476cf68c,2025-11-10 02:06:02,Magic Flashing Fruit Bowl,Novelty Items,7,34.0,238.0,debit_card,Africa
1389,c0582da5-a757-475b-947f-83b1bc69c155,2026-04-06 04:28:26,USB Food Flash Drive - Chocolate,Novelty Items,6,12.0,72.0,bank_transfer,South America
1390,db8f0e32-edef-4003-9fce-01e3042b03ca,2026-02-17 18:53:30,Ergonomic Keyboard,Electronics,10,65.0,650.0,credit_card,Middle East
1391,04fc6d82-7d15-4385-92fb-e43b99546eb4,2026-03-13 05:44:23,Giant Chocolate Snake 1.2m,Confectionery,5,45.0,225.0,cash,Asia Pacific
1392,7603c36c-f139-4e3c-8aee-25571f5df912,2026-02-12 02:19:08,USB Food Flash Drive - Chocolate,Novelty Items,1,12.0,12.0,paypal,Europe
1393,a9e27ba9-952e-4abb-94dd-5061555736f8,2026-02-07 08:08:22,RC Mini Monster Truck,Toys,7,28.0,196.0,credit_card,South America
1394,620d4a1f-479f-4628-9674-eb650f9c5300,2026-06-22 21:45:24,50mm Double Sided Tape,Packaging,10,5.75,57.5,credit_card,Africa
1395,a8b317fa-18d0-452b-9825-bc5430beb45f,2025-11-15 06:36:04,Furry Gloves (Black) S,Clothing,7,15.5,108.5,paypal,Middle East
1396,43b47ee5-e1e8-4e7e-a249-8f666e51484d,2026-09-03 18:18:41,Novelty Chilli Chocolates 250g,Confectionery,6,8.5,51.0,cash,South America
1397,b139c476-de3c-488b-a6b9-d31a361f6d90,2025-12-07 02:39:21,Developer Flashing Fish Hat,Novelty Items,9,18.75,168.75,debit_card,South America
1398,c9ea356a-7abf-4ebf-942c-b1ae19f738cb,2026-02-10 17:39:09,Novelty Chilli Chocolates 250g,Confectionery,7,8.5,59.5,bank_transfer,Middle East
1399,e7c421c7-4049-4b71-bd10-6c6081627cf1,2026-03-14 12:28:12,Magic Flashing Fruit Bowl,Novelty Items,9,34.0,306.0,debit_card,Asia Pacific
1400,6a702e2f-7746-40ba-8ae8-905b54b4a482,2026-07-02 01:10:01,Alien Egg Fidget Ball,Novelty Items,7,6.25,43.75,debit_card,Europe
1401,ad371d9e-92cf-4021-9f33-242d49ac9087,2026-04-16 01:45:56,USB Food Flash Drive - Chocolate,Novelty Items,8,12.0,96.0,credit_card,Middle East
1402,4ca415ea-8dfa-4a56-912d-bc9aaaf91531,2026-01-25 14:02:39,Clear Ethernet Cable 2m,Electronics,5,9.99,49.95,bank_transfer,Middle East
1403,28fea761-8d49-4e3f-aca8-f78384182d35,2026-06-19 23:23:09,Clear Ethernet Cable 2m,Electronics,3,9.99,29.97,debit_card,Asia Pacific
1404,9136f1f8-f310-46dc-a202-bee65cb5e69c,2026-03-10 04:08:42,Packaging Tape Dispenser,Packaging,4,22.5,90.0,bank_transfer,Africa
1405,6b352f85-504e-4687-b0e7-e75604d9145e,2026-08-17 14:38:41,Magic Flashing Fruit Bowl,Novelty Items,4,34.0,136.0,cash,Africa
1406,5c9d927d-84b8-41bb-b005-68d20de051a6,2026-07-28 00:01:52,Packaging Tape Dispenser,Packaging,4,22.5,90.0,credit_card,Europe
1407,30974b2b-46a0-4a9b-a5ec-7acd0f8035f5,2026-05-07 06:55:54,Furry Gloves (Black) S,Clothing,7,15.5,108.5,cash,North America
1408,7c7c404e-c422-403e-b29a-6339577bc55a,2025-10-19 21:42:06,USB Food Flash Drive - Chocolate,Novelty Items,7,12.0,84.0,paypal,Europe
1409,87d292a6-98ee-4c2b-be9f-ecaa6182f347,2026-03-31 06:56:40,Air Cushion Machine,Packaging,6,1850.0,11100.0,cash,Africa
1410,f6b751f7-9b74-4245-9b1b-c8952af43ab7,2025-11-08 20:26:11,Novelty Chilli Chocolates 250g,Confectionery,5,8.5,42.5,paypal,Middle East
1411,fe7ee362-8a89-40f0-9052-91d3b34c6c73,2026-02-04 19:10:19,Superhero Mask (Red),Costumes,8,11.25,90.0,debit_card,Asia Pacific
1412,7bf47042-bd15-41c8-b764-fbda3108d448,2026-01-11 16:11:15,Novelty Chilli Chocolates 250g,Confectionery,4,8.5,34.0,paypal,South America
1413,fbc9f87a-f668-4617-94a1-875d2db69edb,2026-02-08 04:47:23,Furry Gloves (Black) S,Clothing,2,15.5,31.0,credit_card,South America
1414,45a08539-6de8-470a-8e9e-9ebd55c34853,2025-11-19 16:07:38,Magic Flashing Fruit Bowl,Novelty Items,3,34.0,102.0,paypal,North America
1415,39c1e262-f76c-4ede-8110-12662408a6dc,2026-08-01 16:19:41,Developer Flashing Fish Hat,Novelty Items,2,18.75,37.5,bank_transfer,Asia Pacific
1416,7de31a51-6694-4343-90ba-58e3d2762bdc,2026-03-11 14:50:39,Novelty Chilli Chocolates 250g,Confectionery,6,8.5,51.0,cash,South America
1417,67f5ae02-af5b-4f47-8eae-71cfce000af0,2026-09-06 13:12:38,Air Cushion Machine,Packaging,9,1850.0,16650.0,paypal,Middle East
1418,614077d3-9ec4-4a48-9773-f98d550c2fe9,2026-04-23 12:02:39,Ergonomic Keyboard,Electronics,10,65.0,650.0,debit_card,Africa
1419,36136e15-f200-4261-8d29-d1ab345512f7,2026-08-22 00:32:18,50mm Double Sided Tape,Packaging,1,5.75,5.75,cash,Africa
1420,81fb18b3-c9a7-491f-af2a-e71357021049,2025-10-06 02:23:18,Packaging Tape Dispenser,Packaging,1,22.5,22.5,debit_card,North America
1421,d2c2a960-8b09-41ab-866d-ceb344945e09,2026-06-18 01:29:55,Alien Egg Fidget Ball,Novelty Items,4,6.25,25.0,cash,Europe
1422,a58e83dd-548c-4d84-b40d-e04941476506,2026-09-08 06:45:07,Novelty Chilli Chocolates 250g,Confectionery,8,8.5,68.0,credit_card,North America
1423,7a9a8ef5-c11b-41c4-bfe3-f366bf337a15,2026-05-04 08:59:54,Clear Ethernet Cable 2m,Electronics,5,9.99,49.95,paypal,North America
1424,c57c7498-1e38-4711-a2ec-13f4bba1aed9,2026-04-03 01:35:28,Novelty Chilli Chocolates 250g,Confectionery,5,8.5,42.5,bank_transfer,South America
1425,7d98302f-7357-41e5-be1a-1ba9c8969c5b,2026-03-15 03:24:22,Clear Ethernet Cable 2m,Electronics,9,9.99,89.91,credit_card,Europe
1426,e6fdd7af-dd84-4acc-b672-94643f8ea40a,2025-10-26 16:52:42,Ergonomic Keyboard,Electronics,10,65.0,650.0,credit_card,South America
1427,35adde88-43e4-4668-82ea-d2df725656e3,2025-12-17 12:03:20,Air Cushion Machine,Packaging,9,1850.0,16650.0,bank_transfer,Middle East
1428,e0c53cb8-3da9-42a9-8ed4-2f1a3d4cbf37,2026-04-24 23:51:54,RC Mini Monster Truck,Toys,1,28.0,28.0,debit_card,Middle East
1429,13aec376-c359-410a-b1a6-014c5f3c44dc,2026-02-23 03:41:15,Alien Egg Fidget Ball,Novelty Items,6,6.25,37.5,bank_transfer,Africa
1430,3a7e8e14-e359-4ee1-b399-1a476e191042,2026-06-04 11:01:40,Ride On Dinosaur Costume,Costumes,1,145.0,145.0,paypal,Europe
1431,5913f9d3-7852-49f4-975b-a98df8140102,2026-07-26 10:13:15,Giant Chocolate Snake 1.2m,Confectionery,5,45.0,225.0,cash,Europe
1432,2e13418d-68ab-40ea-897e-c6d1081fc6dc,2026-04-17 05:57:07,Furry Gloves (Black) S,Clothing,1,15.5,15.5,paypal,Asia Pacific
1433,2460d0d2-9048-43c1-9151-9998f2933585,2026-06-05 12:53:30,RC Mini Monster Truck,Toys,1,28.0,28.0,cash,Europe
1434,b65feea9-7d82-4264-9ba3-62e7afa415e5,2026-03-26 07:46:48,Air Cushion Machine,Packaging,3,1850.0,5550.0,bank_transfer,Africa
1435,614077d3-9ec4-4a48-9773-f98d550c2fe9,2026-07-27 19:17:05,Ride On Dinosaur Costume,Costumes,2,145.0,290.0,bank_transfer,Middle East
1436,1a57f9e4-c5f8-42f8-814f-499428457780,2025-10-25 16:42:58,Giant Chocolate Snake 1.2m,Confectionery,10,45.0,450.0,debit_card,Asia Pacific
1437,8bcf53a1-bc10-4a52-bf5d-2fdf89c8d2ab,2025-12-23 16:57:36,Air Cushion Machine,Packaging,10,1850.0,18500.0,bank_transfer,Europe
1438,c9e48e8c-25c6-4c45-863d-04ee541c7a86,2026-01-17 08:48:15,RC Mini Monster Truck,Toys,10,28.0,280.0,bank_transfer,Middle East
1439,69a53b4f-8ff8-469d-8ec0-713dea2c7a51,2026-05-06 22:45:28,Ride On Dinosaur Costume,Costumes,4,145.0,580.0,debit_card,Middle East
1440,9bdc70d1-9cbf-4b8c-b410-2d5d1db14bfc,2025-11-25 12:47:29,Packaging Tape Dispenser,Packaging,4,22.5,90.0,debit_card,Europe
1441,53ea4919-db48-42c2-95ff-2a1f370b9a29,2026-09-30 22:11:47,50mm Double Sided Tape,Packaging,9,5.75,51.75,debit_card,Asia Pacific
1442,5efeef4f-d8dd-4bc0-b325-3aa3ec170298,2026-01-25 12:17:09,RC Mini Monster Truck,Toys,3,28.0,84.0,cash,South America
1443,7afeb114-9561-4813-8d25-9caab8adad87,2026-03-24 19:11:51,Developer Flashing Fish Hat,Novelty Items,2,18.75,37.5,cash,Africa
1444,278ed00d-ba02-46ef-be05-5787965befdf,2026-09-12 17:44:42,USB Food Flash Drive - Chocolate,Novelty Items,3,12.0,36.0,debit_card,Africa
1445,e6e59b32-ac5f-42ef-8085-c1471e910f36,2026-07-03 19:49:18,Novelty Chilli Chocolates 250g,Confectionery,6,8.5,51.0,bank_transfer,Asia Pacific
1446,f7eae66e-ca6c-4f9b-8969-71018b2c550a,2026-04-11 21:30:04,Alien Egg Fidget Ball,Novelty Items,8,6.25,50.0,paypal,South America
1447,eb1fa9f2-d10b-41d0-b317-347038f16a81,2025-11-21 19:25:58,Furry Gloves (Black) S,Clothing,4,15.5,62.0,debit_card,South America
1448,1dc1e7eb-711c-4673-8535-1a69dabf984e,2025-10-16 20:44:32,Novelty Chilli Chocolates 250g,Confectionery,10,8.5,85.0,paypal,Middle East
1449,ac9ed156-f63f-4e41-ba9a-ca5e176132ed,2026-06-07 07:53:34,Magic Flashing Fruit Bowl,Novelty Items,10,34.0,340.0,cash,South America
1450,5e187b24-8e67-4a01-986a-646059a1120e,2026-05-30 02:45:17,Air Cushion Machine,Packaging,1,1850.0,1850.0,credit_card,Africa
1451,b00805cc-a7f3-4ae9-a5c7-3c443e75c3b4,2026-08-12 01:48:13,Furry Gloves (Black) S,Clothing,8,15.5,124.0,cash,Middle East
1452,d4aac9a3-3ed8-456c-9a09-dfa052828d80,2026-01-06 14:04:25,Ergonomic Keyboard,Electronics,6,65.0,390.0,bank_transfer,Asia Pacific
1453,fff9f585-0d55-4b61-8a17-5dfebfc00dc8,2026-07-08 07:18:54,Ergonomic Keyboard,Electronics,3,65.0,195.0,debit_card,South America
1454,2f383b43-a137-48e4-a7b1-3040cc39b925,2025-12-06 03:51:04,Novelty Chilli Chocolates 250g,Confectionery,7,8.5,59.5,credit_card,Europe
1455,2775ee42-a89e-42f2-80af-bf3f3df51967,2026-02-03 08:03:39,Clear Ethernet Cable 2m,Electronics,4,9.99,39.96,debit_card,South America
1456,69785221-7fb7-4c57-8b8c-031fa5b40983,2026-05-07 13:51:05,USB Food Flash Drive - Chocolate,Novelty Items,3,12.0,36.0,bank_transfer,Middle East
1457,bff15840-207e-463f-9f32-d5d82abe1585,2025-10-10 23:06:53,Ergonomic Keyboard,Electronics,6,65.0,390.0,bank_transfer,South America
1458,4e2d6255-3d13-4a3d-9e2c-2e7d502cf0ee,2026-05-08 03:00:57,Clear Ethernet Cable 2m,Electronics,7,9.99,69.93,credit_card,Middle East
1459,530ddda6-c8d0-49e5-9919-65ea98d00c2c,2026-03-13 02:24:30,50mm Double Sided Tape,Packaging,7,5.75,40.25,paypal,Asia Pacific
1460,1cd66b09-cf0e-4d2b-b15c-167a45d8a6ad,2025-11-10 20:25:56,Magic Flashing Fruit Bowl,Novelty Items,10,34.0,340.0,cash,Middle East
1461,7f7f6c0a-07c0-4116-a394-ed549e3c5a88,2025-12-31 22:01:17,Giant Chocolate Snake 1.2m,Confectionery,1,45.0,45.0,credit_card,Asia Pacific
1462,b6ca1127-e9f8-4970-8d98-f9e28d888beb,2026-08-28 10:07:44,Ergonomic Keyboard,Electronics,1,65.0,65.0,debit_card,Middle East
1463,3e0f84ce-c82f-48fd-936c-d31cf7bf5244,2026-09-25 04:46:58,Packaging Tape Dispenser,Packaging,7,22.5,157.5,credit_card,Middle East
1464,6544e313-6ea0-4d13-a845-54c3a3f66c61,2025-11-18 17:11:38,Clear Ethernet Cable 2m,Electronics,9,9.99,89.91,credit_card,South America
1465,50ee7a92-a091-41e0-b891-b0c3dd3f487e,2026-04-02 20:39:56,Alien Egg Fidget Ball,Novelty Items,8,6.25,50.0,paypal,Europe
1466,2e25b5ee-4f11-48dc-9cd3-336904aac1b7,2025-11-20 06:31:24,Ergonomic Keyboard,Electronics,3,65.0,195.0,paypal,Middle East
1467,90a3fbbf-7580-4050-a7f1-698cf5948a54,2026-06-14 04:45:05,RC Mini Monster Truck,Toys,1,28.0,28.0,cash,South America
1468,e7c421c7-4049-4b71-bd10-6c6081627cf1,2026-08-24 19:47:46,Ergonomic Keyboard,Electronics,8,65.0,520.0,cash,North America
1469,3dbc3093-a828-4442-bf73-8f5019a2676f,2025-12-04 10:46:28,Ride On Dinosaur Costume,Costumes,10,145.0,1450.0,cash,South America
1470,30974b2b-46a0-4a9b-a5ec-7acd0f8035f5,2026-04-17 04:51:21,Clear Ethernet Cable 2m,Electronics,7,9.99,69.93,bank_transfer,North America
1471,4c636e95-025f-4543-8997-623ae0723d96,2026-10-02 20:36:58,Ride On Dinosaur Costume,Costumes,8,145.0,1160.0,debit_card,Asia Pacific
1472,30974b2b-46a0-4a9b-a5ec-7acd0f8035f5,2026-07-10 22:53:12,USB Food Flash Drive - Chocolate,Novelty Items,5,12.0,60.0,debit_card,Africa
1473,d450281c-6c6f-4633-a260-772317a0df49,2026-01-27 00:00:23,50mm Double Sided Tape,Packaging,2,5.75,11.5,credit_card,Africa
1474,4ca415ea-8dfa-4a56-912d-bc9aaaf91531,2026-04-21 06:41:26,Ergonomic Keyboard,Electronics,6,65.0,390.0,cash,Africa
1475,c1369c65-ae2a-4341-bf59-e4f2c3093b6e,2026-07-06 14:34:21,Clear Ethernet Cable 2m,Electronics,9,9.99,89.91,debit_card,Asia Pacific
1476,9b49bd26-df57-459a-8715-a10343dac043,2026-01-19 20:09:52,Packaging Tape Dispenser,Packaging,7,22.5,157.5,debit_card,Europe
1477,78660765-14f7-4e8d-95bc-b8d04094dded,2026-03-16 00:18:37,Magic Flashing Fruit Bowl,Novelty Items,3,34.0,102.0,debit_card,South America
1478,a4bbf962-606e-4e1c-8f15-84494f40c22f,2026-08-25 19:51:02,Furry Gloves (Black) S,Clothing,1,15.5,15.5,paypal,Europe
1479,3cb98350-1b4d-40fe-bbb3-8605da743152,2026-04-11 00:52:54,50mm Double Sided Tape,Packaging,8,5.75,46.0,debit_card,North America
1480,f7164b73-c555-43ed-be89-56c8d9cb3540,2026-04-07 01:04:01,RC Mini Monster Truck,Toys,3,28.0,84.0,debit_card,North America
1481,11ce5dd2-b45e-41f0-b139-d32c93cd59bf,2026-01-08 07:23:47,Magic Flashing Fruit Bowl,Novelty Items,5,34.0,170.0,bank_transfer,Asia Pacific
1482,d3479a3b-479b-4637-8cc3-6f3bc3affcfe,2026-04-01 01:13:05,Superhero Mask (Red),Costumes,8,11.25,90.0,credit_card,Middle East
1483,7ed70ed7-b194-490b-a961-929e546e035a,2026-05-07 17:49:21,RC Mini Monster Truck,Toys,8,28.0,224.0,debit_card,Middle East
1484,e7b7b4c6-d631-4a80-9c61-2ec210142131,2025-11-30 19:49:14,Giant Chocolate Snake 1.2m,Confectionery,8,45.0,360.0,bank_transfer,Asia Pacific
1485,2f4dd219-186b-4880-ab54-5a15669d01ff,2026-03-03 14:56:25,USB Food Flash Drive - Chocolate,Novelty Items,10,12.0,120.0,credit_card,South America
1486,0e5dd462-cbd0-4ef2-930a-37df0bc61066,2025-12-18 16:16:37,RC Mini Monster Truck,Toys,9,28.0,252.0,cash,Africa
1487,a18ff6b6-b535-406e-922c-9a5601d74256,2026-09-28 16:05:37,Packaging Tape Dispenser,Packaging,4,22.5,90.0,debit_card,South America
1488,295b4715-c333-4861-9fb8-d16c2720797d,2026-05-26 10:15:49,Novelty Chilli Chocolates 250g,Confectionery,6,8.5,51.0,debit_card,North America
1489,afc2ccfc-9db7-484b-a965-d1d1eb7e2e64,2026-04-21 00:48:29,Giant Chocolate Snake 1.2m,Confectionery,10,45.0,450.0,cash,Europe
1490,a18ff6b6-b535-406e-922c-9a5601d74256,2026-07-22 11:36:37,Developer Flashing Fish Hat,Novelty Items,2,18.75,37.5,credit_card,Asia Pacific
1491,3ee82983-d557-4241-91dd-b9bf613d2de9,2026-09-12 03:34:28,Ride On Dinosaur Costume,Costumes,3,145.0,435.0,paypal,Middle East
1492,d1812f77-6500-4423-baeb-cd19e5508ea2,2025-11-27 16:00:34,Giant Chocolate Snake 1.2m,Confectionery,10,45.0,450.0,cash,South America
1493,39e58ff0-92f8-47d4-8750-3f1dc33a1f6c,2026-09-06 04:58:28,Ergonomic Keyboard,Electronics,10,65.0,650.0,credit_card,North America
1494,a5135ea0-fa53-434d-a6d5-901d8b621d41,2025-11-01 18:20:12,Furry Gloves (Black) S,Clothing,5,15.5,77.5,paypal,Asia Pacific
1495,73d39457-b25f-43df-b8d4-9848702ba49f,2026-01-20 22:28:19,Superhero Mask (Red),Costumes,2,11.25,22.5,bank_transfer,Middle East
1496,c7e53bbb-dcb5-4c53-9b62-a8df493e904d,2026-08-01 17:30:50,USB Food Flash Drive - Chocolate,Novelty Items,5,12.0,60.0,debit_card,North America
1497,c9e48e8c-25c6-4c45-863d-04ee541c7a86,2026-08-08 11:03:03,50mm Double Sided Tape,Packaging,5,5.75,28.75,cash,Asia Pacific
1498,f94d8fcb-dba3-496f-ba32-3f6990dbfad6,2026-09-02 11:21:37,Packaging Tape Dispenser,Packaging,4,22.5,90.0,debit_card,Middle East
1499,ad371d9e-92cf-4021-9f33-242d49ac9087,2026-03-15 19:12:12,Novelty Chilli Chocolates 250g,Confectionery,2,8.5,17.0,cash,North America
1500,51a1f5df-06ac-4010-ae08-69c1453b45fe,2026-02-14 15:31:35,Ergonomic Keyboard,Electronics,10,65.0,650.0,paypal,Asia Pacific
1501,c34b9fbb-8d4a-45b8-951a-c8ea585a0afa,2026-10-03 11:29:09,Magic Flashing Fruit Bowl,Novelty Items,6,34.0,204.0,cash,Middle East
1502,69785221-7fb7-4c57-8b8c-031fa5b40983,2026-08-07 13:43:05,Magic Flashing Fruit Bowl,Novelty Items,6,34.0,204.0,debit_card,Middle East
1503,92779574-c457-4cc3-b5f7-89bca6b07458,2026-04-20 20:07:04,Magic Flashing Fruit Bowl,Novelty Items,8,34.0,272.0,bank_transfer,Asia Pacific
1504,d847dc53-c605-458a-8845-4343ddb449dc,2026-01-17 09:53:21,Furry Gloves (Black) S,Clothing,3,15.5,46.5,cash,South America
1505,6786d506-38ba-4abc-8b53-05e517d2582e,2026-08-20 07:44:06,50mm Double Sided Tape,Packaging,5,5.75,28.75,credit_card,North America
1506,2e13418d-68ab-40ea-897e-c6d1081fc6dc,2025-10-06 15:34:10,Novelty Chilli Chocolates 250g,Confectionery,8,8.5,68.0,credit_card,Africa
1507,0f321333-ce31-4937-b4fa-32b6d0437e4c,2026-01-23 11:54:36,Superhero Mask (Red),Costumes,4,11.25,45.0,cash,Asia Pacific
1508,3ce915e7-c9d6-463b-8a3c-6f5f5bb5c40c,2026-07-14 14:56:43,Clear Ethernet Cable 2m,Electronics,1,9.99,9.99,paypal,Middle East
1509,d453dd32-4b0d-4b41-8d52-88f1142c3fe8,2026-01-29 14:24:06,Furry Gloves (Black) S,Clothing,4,15.5,62.0,debit_card,Africa
1510,0aa6fcb9-c1bc-4e59-9296-a12d8ac35ac4,2026-08-26 21:30:03,Alien Egg Fidget Ball,Novelty Items,5,6.25,31.25,credit_card,Europe
1511,518b2f21-9cf2-4859-ae6e-2e7253f591dc,2026-05-21 14:18:56,Alien Egg Fidget Ball,Novelty Items,9,6.25,56.25,paypal,North America
1512,b65feea9-7d82-4264-9ba3-62e7afa415e5,2026-05-18 20:56:14,USB Food Flash Drive - Chocolate,Novelty Items,6,12.0,72.0,bank_transfer,Africa
1513,f7164b73-c555-43ed-be89-56c8d9cb3540,2026-06-18 22:45:12,Magic Flashing Fruit Bowl,Novelty Items,10,34.0,340.0,credit_card,South America
1514,231ae7c7-4c9b-4f5c-a188-7eaf5e1885c3,2026-04-13 19:26:18,Air Cushion Machine,Packaging,6,1850.0,11100.0,paypal,Africa
1515,a1fd4187-9c3a-4e0b-b5f3-f8aadc6dafff,2026-09-06 16:28:22,Ergonomic Keyboard,Electronics,8,65.0,520.0,credit_card,Africa
1516,77a6e17c-d72b-4108-aa40-5f12b963f37f,2025-12-02 08:40:09,Ride On Dinosaur Costume,Costumes,8,145.0,1160.0,bank_transfer,Middle East
1517,1a89b71e-a0d5-42c8-a837-fe68bba205ca,2026-03-28 01:46:59,RC Mini Monster Truck,Toys,6,28.0,168.0,bank_transfer,Africa
1518,2cf6bf75-6a5e-4920-bf5a-e7e653a3dd5a,2026-05-02 19:35:40,Novelty Chilli Chocolates 250g,Confectionery,9,8.5,76.5,cash,Africa
1519,e61599c8-cbf8-4f86-8ec3-f970956d80e4,2026-04-11 18:02:55,Giant Chocolate Snake 1.2m,Confectionery,6,45.0,270.0,cash,North America
1520,0463750e-4964-4b96-ba3c-1628892621df,2026-02-16 16:26:52,Air Cushion Machine,Packaging,10,1850.0,18500.0,paypal,Europe
1521,9c07a751-1437-4509-acd1-586a2b840c67,2026-02-11 18:13:28,USB Food Flash Drive - Chocolate,Novelty Items,3,12.0,36.0,credit_card,Europe
1522,159152f2-a505-4a9c-86e7-5a2c3f6eed9d,2026-05-07 23:54:10,Clear Ethernet Cable 2m,Electronics,9,9.99,89.91,debit_card,Middle East
1523,533420e6-d9d8-4b8d-be8a-dee70758e201,2026-07-28 22:08:54,Magic Flashing Fruit Bowl,Novelty Items,7,34.0,238.0,cash,North America
1524,588a3f87-f96d-40f8-bed6-3da08033f5c2,2026-05-04 16:47:42,Superhero Mask (Red),Costumes,5,11.25,56.25,paypal,Africa
1525,55ab946d-a5b5-4dc2-a181-c85eca0ac6ac,2026-03-01 03:30:44,Novelty Chilli Chocolates 250g,Confectionery,5,8.5,42.5,credit_card,Asia Pacific
1526,6a07f213-7129-4ec7-9b69-554d7c54535f,2026-03-31 11:46:44,RC Mini Monster Truck,Toys,4,28.0,112.0,bank_transfer,Europe
1527,f1b64afe-d31e-4f1a-a9ff-1cae41c8ca8c,2026-10-02 22:28:22,Air Cushion Machine,Packaging,9,1850.0,16650.0,debit_card,North America
1528,93267d25-234b-4562-98af-5cca6b11b7cb,2026-02-07 14:50:31,Developer Flashing Fish Hat,Novelty Items,1,18.75,18.75,debit_card,North America
1529,e5d7b875-6dad-46c7-95a7-6d79bf3c4c06,2026-09-08 08:56:05,Ergonomic Keyboard,Electronics,9,65.0,585.0,bank_transfer,Middle East
1530,66d06371-d8e8-4ebb-ba9e-8eefffa361be,2025-12-17 22:01:38,Ride On Dinosaur Costume,Costumes,4,145.0,580.0,bank_transfer,Africa
1531,78b2b549-3bdb-409e-acc2-16a01bbc91f7,2026-07-03 12:48:58,Superhero Mask (Red),Costumes,9,11.25,101.25,paypal,South America
1532,e8cee951-b047-4ea4-bee5-ce6933cb202e,2026-01-06 09:29:19,Furry Gloves (Black) S,Clothing,2,15.5,31.0,cash,Africa
1533,4d16f049-44d7-4f9a-a38b-05b72b64777c,2026-05-15 17:12:00,Ride On Dinosaur Costume,Costumes,4,145.0,580.0,credit_card,Asia Pacific
1534,30a900ad-939b-462d-a645-f129629c2ae3,2026-03-03 09:12:24,Clear Ethernet Cable 2m,Electronics,9,9.99,89.91,credit_card,Europe
1535,261e2555-863e-4f2a-98a8-06efeb053fc4,2026-01-04 08:37:10,RC Mini Monster Truck,Toys,1,28.0,28.0,cash,North America
1536,68f82063-eeb1-4ad2-81a1-fb0f268b84b6,2026-09-03 02:16:44,Developer Flashing Fish Hat,Novelty Items,8,18.75,150.0,credit_card,North America
1537,654821d0-7fcd-4eb1-a7ca-d415366eb16f,2026-08-02 20:15:29,Packaging Tape Dispenser,Packaging,5,22.5,112.5,cash,Europe
1538,f3579560-71d7-4665-b181-8dcf379efc6e,2026-03-14 04:21:40,Giant Chocolate Snake 1.2m,Confectionery,4,45.0,180.0,debit_card,South America
1539,93e34c35-ef0a-473d-93d2-d56dd0401587,2025-10-22 14:28:55,Alien Egg Fidget Ball,Novelty Items,5,6.25,31.25,paypal,Asia Pacific
1540,9e11d2cd-0930-4ef6-8a80-068ddf547e50,2026-02-06 05:16:40,Giant Chocolate Snake 1.2m,Confectionery,2,45.0,90.0,debit_card,South America
1541,d58842de-a2bc-472f-b412-b29347294739,2026-07-21 20:48:53,Alien Egg Fidget Ball,Novelty Items,2,6.25,12.5,cash,Middle East
1542,48ca7651-92f5-4f7b-8323-d342df6a8f93,2026-04-07 08:07:04,Packaging Tape Dispenser,Packaging,2,22.5,45.0,cash,Europe
1543,aca2b148-da33-4aa1-941c-dfcdda0d4a5f,2026-07-06 12:51:35,Packaging Tape Dispenser,Packaging,6,22.5,135.0,debit_card,Africa
1544,257f7595-cdfb-4db9-85e7-8b23f4613f09,2026-09-25 09:26:45,Furry Gloves (Black) S,Clothing,5,15.5,77.5,debit_card,South America
1545,b42a0456-8736-4a84-b25e-134d86879aa9,2026-08-16 18:32:19,USB Food Flash Drive - Chocolate,Novelty Items,5,12.0,60.0,paypal,Middle East
1546,3eae0032-0bd4-4990-8640-be0f25b8fd4b,2026-03-02 16:59:29,Ergonomic Keyboard,Electronics,1,65.0,65.0,credit_card,Asia Pacific
1547,dbccc477-09e9-4b0a-9f46-529061ee411a,2026-03-04 14:10:28,RC Mini Monster Truck,Toys,1,28.0,28.0,bank_transfer,North America
1548,59e1ac09-5970-4859-86b6-e4ade7ea8d5a,2026-06-20 09:41:16,USB Food Flash Drive - Chocolate,Novelty Items,7,12.0,84.0,debit_card,Africa
1549,a96b3c42-f6d2-4a7b-aec7-6a82148b4376,2026-08-09 09:18:14,Magic Flashing Fruit Bowl,Novelty Items,10,34.0,340.0,bank_transfer,Middle East
1550,21bddb41-0699-4731-9dcf-8766a93b12cd,2026-08-20 09:34:52,Developer Flashing Fish Hat,Novelty Items,5,18.75,93.75,debit_card,Africa
1551,c07a30f2-edd4-453b-90f0-fd0a750cab75,2026-06-15 20:55:02,Furry Gloves (Black) S,Clothing,9,15.5,139.5,bank_transfer,Middle East
1552,a284e8fd-755c-4e2a-b8de-d777bb1e5ae8,2025-12-03 17:23:02,Ride On Dinosaur Costume,Costumes,2,145.0,290.0,bank_transfer,North America
1553,b8e19f56-8787-4a21-8448-2a220308aa5e,2026-04-16 00:27:26,Ergonomic Keyboard,Electronics,5,65.0,325.0,bank_transfer,Asia Pacific
1554,b6aae05b-13d5-42f7-b09b-7d97464c04af,2025-10-20 00:42:27,Air Cushion Machine,Packaging,4,1850.0,7400.0,cash,Europe
1555,59e1ac09-5970-4859-86b6-e4ade7ea8d5a,2025-11-23 16:21:36,RC Mini Monster Truck,Toys,6,28.0,168.0,debit_card,Africa
1556,929d6377-1cfb-455f-82c4-2e488cbadae5,2026-04-18 17:21:09,RC Mini Monster Truck,Toys,6,28.0,168.0,paypal,Asia Pacific
1557,0f02bad0-e706-4ef4-a6aa-9385dd59ba71,2026-05-22 20:32:24,Ergonomic Keyboard,Electronics,1,65.0,65.0,bank_transfer,North America
1558,5844f9fc-114b-4547-89dc-72b85b6a8102,2026-02-11 14:04:28,Developer Flashing Fish Hat,Novelty Items,8,18.75,150.0,debit_card,Europe
1559,b1594847-5c0b-4b10-a757-cb1042f525b9,2026-09-08 09:51:15,Furry Gloves (Black) S,Clothing,6,15.5,93.0,cash,South America
1560,925817b7-cf50-4889-a8b7-7f7b7321bf6b,2025-11-13 15:07:32,Packaging Tape Dispenser,Packaging,2,22.5,45.0,credit_card,Europe
1561,c0582da5-a757-475b-947f-83b1bc69c155,2026-09-10 03:42:16,Packaging Tape Dispenser,Packaging,2,22.5,45.0,paypal,Middle East
1562,4c636e95-025f-4543-8997-623ae0723d96,2026-08-29 19:59:52,Ergonomic Keyboard,Electronics,7,65.0,455.0,bank_transfer,South America
1563,79474bfa-cdd0-44d4-9542-27deb6adf48b,2026-03-25 15:36:39,Magic Flashing Fruit Bowl,Novelty Items,4,34.0,136.0,debit_card,Asia Pacific
1564,66d06371-d8e8-4ebb-ba9e-8eefffa361be,2025-11-13 09:02:24,Clear Ethernet Cable 2m,Electronics,2,9.99,19.98,debit_card,Africa
1565,90bde900-1529-46f5-aad1-1fe87d1b695e,2026-04-27 21:52:44,Magic Flashing Fruit Bowl,Novelty Items,7,34.0,238.0,bank_transfer,Middle East
1566,64d6dfbf-18c0-4e2b-b99f-070420f0156a,2026-09-24 05:35:28,Furry Gloves (Black) S,Clothing,6,15.5,93.0,debit_card,South America
1567,d4cee27c-4a94-4e9f-8c35-1e4f703e957f,2026-04-01 02:32:17,Giant Chocolate Snake 1.2m,Confectionery,2,45.0,90.0,cash,Asia Pacific
1568,bc92fd81-039b-458c-afaa-be0bb7f60cdf,2025-10-11 14:42:34,USB Food Flash Drive - Chocolate,Novelty Items,10,12.0,120.0,bank_transfer,Europe
1569,e8cee951-b047-4ea4-bee5-ce6933cb202e,2026-07-13 05:19:27,Packaging Tape Dispenser,Packaging,2,22.5,45.0,bank_transfer,South America
1570,0f9aea4b-8acd-4e10-bc59-4585944528c0,2025-11-30 15:17:08,Alien Egg Fidget Ball,Novelty Items,7,6.25,43.75,cash,North America
1571,7d4ed26e-dcd5-4fae-abb3-16a743299780,2026-03-13 20:56:14,Giant Chocolate Snake 1.2m,Confectionery,10,45.0,450.0,bank_transfer,Europe
1572,e7c421c7-4049-4b71-bd10-6c6081627cf1,2026-09-08 21:20:36,Ergonomic Keyboard,Electronics,1,65.0,65.0,debit_card,South America
1573,131eb723-3bcd-4203-859e-e67473e7f042,2026-06-16 22:39:50,RC Mini Monster Truck,Toys,10,28.0,280.0,credit_card,South America
1574,6b79afcc-3d0a-4f0c-8c39-4ec71f317405,2025-12-04 14:24:38,Giant Chocolate Snake 1.2m,Confectionery,3,45.0,135.0,cash,Europe
1575,4588fc1b-b238-4849-8fe0-69b6eedaa802,2025-11-03 17:06:34,Clear Ethernet Cable 2m,Electronics,10,9.99,99.9,bank_transfer,South America
1576,2cf6bf75-6a5e-4920-bf5a-e7e653a3dd5a,2026-04-05 23:37:45,Air Cushion Machine,Packaging,6,1850.0,11100.0,cash,Africa
1577,72e76b51-6e54-4c6d-aff8-e87e16591c89,2026-08-05 04:00:12,Alien Egg Fidget Ball,Novelty Items,7,6.25,43.75,paypal,North America
1578,c1369c65-ae2a-4341-bf59-e4f2c3093b6e,2026-01-16 13:51:03,Magic Flashing Fruit Bowl,Novelty Items,1,34.0,34.0,cash,Asia Pacific
1579,2c3aacdc-aed5-4a46-8bde-005b5d8babd7,2026-02-14 03:16:44,Superhero Mask (Red),Costumes,3,11.25,33.75,paypal,North America
1580,62ccc604-0c53-444b-8053-f649b86d066b,2026-06-04 16:51:30,Developer Flashing Fish Hat,Novelty Items,9,18.75,168.75,credit_card,North America
1581,fde91c42-002c-4c22-b4de-5f7070f81dba,2026-07-01 16:08:04,50mm Double Sided Tape,Packaging,9,5.75,51.75,paypal,North America
1582,58c1aad6-f3f8-4ea4-bf14-eafa29f0ef7c,2026-03-09 00:28:22,Superhero Mask (Red),Costumes,5,11.25,56.25,credit_card,South America
1583,c29d782b-2722-496e-9a36-d1ec2c6a6e9a,2026-06-15 00:34:34,Clear Ethernet Cable 2m,Electronics,10,9.99,99.9,paypal,Africa
1584,bdf66ba5-dc9c-46de-a5a6-74c212738a23,2025-11-05 20:15:09,Clear Ethernet Cable 2m,Electronics,7,9.99,69.93,bank_transfer,Middle East
1585,7f072cb9-2fd3-40c0-b945-f2fd56cb1ab0,2026-09-01 10:41:15,Air Cushion Machine,Packaging,3,1850.0,5550.0,debit_card,South America
1586,b89f3a92-999a-4d86-99db-13028dab66d3,2026-02-10 06:06:46,Packaging Tape Dispenser,Packaging,7,22.5,157.5,paypal,Asia Pacific
1587,1a57f9e4-c5f8-42f8-814f-499428457780,2026-09-01 16:03:24,Ride On Dinosaur Costume,Costumes,5,145.0,725.0,debit_card,South America
1588,f10bce9c-582b-41ee-b8e8-035b0c00988a,2026-06-24 13:07:37,Novelty Chilli Chocolates 250g,Confectionery,2,8.5,17.0,credit_card,South America
1589,9adf4709-ac75-4344-a08e-149e44b9e602,2026-09-04 09:18:33,50mm Double Sided Tape,Packaging,8,5.75,46.0,bank_transfer,South America
1590,4a0d2b73-fe54-4e4b-80ff-517323dfecd7,2026-04-30 21:22:48,USB Food Flash Drive - Chocolate,Novelty Items,3,12.0,36.0,bank_transfer,Asia Pacific
1591,8b2d158a-cd5a-4324-be7c-80e9a1791e93,2026-03-02 05:36:14,RC Mini Monster Truck,Toys,10,28.0,280.0,bank_transfer,Middle East
1592,c7bf4fbc-d43c-4d6d-a0c1-ff1e20da8972,2026-02-05 15:09:20,Ride On Dinosaur Costume,Costumes,8,145.0,1160.0,bank_transfer,Middle East
1593,4a1dab32-6aed-4dc7-a3e0-5309b5a1b949,2026-06-06 01:51:05,Superhero Mask (Red),Costumes,8,11.25,90.0,paypal,South America
1594,77242041-1e43-4bd2-aaf4-07f70fe76149,2026-07-11 18:35:29,Ride On Dinosaur Costume,Costumes,7,145.0,1015.0,credit_card,Middle East
1595,4b9dfd58-9e5d-4c7a-85ac-c35415f00cb4,2026-09-15 07:11:15,Ergonomic Keyboard,Electronics,4,65.0,260.0,cash,Europe
1596,33baba88-36c7-46fa-baa4-f052bf519362,2026-07-27 13:47:51,Clear Ethernet Cable 2m,Electronics,9,9.99,89.91,paypal,North America
1597,46494296-6f58-42c3-bf86-cc319d66e815,2026-04-13 03:39:35,Novelty Chilli Chocolates 250g,Confectionery,10,8.5,85.0,paypal,North America
1598,ebc92914-5176-49d1-9a36-24d62e9ce8ff,2026-09-09 10:51:31,Magic Flashing Fruit Bowl,Novelty Items,8,34.0,272.0,credit_card,South America
1599,8950ddd6-27c6-4bb1-8edd-069df96c9a0a,2026-05-03 18:17:40,50mm Double Sided Tape,Packaging,9,5.75,51.75,paypal,Asia Pacific
1600,67f5ae02-af5b-4f47-8eae-71cfce000af0,2025-10-19 14:15:48,Packaging Tape Dispenser,Packaging,2,22.5,45.0,cash,North America
1601,1e5ebe54-5907-4299-9c3b-bdd8a74e02a9,2026-06-02 10:47:56,Air Cushion Machine,Packaging,8,1850.0,14800.0,credit_card,Africa
1602,c8ebe27a-23a4-470e-9dbc-15c02a7dc57c,2025-11-01 05:23:14,Giant Chocolate Snake 1.2m,Confectionery,9,45.0,405.0,cash,Europe
1603,95af6d0c-c528-4425-87a9-f33c22d839d3,2026-01-04 19:52:37,Magic Flashing Fruit Bowl,Novelty Items,1,34.0,34.0,paypal,Middle East
1604,d0be73ee-fd37-4539-a5f2-02f983f02dc7,2026-06-07 18:30:24,Furry Gloves (Black) S,Clothing,1,15.5,15.5,bank_transfer,Middle East
1605,257f7595-cdfb-4db9-85e7-8b23f4613f09,2026-06-28 10:43:33,RC Mini Monster Truck,Toys,8,28.0,224.0,paypal,Asia Pacific
1606,4bbe4aff-9326-4ffd-9be4-bf5192698698,2026-09-28 07:20:27,Developer Flashing Fish Hat,Novelty Items,5,18.75,93.75,debit_card,North America
1607,f73936e9-54e3-4579-80af-d193f780ef2f,2026-01-25 06:13:34,50mm Double Sided Tape,Packaging,10,5.75,57.5,paypal,Africa
1608,de9e3757-5260-401e-aecf-67d2749176f4,2026-01-01 23:59:07,Furry Gloves (Black) S,Clothing,10,15.5,155.0,credit_card,Africa
1609,f6b751f7-9b74-4245-9b1b-c8952af43ab7,2026-07-22 16:01:36,Ergonomic Keyboard,Electronics,10,65.0,650.0,cash,North America
1610,c4d598f7-e14f-4093-8b6a-d0c7a2356dd4,2025-11-09 18:03:22,Giant Chocolate Snake 1.2m,Confectionery,5,45.0,225.0,cash,North America
1611,48f4ef12-5e99-43d2-be89-6c64e117dac3,2026-03-23 04:34:01,Alien Egg Fidget Ball,Novelty Items,8,6.25,50.0,debit_card,Middle East
1612,25074181-8d1f-4540-b4ef-f5453e652603,2025-11-12 21:12:58,USB Food Flash Drive - Chocolate,Novelty Items,5,12.0,60.0,debit_card,Middle East
1613,143ac1c5-4f56-4ed5-9566-9e364708203b,2026-07-27 22:49:08,Alien Egg Fidget Ball,Novelty Items,5,6.25,31.25,paypal,North America
1614,b1594847-5c0b-4b10-a757-cb1042f525b9,2026-06-08 18:37:03,50mm Double Sided Tape,Packaging,2,5.75,11.5,debit_card,Middle East
1615,cdfd9531-302b-4831-92a1-fe7ddfa59722,2026-07-06 00:23:51,50mm Double Sided Tape,Packaging,3,5.75,17.25,bank_transfer,Europe
1616,9261549d-3d22-4c30-b28f-41defb140bc3,2026-09-09 12:41:15,Furry Gloves (Black) S,Clothing,3,15.5,46.5,debit_card,Asia Pacific
1617,ecb4678c-1612-4aa6-be96-39ba0ed2ec9d,2025-11-13 16:27:18,Ride On Dinosaur Costume,Costumes,9,145.0,1305.0,credit_card,Europe
1618,a5f60735-757b-4b29-bb2a-a1462999394c,2026-03-26 23:02:36,USB Food Flash Drive - Chocolate,Novelty Items,3,12.0,36.0,debit_card,Asia Pacific
1619,75220646-3273-45bf-9373-bf4d5da49cb9,2025-12-09 06:17:30,Furry Gloves (Black) S,Clothing,7,15.5,108.5,bank_transfer,South America
1620,7bf69552-4cbc-4044-abcd-5ce746a56fe8,2026-07-02 04:13:09,Giant Chocolate Snake 1.2m,Confectionery,8,45.0,360.0,debit_card,South America
1621,a8b317fa-18d0-452b-9825-bc5430beb45f,2026-01-29 22:53:09,Magic Flashing Fruit Bowl,Novelty Items,6,34.0,204.0,paypal,North America
1622,d49405f0-2cd2-4404-a48e-40f1d0421dfa,2026-09-21 12:10:56,Novelty Chilli Chocolates 250g,Confectionery,3,8.5,25.5,bank_transfer,Asia Pacific
1623,8972abbd-cff2-41c4-a53f-9644b39e4df2,2025-10-16 21:28:03,Alien Egg Fidget Ball,Novelty Items,8,6.25,50.0,cash,South America
1624,f4dbca07-e506-4670-b092-947dbe4969ec,2025-10-23 12:19:35,Clear Ethernet Cable 2m,Electronics,7,9.99,69.93,paypal,South America
1625,11ce5dd2-b45e-41f0-b139-d32c93cd59bf,2026-02-08 15:03:02,Packaging Tape Dispenser,Packaging,7,22.5,157.5,paypal,Asia Pacific
1626,ebc92914-5176-49d1-9a36-24d62e9ce8ff,2026-08-10 20:15:16,Clear Ethernet Cable 2m,Electronics,6,9.99,59.94,cash,Africa
1627,a50a13dc-f004-4897-a15b-2e18afb06406,2025-10-27 10:43:43,Novelty Chilli Chocolates 250g,Confectionery,2,8.5,17.0,cash,Africa
1628,aa0217d0-cd4f-4b2b-899a-c252c1e1b94a,2026-01-27 14:02:44,Developer Flashing Fish Hat,Novelty Items,7,18.75,131.25,paypal,Europe
1629,dba6fdf8-f3d0-4ffb-8470-9848929ecc92,2026-02-21 20:46:48,Alien Egg Fidget Ball,Novelty Items,5,6.25,31.25,credit_card,Europe
1630,87d5b7be-1d30-4990-a21b-030782af085c,2026-02-28 05:25:54,Giant Chocolate Snake 1.2m,Confectionery,10,45.0,450.0,bank_transfer,Africa
1631,bc20b9f2-4a9c-489e-91b3-0182f7fe604f,2026-03-21 21:57:05,50mm Double Sided Tape,Packaging,4,5.75,23.0,cash,South America
1632,8ac97b01-e3ad-44d4-aab9-eb022f1dc121,2025-12-01 04:28:06,Packaging Tape Dispenser,Packaging,6,22.5,135.0,debit_card,Europe
1633,3ee82983-d557-4241-91dd-b9bf613d2de9,2026-01-08 11:44:41,Packaging Tape Dispenser,Packaging,1,22.5,22.5,credit_card,North America
1634,f8e1daa7-cbce-4bde-aede-db07e623a689,2026-04-29 22:29:19,Novelty Chilli Chocolates 250g,Confectionery,7,8.5,59.5,cash,North America
1635,112fa612-7969-4ed2-ac48-bf55afd380c4,2026-03-14 16:15:37,Giant Chocolate Snake 1.2m,Confectionery,8,45.0,360.0,debit_card,Africa
1636,72bb912d-7da6-4785-b63b-4dc3a559e463,2026-05-13 10:29:29,Alien Egg Fidget Ball,Novelty Items,5,6.25,31.25,credit_card,North America
1637,56dc8907-ba6c-44ab-a712-303a0f844fef,2026-06-27 10:29:59,Magic Flashing Fruit Bowl,Novelty Items,2,34.0,68.0,cash,Africa
1638,962c04dd-25d0-4461-859c-15740f3f0f48,2026-08-09 10:28:35,RC Mini Monster Truck,Toys,4,28.0,112.0,cash,Africa
1639,43b409ef-2260-470f-a0cc-edc5f05db76e,2025-12-14 13:54:41,USB Food Flash Drive - Chocolate,Novelty Items,2,12.0,24.0,cash,South America
1640,c9230c64-c006-4b5b-b678-39b222b5f457,2025-12-10 16:01:19,Clear Ethernet Cable 2m,Electronics,10,9.99,99.9,debit_card,North America
1641,821c1336-9970-4f60-abff-8d1530cbd755,2025-12-12 15:25:27,50mm Double Sided Tape,Packaging,3,5.75,17.25,paypal,Asia Pacific
1642,b40a9181-ac09-4db7-9908-6e477249f62c,2025-11-05 07:41:53,Giant Chocolate Snake 1.2m,Confectionery,2,45.0,90.0,bank_transfer,Europe
1643,a65f7b8a-dbb4-4021-bdde-64afa75b395a,2026-05-30 08:32:05,Furry Gloves (Black) S,Clothing,7,15.5,108.5,paypal,Europe
1644,4ca9cf07-b1aa-4f6a-aa96-e1e27194eae2,2026-09-08 20:28:23,Ride On Dinosaur Costume,Costumes,2,145.0,290.0,credit_card,Asia Pacific
1645,134c6c92-ec5b-427c-9fde-4fbf3ff350bf,2026-03-03 05:13:51,Clear Ethernet Cable 2m,Electronics,6,9.99,59.94,paypal,Europe
1646,0f9aea4b-8acd-4e10-bc59-4585944528c0,2026-06-03 07:46:44,Ride On Dinosaur Costume,Costumes,8,145.0,1160.0,bank_transfer,South America
1647,575aed2c-a5c5-450c-8186-a57611a72609,2026-06-27 22:56:07,Magic Flashing Fruit Bowl,Novelty Items,7,34.0,238.0,bank_transfer,North America
1648,df3a098a-ccac-4fb5-9a0c-6c0493cd1291,2026-01-07 04:21:21,Ride On Dinosaur Costume,Costumes,9,145.0,1305.0,bank_transfer,South America
1649,2c82989f-fd9c-4bb0-91f1-6485429a4a7c,2026-04-16 22:15:16,Magic Flashing Fruit Bowl,Novelty Items,2,34.0,68.0,bank_transfer,Africa
1650,2dbc2134-c30f-446e-8026-695ff8cda88b,2026-09-25 03:50:34,Alien Egg Fidget Ball,Novelty Items,2,6.25,12.5,credit_card,North America
1651,243012da-b185-4eb8-9f90-fc872edc017e,2026-05-20 03:04:41,Magic Flashing Fruit Bowl,Novelty Items,5,34.0,170.0,bank_transfer,North America
1652,63b4c08b-6b8e-469f-9538-5b0e34f3193c,2025-11-30 05:36:48,RC Mini Monster Truck,Toys,8,28.0,224.0,credit_card,North America
1653,d85480f0-dfca-40b7-99b1-7e80dea4ae17,2026-01-03 19:48:46,Giant Chocolate Snake 1.2m,Confectionery,7,45.0,315.0,debit_card,Africa
1654,b6d1f6bb-f48f-409c-89a2-24410ac4de85,2026-04-02 17:53:18,Developer Flashing Fish Hat,Novelty Items,7,18.75,131.25,credit_card,Middle East
1655,d284f54e-febe-40db-9a3a-61036e3c4532,2026-06-10 09:21:42,50mm Double Sided Tape,Packaging,8,5.75,46.0,bank_transfer,Asia Pacific
1656,0b95017c-5dae-4201-a73b-a8bdc38c1dec,2026-01-12 06:54:00,Superhero Mask (Red),Costumes,2,11.25,22.5,debit_card,North America
1657,6ba25efe-311c-4eb6-a095-eef68dedf9fb,2026-04-02 03:10:02,Clear Ethernet Cable 2m,Electronics,8,9.99,79.92,cash,Middle East
1658,3ce915e7-c9d6-463b-8a3c-6f5f5bb5c40c,2026-01-12 19:28:37,RC Mini Monster Truck,Toys,6,28.0,168.0,paypal,Asia Pacific
1659,a2178f84-bdb0-45ff-a451-e5a411d059b2,2026-06-21 15:03:56,Novelty Chilli Chocolates 250g,Confectionery,2,8.5,17.0,cash,Europe
1660,a5e15b55-57d3-44dd-9963-dc7205c8234b,2025-10-09 07:15:00,USB Food Flash Drive - Chocolate,Novelty Items,8,12.0,96.0,paypal,Africa
1661,1c0f0bdc-ac7e-437c-94cc-1e2a5e4cb287,2026-09-19 18:05:40,Air Cushion Machine,Packaging,3,1850.0,5550.0,credit_card,Asia Pacific
1662,2cf6bf75-6a5e-4920-bf5a-e7e653a3dd5a,2026-08-14 03:23:00,Giant Chocolate Snake 1.2m,Confectionery,4,45.0,180.0,bank_transfer,North America
1663,3c6a3174-1136-44a5-a050-9c6208e895d7,2026-04-04 08:08:03,Giant Chocolate Snake 1.2m,Confectionery,6,45.0,270.0,credit_card,Africa
1664,722764e6-8c41-461b-a827-a1b9d4a02e53,2026-09-20 15:32:25,Ergonomic Keyboard,Electronics,4,65.0,260.0,credit_card,South America
1665,d045dd1c-6684-49e3-b1f8-343ea99f1318,2026-01-25 08:34:52,Novelty Chilli Chocolates 250g,Confectionery,10,8.5,85.0,bank_transfer,Asia Pacific
1666,937bf79b-bb44-4adc-aa98-fef8d0d75e37,2026-06-25 19:27:03,USB Food Flash Drive - Chocolate,Novelty Items,9,12.0,108.0,paypal,Asia Pacific
1667,35adde88-43e4-4668-82ea-d2df725656e3,2026-05-05 22:19:25,Packaging Tape Dispenser,Packaging,8,22.5,180.0,credit_card,North America
1668,f206c269-38b7-4c07-80fb-929673b6a09b,2025-12-06 00:05:57,Developer Flashing Fish Hat,Novelty Items,1,18.75,18.75,credit_card,Asia Pacific
1669,a1e518a2-93d2-48d4-a465-5c397d4d2add,2025-11-03 08:06:09,USB Food Flash Drive - Chocolate,Novelty Items,4,12.0,48.0,cash,Asia Pacific
1670,63b4c08b-6b8e-469f-9538-5b0e34f3193c,2026-03-26 04:52:46,Giant Chocolate Snake 1.2m,Confectionery,9,45.0,405.0,cash,South America
1671,295b4715-c333-4861-9fb8-d16c2720797d,2026-02-16 20:33:53,RC Mini Monster Truck,Toys,2,28.0,56.0,debit_card,Asia Pacific
1672,c7e53bbb-dcb5-4c53-9b62-a8df493e904d,2026-05-21 20:13:29,Giant Chocolate Snake 1.2m,Confectionery,1,45.0,45.0,cash,North America
1673,19db3ad0-ddd1-4fb2-bb98-2ef8daf61a26,2026-01-29 19:58:45,Air Cushion Machine,Packaging,3,1850.0,5550.0,debit_card,Africa
1674,fde91c42-002c-4c22-b4de-5f7070f81dba,2026-06-10 19:00:00,Novelty Chilli Chocolates 250g,Confectionery,5,8.5,42.5,credit_card,Asia Pacific
1675,249204c7-ad58-4b1b-be31-537aa43e558c,2026-03-19 10:30:20,Magic Flashing Fruit Bowl,Novelty Items,3,34.0,102.0,cash,North America
1676,6f3f920c-98b8-44cc-9bc0-44fc09cb3942,2026-06-30 17:50:52,Superhero Mask (Red),Costumes,2,11.25,22.5,bank_transfer,Middle East
1677,980402a2-b07a-4066-b354-35ea68949b8d,2026-01-10 18:44:38,Furry Gloves (Black) S,Clothing,10,15.5,155.0,credit_card,South America
1678,53c93ae7-7cf0-4bb3-b343-d9eb7466ef02,2026-04-01 01:40:41,Clear Ethernet Cable 2m,Electronics,6,9.99,59.94,bank_transfer,Europe
1679,8ece1128-56ce-4b42-bc9e-1dcbcb7e6268,2026-08-29 22:27:48,USB Food Flash Drive - Chocolate,Novelty Items,10,12.0,120.0,debit_card,Europe
1680,2f383b43-a137-48e4-a7b1-3040cc39b925,2026-01-30 23:38:16,Superhero Mask (Red),Costumes,4,11.25,45.0,credit_card,Middle East
1681,c0e9ab30-ed26-42e9-97e0-11b7f8102383,2025-12-22 00:29:48,Ride On Dinosaur Costume,Costumes,6,145.0,870.0,credit_card,Europe
1682,c4536f1d-4199-4fdf-b310-22f0770c7798,2026-03-04 01:15:38,Ride On Dinosaur Costume,Costumes,7,145.0,1015.0,paypal,Middle East
1683,0d366dfc-c28e-4d70-b129-9889a01ac992,2026-09-02 01:19:21,Ride On Dinosaur Costume,Costumes,8,145.0,1160.0,cash,North America
1684,6cd6f011-fd61-413b-b7f2-5d368bddcee3,2026-04-11 07:29:07,Ride On Dinosaur Costume,Costumes,2,145.0,290.0,cash,Asia Pacific
1685,35a240ae-5af3-4553-9ec4-2e0829a3b2e9,2025-11-16 01:44:24,Furry Gloves (Black) S,Clothing,3,15.5,46.5,bank_transfer,North America
1686,7d7ddbed-d284-476c-ab88-f83dd97dc9cd,2026-01-05 18:34:37,Novelty Chilli Chocolates 250g,Confectionery,1,8.5,8.5,credit_card,Africa
1687,ff6ef9ed-7e4c-429f-b8cb-ab4c97790e84,2026-03-02 18:13:57,Giant Chocolate Snake 1.2m,Confectionery,10,45.0,450.0,paypal,Asia Pacific
1688,a65f7b8a-dbb4-4021-bdde-64afa75b395a,2026-05-15 18:21:56,50mm Double Sided Tape,Packaging,8,5.75,46.0,debit_card,South America
1689,67f5ae02-af5b-4f47-8eae-71cfce000af0,2026-02-22 01:24:05,Ride On Dinosaur Costume,Costumes,5,145.0,725.0,bank_transfer,Asia Pacific
1690,aa0217d0-cd4f-4b2b-899a-c252c1e1b94a,2026-05-16 21:17:42,Air Cushion Machine,Packaging,3,1850.0,5550.0,credit_card,Middle East
1691,c1369c65-ae2a-4341-bf59-e4f2c3093b6e,2026-01-28 13:23:24,Ride On Dinosaur Costume,Costumes,8,145.0,1160.0,credit_card,Africa
1692,66132e69-7418-4109-93d1-bf0f56c438e4,2026-07-04 05:24:47,Superhero Mask (Red),Costumes,5,11.25,56.25,bank_transfer,North America
1693,b0cbc61f-3d85-4e89-8217-14298e200724,2026-01-28 07:24:35,Packaging Tape Dispenser,Packaging,4,22.5,90.0,credit_card,Middle East
1694,d4578ad9-a867-4096-add8-77c89be71737,2025-10-14 04:09:05,USB Food Flash Drive - Chocolate,Novelty Items,10,12.0,120.0,cash,Middle East
1695,75220646-3273-45bf-9373-bf4d5da49cb9,2026-08-24 00:10:13,Air Cushion Machine,Packaging,8,1850.0,14800.0,debit_card,Europe
1696,fbc9f87a-f668-4617-94a1-875d2db69edb,2026-06-18 06:48:22,Novelty Chilli Chocolates 250g,Confectionery,4,8.5,34.0,debit_card,Africa
1697,ae92ea71-cf7d-4b43-9679-742fff4c96d6,2026-03-08 08:50:11,Superhero Mask (Red),Costumes,8,11.25,90.0,debit_card,South America
1698,a8b317fa-18d0-452b-9825-bc5430beb45f,2026-01-20 06:00:08,Giant Chocolate Snake 1.2m,Confectionery,1,45.0,45.0,paypal,Europe
1699,faf14ff0-7b85-479a-95b0-77e06a5d932b,2025-10-08 19:08:17,Air Cushion Machine,Packaging,7,1850.0,12950.0,paypal,Middle East
1700,9b49bd26-df57-459a-8715-a10343dac043,2026-05-13 10:30:01,Furry Gloves (Black) S,Clothing,8,15.5,124.0,credit_card,Africa
1701,c85aca46-90e0-44a0-bbdd-3933cbd58bf6,2026-09-06 14:40:20,Novelty Chilli Chocolates 250g,Confectionery,9,8.5,76.5,debit_card,North America
1702,30a900ad-939b-462d-a645-f129629c2ae3,2026-06-28 23:46:27,Ergonomic Keyboard,Electronics,9,65.0,585.0,credit_card,South America
1703,8639bd41-8b15-4d94-a42d-0cd7fd359f6a,2026-08-03 22:02:59,50mm Double Sided Tape,Packaging,8,5.75,46.0,cash,Europe
1704,a85894df-3f8c-4097-84da-2c2e1bffa279,2026-07-21 20:28:34,Clear Ethernet Cable 2m,Electronics,4,9.99,39.96,paypal,South America
1705,a3b5cece-a446-4e72-b64c-911aa9ab364a,2025-10-24 16:47:06,Furry Gloves (Black) S,Clothing,2,15.5,31.0,debit_card,North America
1706,939f71a2-f99c-4a5c-b65a-d0f14350ab06,2026-09-24 07:13:29,Air Cushion Machine,Packaging,7,1850.0,12950.0,debit_card,Asia Pacific
1707,e3e9de99-f10c-418b-9eb0-e38a675dd5af,2026-05-29 03:46:40,RC Mini Monster Truck,Toys,4,28.0,112.0,bank_transfer,Middle East
1708,a2cd1590-58af-493c-8aa2-b4c93ba5bd76,2026-07-22 01:10:03,Ergonomic Keyboard,Electronics,1,65.0,65.0,bank_transfer,South America
1709,a1c7cc8a-0435-4b64-893a-d23298c3e3ca,2026-04-16 13:29:36,Air Cushion Machine,Packaging,10,1850.0,18500.0,debit_card,Asia Pacific
1710,15eacbcf-ab10-41ce-aa14-3cd82ff3cde4,2026-08-25 02:16:51,Developer Flashing Fish Hat,Novelty Items,3,18.75,56.25,debit_card,Africa
1711,4d6168bd-2def-4193-9c62-b3a23a3c563e,2026-09-21 18:59:52,Developer Flashing Fish Hat,Novelty Items,5,18.75,93.75,paypal,South America
1712,134c6c92-ec5b-427c-9fde-4fbf3ff350bf,2026-09-21 07:37:23,Novelty Chilli Chocolates 250g,Confectionery,10,8.5,85.0,paypal,South America
1713,8b48f496-86ab-44e7-b412-436011536e99,2026-01-24 19:10:57,USB Food Flash Drive - Chocolate,Novelty Items,8,12.0,96.0,bank_transfer,South America
1714,980402a2-b07a-4066-b354-35ea68949b8d,2026-08-02 22:05:22,Furry Gloves (Black) S,Clothing,6,15.5,93.0,paypal,Middle East
1715,893259f3-1ee8-4a4c-a811-34e250647c59,2026-08-11 21:34:32,Ride On Dinosaur Costume,Costumes,10,145.0,1450.0,debit_card,Middle East
1716,43b409ef-2260-470f-a0cc-edc5f05db76e,2026-01-03 00:31:06,Packaging Tape Dispenser,Packaging,4,22.5,90.0,bank_transfer,Middle East
1717,48d90846-55c5-41fc-bba5-7cc8edaf3766,2026-05-29 09:54:56,Ergonomic Keyboard,Electronics,4,65.0,260.0,bank_transfer,Asia Pacific
1718,614077d3-9ec4-4a48-9773-f98d550c2fe9,2026-08-13 02:12:26,Alien Egg Fidget Ball,Novelty Items,1,6.25,6.25,bank_transfer,Africa
1719,8d03c91e-4f8d-4238-a88b-78b5b5b453ca,2026-02-19 11:31:44,Superhero Mask (Red),Costumes,4,11.25,45.0,paypal,Asia Pacific
1720,4eb9047d-ba2a-43d9-bcf2-fc3bd95874c2,2025-12-29 16:55:47,Magic Flashing Fruit Bowl,Novelty Items,4,34.0,136.0,cash,South America
1721,d1e91691-a320-4116-a22d-f6a48163b6ce,2026-06-09 21:22:06,RC Mini Monster Truck,Toys,10,28.0,280.0,credit_card,Asia Pacific
1722,a59b457f-c0d7-4c73-895f-fa8140d92bce,2025-12-18 11:49:05,Novelty Chilli Chocolates 250g,Confectionery,1,8.5,8.5,cash,North America
1723,c29d782b-2722-496e-9a36-d1ec2c6a6e9a,2026-06-03 18:47:05,Clear Ethernet Cable 2m,Electronics,9,9.99,89.91,bank_transfer,Africa
1724,6b79afcc-3d0a-4f0c-8c39-4ec71f317405,2026-01-10 23:40:14,Superhero Mask (Red),Costumes,2,11.25,22.5,bank_transfer,South America
1725,7b96e2d1-0649-4cf6-bf69-723d584fc85b,2026-06-25 20:52:56,USB Food Flash Drive - Chocolate,Novelty Items,9,12.0,108.0,credit_card,Africa
1726,eb3537a0-2d6e-4291-b789-3986573bfc17,2026-07-26 02:09:02,50mm Double Sided Tape,Packaging,7,5.75,40.25,debit_card,South America
1727,d045dd1c-6684-49e3-b1f8-343ea99f1318,2026-07-12 15:11:57,Developer Flashing Fish Hat,Novelty Items,5,18.75,93.75,credit_card,North America
1728,d4f8fd72-f382-4cfd-8083-b73a473bd358,2026-07-30 17:00:20,Ergonomic Keyboard,Electronics,5,65.0,325.0,bank_transfer,Middle East
1729,3f22faf8-23be-401d-83cf-2fde24933b83,2026-06-18 15:40:37,50mm Double Sided Tape,Packaging,10,5.75,57.5,bank_transfer,Asia Pacific
1730,3e9aec86-0325-4fbd-9ce8-e1c5dbd30aec,2026-06-27 01:41:20,Furry Gloves (Black) S,Clothing,3,15.5,46.5,bank_transfer,South America
1731,bab2b77d-fa74-4cc8-a43a-fb7ac40d4874,2026-08-27 05:31:40,Furry Gloves (Black) S,Clothing,6,15.5,93.0,bank_transfer,Africa
1732,bade8d5d-6fff-45cc-b2dc-6c344f67448e,2025-11-27 18:32:04,Giant Chocolate Snake 1.2m,Confectionery,1,45.0,45.0,credit_card,Asia Pacific
1733,dd39d793-6257-44a2-b204-be894a4b5563,2026-06-06 15:21:23,RC Mini Monster Truck,Toys,6,28.0,168.0,credit_card,Europe
1734,b139c476-de3c-488b-a6b9-d31a361f6d90,2025-11-12 09:17:35,Clear Ethernet Cable 2m,Electronics,5,9.99,49.95,cash,Middle East
1735,be15ad12-90ce-47e9-b513-03b9c7de96ea,2026-09-21 11:59:33,Magic Flashing Fruit Bowl,Novelty Items,4,34.0,136.0,credit_card,Middle East
1736,c92e8c93-d105-48d6-87c1-c01760452909,2026-06-06 07:59:35,RC Mini Monster Truck,Toys,6,28.0,168.0,credit_card,Middle East
1737,c2aef674-8beb-4e78-a683-73a3bb82b796,2026-06-13 15:59:27,RC Mini Monster Truck,Toys,6,28.0,168.0,credit_card,North America
1738,a1b970d0-7a81-44de-b205-07bbfb16f757,2025-10-20 23:06:17,Clear Ethernet Cable 2m,Electronics,6,9.99,59.94,cash,North America
1739,4d3485c5-c5c1-4eb4-b27b-3d901a16342c,2026-02-02 15:07:22,Developer Flashing Fish Hat,Novelty Items,6,18.75,112.5,cash,Africa
1740,7d98302f-7357-41e5-be1a-1ba9c8969c5b,2026-08-07 22:02:31,USB Food Flash Drive - Chocolate,Novelty Items,9,12.0,108.0,debit_card,South America
1741,43b47ee5-e1e8-4e7e-a249-8f666e51484d,2026-03-25 20:25:46,Developer Flashing Fish Hat,Novelty Items,4,18.75,75.0,credit_card,Africa
1742,2ab8bd33-911f-430b-9bff-00b07fe670f3,2025-10-18 14:38:22,Ergonomic Keyboard,Electronics,10,65.0,650.0,debit_card,Africa
1743,f3579560-71d7-4665-b181-8dcf379efc6e,2026-05-18 17:40:44,Furry Gloves (Black) S,Clothing,4,15.5,62.0,paypal,Europe
1744,4ca9cf07-b1aa-4f6a-aa96-e1e27194eae2,2026-02-24 08:24:46,Packaging Tape Dispenser,Packaging,7,22.5,157.5,credit_card,North America
1745,6b79afcc-3d0a-4f0c-8c39-4ec71f317405,2026-07-17 01:44:51,Developer Flashing Fish Hat,Novelty Items,6,18.75,112.5,bank_transfer,Middle East
1746,a59b457f-c0d7-4c73-895f-fa8140d92bce,2025-11-25 16:30:23,Packaging Tape Dispenser,Packaging,2,22.5,45.0,cash,Africa
1747,3c9d128a-2176-4930-b6d7-0248a995ecc3,2025-11-09 15:45:49,Superhero Mask (Red),Costumes,9,11.25,101.25,paypal,Asia Pacific
1748,89ecbc51-98cb-4a52-87f5-301988438de2,2026-09-23 22:00:19,Magic Flashing Fruit Bowl,Novelty Items,6,34.0,204.0,credit_card,South America
1749,8da01097-be0f-451b-9b66-b5a9e3c43657,2026-01-28 06:17:18,RC Mini Monster Truck,Toys,8,28.0,224.0,credit_card,Asia Pacific
1750,3cb98350-1b4d-40fe-bbb3-8605da743152,2026-02-09 12:54:09,RC Mini Monster Truck,Toys,3,28.0,84.0,credit_card,North America
1751,e08596db-1d87-4966-8710-d430f071d879,2026-07-22 22:41:10,Ride On Dinosaur Costume,Costumes,5,145.0,725.0,debit_card,Asia Pacific
1752,7f7f6c0a-07c0-4116-a394-ed549e3c5a88,2026-03-16 00:25:45,Ride On Dinosaur Costume,Costumes,4,145.0,580.0,credit_card,Europe
1753,7c13f47a-c80c-4195-8b65-84ce7acc9970,2025-12-12 20:44:37,Clear Ethernet Cable 2m,Electronics,9,9.99,89.91,debit_card,Asia Pacific
1754,5fbbf0b1-8083-49c8-a57e-01c90da23e5c,2025-12-22 15:12:10,Developer Flashing Fish Hat,Novelty Items,7,18.75,131.25,credit_card,Europe
1755,3602f8ac-10f1-4c81-848a-aa9e66b2bc5b,2025-11-25 23:28:41,Air Cushion Machine,Packaging,2,1850.0,3700.0,debit_card,Middle East
1756,632dbb5e-486b-46bf-aafd-e7d95f733a3e,2026-08-07 02:29:25,Giant Chocolate Snake 1.2m,Confectionery,6,45.0,270.0,cash,Europe
1757,d942644c-248d-41ec-87f8-d4f0f3ea0184,2026-05-03 03:18:15,Giant Chocolate Snake 1.2m,Confectionery,6,45.0,270.0,cash,Africa
1758,159152f2-a505-4a9c-86e7-5a2c3f6eed9d,2026-09-11 00:51:52,50mm Double Sided Tape,Packaging,9,5.75,51.75,cash,Asia Pacific
1759,c5a11f5c-ad05-4912-9ab2-8d4a8bd88fcd,2026-02-24 17:41:56,Ergonomic Keyboard,Electronics,5,65.0,325.0,debit_card,Europe
1760,b04d3376-77fc-4703-9fd5-a423706c5c56,2026-04-29 19:33:44,Ride On Dinosaur Costume,Costumes,5,145.0,725.0,bank_transfer,Europe
1761,6a702e2f-7746-40ba-8ae8-905b54b4a482,2026-04-18 12:43:33,Alien Egg Fidget Ball,Novelty Items,1,6.25,6.25,paypal,Europe
1762,21c71aa3-7414-43b5-8e3e-25f2cf0671c7,2026-09-25 09:58:31,Ergonomic Keyboard,Electronics,3,65.0,195.0,debit_card,Africa
1763,89c5b31a-eb6c-4016-8ee6-24d09dac6e83,2026-01-19 11:47:55,Packaging Tape Dispenser,Packaging,5,22.5,112.5,debit_card,Africa
1764,d4f8fd72-f382-4cfd-8083-b73a473bd358,2026-08-24 04:13:32,50mm Double Sided Tape,Packaging,3,5.75,17.25,debit_card,North America
1765,b6d1f6bb-f48f-409c-89a2-24410ac4de85,2025-12-08 13:19:29,Novelty Chilli Chocolates 250g,Confectionery,6,8.5,51.0,debit_card,Asia Pacific
1766,d4aac9a3-3ed8-456c-9a09-dfa052828d80,2026-01-13 10:47:40,Alien Egg Fidget Ball,Novelty Items,6,6.25,37.5,debit_card,Middle East
1767,a6129a1c-889d-4b76-b75c-30b561730c48,2026-09-25 15:12:48,50mm Double Sided Tape,Packaging,1,5.75,5.75,paypal,Europe
1768,72d78bdd-7817-49ff-b49e-04ccc24369e7,2026-08-21 22:19:33,Ride On Dinosaur Costume,Costumes,6,145.0,870.0,cash,South America
1769,6ba25efe-311c-4eb6-a095-eef68dedf9fb,2026-04-10 18:48:25,Packaging Tape Dispenser,Packaging,5,22.5,112.5,credit_card,Asia Pacific
1770,b4299924-c098-4750-8741-9b4834ae4abd,2026-08-14 20:40:38,RC Mini Monster Truck,Toys,8,28.0,224.0,debit_card,Asia Pacific
1771,77a6e17c-d72b-4108-aa40-5f12b963f37f,2026-01-28 06:34:38,RC Mini Monster Truck,Toys,6,28.0,168.0,credit_card,Africa
1772,2cabd7e7-cc6b-46e5-802a-df9c8a4b8f7c,2026-07-22 14:05:49,Packaging Tape Dispenser,Packaging,9,22.5,202.5,paypal,Asia Pacific
1773,2a9527f6-f817-4ebf-ab6e-64c5bb8aa843,2026-09-08 16:20:50,RC Mini Monster Truck,Toys,5,28.0,140.0,cash,Africa
1774,f2e61828-01bb-419c-8dfe-111722af711f,2026-02-14 04:42:52,Ride On Dinosaur Costume,Costumes,10,145.0,1450.0,bank_transfer,Europe
1775,f280df1d-9a6c-4db9-9217-1c884ce953a7,2026-08-13 23:39:01,50mm Double Sided Tape,Packaging,2,5.75,11.5,bank_transfer,North America
1776,006ed6e3-6fa1-4735-b572-f3d00b5cea6a,2025-11-19 09:07:09,Ride On Dinosaur Costume,Costumes,9,145.0,1305.0,paypal,North America
1777,50834fef-6dec-4bbd-b697-77a159fe3d53,2026-04-05 12:49:28,Clear Ethernet Cable 2m,Electronics,10,9.99,99.9,debit_card,Asia Pacific
1778,3e5a87e3-5560-4b22-896b-5edb0cf2b69b,2025-11-03 21:30:02,Developer Flashing Fish Hat,Novelty Items,2,18.75,37.5,credit_card,Middle East
1779,e1721c83-ef5e-4376-a723-fb72682b163a,2025-11-29 07:36:36,Giant Chocolate Snake 1.2m,Confectionery,4,45.0,180.0,cash,South America
1780,6cedd15d-5800-4c02-87ea-7ff58db06746,2026-07-25 12:51:39,Furry Gloves (Black) S,Clothing,5,15.5,77.5,credit_card,North America
1781,8ac97b01-e3ad-44d4-aab9-eb022f1dc121,2026-01-01 06:32:27,Packaging Tape Dispenser,Packaging,8,22.5,180.0,credit_card,Middle East
1782,507b9072-65e5-4f34-9df0-6e8c878aaed9,2026-09-04 16:45:04,Clear Ethernet Cable 2m,Electronics,4,9.99,39.96,paypal,Middle East
1783,2460d0d2-9048-43c1-9151-9998f2933585,2026-06-25 07:27:13,Magic Flashing Fruit Bowl,Novelty Items,9,34.0,306.0,credit_card,Africa
1784,6a702e2f-7746-40ba-8ae8-905b54b4a482,2026-07-13 21:50:55,Developer Flashing Fish Hat,Novelty Items,7,18.75,131.25,bank_transfer,Europe
1785,11ce5dd2-b45e-41f0-b139-d32c93cd59bf,2026-06-24 13:34:52,Clear Ethernet Cable 2m,Electronics,6,9.99,59.94,paypal,Europe
1786,195d82f8-ee4a-4b5d-9195-54e307374c86,2026-03-08 23:48:11,Developer Flashing Fish Hat,Novelty Items,5,18.75,93.75,cash,North America
1787,a2224f96-23a1-4e20-bfd2-55eeac484366,2026-08-30 02:34:10,Air Cushion Machine,Packaging,8,1850.0,14800.0,bank_transfer,Asia Pacific
1788,3f5fbf4f-d417-4230-9274-ee11b61df906,2026-08-14 02:57:36,Alien Egg Fidget Ball,Novelty Items,3,6.25,18.75,bank_transfer,Africa
1789,714c7df4-e434-4d51-8158-1092f335cba3,2026-05-10 02:11:23,RC Mini Monster Truck,Toys,7,28.0,196.0,cash,Middle East
1790,2f32751e-5738-411d-b0c2-903f7a8d03aa,2026-02-24 16:55:49,USB Food Flash Drive - Chocolate,Novelty Items,3,12.0,36.0,paypal,Asia Pacific
1791,1d181ee9-86ad-4a8c-abc4-123ebde13c1b,2025-11-09 17:20:36,Superhero Mask (Red),Costumes,9,11.25,101.25,credit_card,Middle East
1792,35ebd32d-9ad6-40ab-8821-2ddb45b89cd9,2026-08-08 17:20:59,Furry Gloves (Black) S,Clothing,7,15.5,108.5,credit_card,Asia Pacific
1793,adaa44ca-8ed6-4d5e-9831-8aa354669d19,2026-03-07 21:21:40,Giant Chocolate Snake 1.2m,Confectionery,5,45.0,225.0,debit_card,Middle East
1794,baeb286b-f0d0-470f-94d1-3d551db6b844,2025-10-11 01:23:27,Ergonomic Keyboard,Electronics,10,65.0,650.0,debit_card,South America
1795,4bbe4aff-9326-4ffd-9be4-bf5192698698,2026-01-16 08:35:32,Ride On Dinosaur Costume,Costumes,7,145.0,1015.0,cash,Asia Pacific
1796,dfdf0e05-c0ce-431b-9038-e153c601818b,2026-05-02 00:52:34,Novelty Chilli Chocolates 250g,Confectionery,5,8.5,42.5,cash,Europe
1797,d4cee27c-4a94-4e9f-8c35-1e4f703e957f,2025-11-22 15:35:24,Ergonomic Keyboard,Electronics,9,65.0,585.0,bank_transfer,South America
1798,6f92f25e-45df-46b6-b82c-043f7cfc9b79,2026-03-31 06:34:21,Novelty Chilli Chocolates 250g,Confectionery,1,8.5,8.5,paypal,Europe
1799,c9277d9b-6e0d-4648-b5ce-884149732d6c,2026-02-25 19:07:37,Giant Chocolate Snake 1.2m,Confectionery,8,45.0,360.0,paypal,Asia Pacific
1800,73b0d676-3527-45c8-8534-ca08f6f24d1c,2026-06-23 22:52:29,Ride On Dinosaur Costume,Costumes,8,145.0,1160.0,debit_card,North America
1801,e9ddebf5-6311-4aca-848a-f4407fc15858,2026-07-23 12:57:13,USB Food Flash Drive - Chocolate,Novelty Items,5,12.0,60.0,credit_card,Middle East
1802,19bd4f93-78ef-4666-b7a4-c719548e1f6b,2026-06-23 18:19:48,50mm Double Sided Tape,Packaging,6,5.75,34.5,bank_transfer,Middle East
1803,60a399d4-e821-4716-aac8-0da1de9f6f5b,2026-01-15 11:10:52,Clear Ethernet Cable 2m,Electronics,5,9.99,49.95,bank_transfer,Africa
1804,ad9fb00d-4882-473c-9c63-45ab6e0ed1e8,2026-05-20 16:09:16,Superhero Mask (Red),Costumes,2,11.25,22.5,cash,Africa
1805,82701238-9b5f-4f39-848b-34f034981735,2026-03-02 15:04:29,Magic Flashing Fruit Bowl,Novelty Items,1,34.0,34.0,paypal,South America
1806,620e99d3-3b33-43d8-a69c-d696236c7b87,2026-08-21 01:08:40,Magic Flashing Fruit Bowl,Novelty Items,1,34.0,34.0,paypal,Asia Pacific
1807,1a85910d-5a05-4c11-8ffc-a6b199b479d4,2026-06-10 15:22:12,RC Mini Monster Truck,Toys,3,28.0,84.0,debit_card,North America
1808,a4bbf962-606e-4e1c-8f15-84494f40c22f,2026-10-05 19:48:55,Alien Egg Fidget Ball,Novelty Items,6,6.25,37.5,paypal,North America
1809,18c8a616-2410-4e9a-bf77-9cae7318b96d,2026-02-26 22:02:42,Alien Egg Fidget Ball,Novelty Items,5,6.25,31.25,credit_card,Middle East
1810,6544e313-6ea0-4d13-a845-54c3a3f66c61,2025-11-16 17:31:06,Air Cushion Machine,Packaging,3,1850.0,5550.0,credit_card,Middle East
1811,d3479a3b-479b-4637-8cc3-6f3bc3affcfe,2026-06-24 17:35:32,Furry Gloves (Black) S,Clothing,3,15.5,46.5,paypal,Europe
1812,aca2b148-da33-4aa1-941c-dfcdda0d4a5f,2026-01-04 11:02:16,Superhero Mask (Red),Costumes,5,11.25,56.25,paypal,North America
1813,6e8f75a1-17dd-4d81-95da-705cd4ef00aa,2026-04-06 18:08:33,Packaging Tape Dispenser,Packaging,10,22.5,225.0,debit_card,North America
1814,7f671eec-3da7-4577-aee1-e86b9ea556aa,2025-10-15 08:54:22,Ride On Dinosaur Costume,Costumes,9,145.0,1305.0,paypal,Asia Pacific
1815,7603c36c-f139-4e3c-8aee-25571f5df912,2026-06-03 06:15:18,Clear Ethernet Cable 2m,Electronics,6,9.99,59.94,debit_card,North America
1816,8d38bbd8-fba6-4bf7-8dbc-c65377a7e8b7,2026-09-14 01:19:32,Air Cushion Machine,Packaging,3,1850.0,5550.0,debit_card,South America
1817,1cb9b73a-906d-4c8c-aad0-8c8913fe8a29,2026-05-11 16:21:20,Furry Gloves (Black) S,Clothing,9,15.5,139.5,cash,Middle East
1818,299656e2-4c9d-4907-93b2-2cecedcabf94,2026-02-10 00:53:59,50mm Double Sided Tape,Packaging,9,5.75,51.75,credit_card,Asia Pacific
1819,006ed6e3-6fa1-4735-b572-f3d00b5cea6a,2026-09-26 02:27:47,Ergonomic Keyboard,Electronics,2,65.0,130.0,debit_card,North America
1820,a5cc8bf7-38ab-454c-9c2e-58deea4e3617,2026-05-30 14:02:16,Ergonomic Keyboard,Electronics,6,65.0,390.0,paypal,South America
1821,a2cd1590-58af-493c-8aa2-b4c93ba5bd76,2025-12-30 14:57:05,Superhero Mask (Red),Costumes,8,11.25,90.0,cash,Middle East
1822,f54ad0a2-e874-46d7-ad66-a1bd93676a02,2026-06-14 04:13:02,Furry Gloves (Black) S,Clothing,6,15.5,93.0,paypal,North America
1823,1238d630-743b-45a2-9c0f-2fcfb3f6fe0d,2025-10-30 04:53:06,50mm Double Sided Tape,Packaging,2,5.75,11.5,debit_card,Africa
1824,03902c5d-6502-46a2-8a6a-2224171e16cc,2026-06-09 10:03:12,Ride On Dinosaur Costume,Costumes,4,145.0,580.0,debit_card,South America
1825,19e45c6a-c9c2-4e69-982c-75654bb907ec,2026-08-21 14:32:53,Ride On Dinosaur Costume,Costumes,2,145.0,290.0,credit_card,North America
1826,79e5c9aa-592a-4549-bba1-09d08567c805,2026-04-03 22:56:48,Novelty Chilli Chocolates 250g,Confectionery,8,8.5,68.0,bank_transfer,North America
1827,1c8eaee9-5715-4d6f-a416-1293c4c2e2e3,2026-09-23 19:46:00,Air Cushion Machine,Packaging,2,1850.0,3700.0,cash,Middle East
1828,d9178793-a9d3-42e6-905c-c6869f871ce7,2026-07-04 22:10:21,Novelty Chilli Chocolates 250g,Confectionery,8,8.5,68.0,paypal,North America
1829,fb37afae-cd85-43ca-993e-638d774c0afa,2026-01-31 00:16:34,USB Food Flash Drive - Chocolate,Novelty Items,5,12.0,60.0,credit_card,North America
1830,e7b33085-178b-4968-a0f8-7ba2cf2e3296,2026-06-14 19:00:35,Furry Gloves (Black) S,Clothing,2,15.5,31.0,cash,South America
1831,3e6dd58b-7367-428d-a1b2-94de4767d76c,2026-03-13 05:15:10,Magic Flashing Fruit Bowl,Novelty Items,4,34.0,136.0,paypal,North America
1832,a56b61e0-4ba8-44ca-a449-cb6fbf72ae52,2025-11-19 23:09:29,USB Food Flash Drive - Chocolate,Novelty Items,3,12.0,36.0,paypal,Middle East
1833,56666f9f-53ac-4ab9-b467-2cd9362f5e5c,2025-11-28 22:28:33,Developer Flashing Fish Hat,Novelty Items,6,18.75,112.5,cash,Africa
1834,b807d78a-b788-45d1-bfe5-75f665edcfe3,2025-10-23 06:19:21,Magic Flashing Fruit Bowl,Novelty Items,4,34.0,136.0,cash,North America
1835,76492e64-f55d-4e6d-ad26-8b378f5242d3,2025-10-20 02:30:06,USB Food Flash Drive - Chocolate,Novelty Items,10,12.0,120.0,credit_card,Middle East
1836,2afaab7b-51cb-49e5-bb7d-3ba158c88c48,2026-01-31 20:32:35,Air Cushion Machine,Packaging,4,1850.0,7400.0,paypal,South America
1837,a65ed389-b74d-4fb1-b2e7-06298fadc1a6,2026-04-14 23:15:14,RC Mini Monster Truck,Toys,9,28.0,252.0,credit_card,South America
1838,91816091-d6c6-445c-9c5e-4e786307d4d1,2025-11-19 17:58:51,RC Mini Monster Truck,Toys,9,28.0,252.0,bank_transfer,Europe
1839,3e6dd58b-7367-428d-a1b2-94de4767d76c,2025-11-12 09:33:17,50mm Double Sided Tape,Packaging,10,5.75,57.5,bank_transfer,Africa
1840,dfdf0e05-c0ce-431b-9038-e153c601818b,2026-01-04 20:09:16,USB Food Flash Drive - Chocolate,Novelty Items,3,12.0,36.0,paypal,Asia Pacific
1841,3240d7a1-4027-4b7d-9430-29a9d88f1c94,2026-09-15 05:30:57,Clear Ethernet Cable 2m,Electronics,4,9.99,39.96,debit_card,Asia Pacific
1842,001a9a8b-d56f-4350-8c45-9ce267f48ad5,2026-05-02 09:57:26,USB Food Flash Drive - Chocolate,Novelty Items,6,12.0,72.0,bank_transfer,North America
1843,da52d2ee-22bf-48f5-9f65-2a87333ee344,2025-11-27 08:08:25,Packaging Tape Dispenser,Packaging,3,22.5,67.5,paypal,Africa
1844,e7bbaefc-8f3d-497f-a6b0-da0ab98f5dbe,2026-03-05 14:06:05,Alien Egg Fidget Ball,Novelty Items,9,6.25,56.25,credit_card,North America
1845,30a900ad-939b-462d-a645-f129629c2ae3,2026-03-30 19:55:33,Developer Flashing Fish Hat,Novelty Items,8,18.75,150.0,bank_transfer,Europe
1846,c92e8c93-d105-48d6-87c1-c01760452909,2026-02-26 17:44:15,Ergonomic Keyboard,Electronics,10,65.0,650.0,paypal,Africa
1847,4ebfa5c3-cae9-44a7-aa79-ea680f44704f,2026-06-23 01:02:39,Superhero Mask (Red),Costumes,8,11.25,90.0,cash,Asia Pacific
1848,989d9d4a-e15c-4666-8797-b2c957207246,2026-07-21 06:13:39,Alien Egg Fidget Ball,Novelty Items,7,6.25,43.75,credit_card,Asia Pacific
1849,7d7ddbed-d284-476c-ab88-f83dd97dc9cd,2026-07-03 03:21:39,Giant Chocolate Snake 1.2m,Confectionery,6,45.0,270.0,credit_card,Africa
1850,c2874f06-9050-47ef-8123-5c9176c5a0dc,2026-05-03 10:37:07,Ergonomic Keyboard,Electronics,2,65.0,130.0,bank_transfer,Middle East
1851,81d2c7de-4ce1-4b90-a669-7833b841d0a0,2026-03-17 10:12:15,Giant Chocolate Snake 1.2m,Confectionery,2,45.0,90.0,debit_card,Asia Pacific
1852,ccc56569-f9e8-4369-a999-b735dd56cc94,2026-05-21 18:04:06,Clear Ethernet Cable 2m,Electronics,10,9.99,99.9,debit_card,North America
1853,ddf275eb-e8a3-4341-8881-9065ba2c98ce,2026-07-20 22:06:30,Developer Flashing Fish Hat,Novelty Items,4,18.75,75.0,debit_card,Middle East
1854,2c8d0e44-e71e-43a6-bf85-bf0ead64b56c,2026-07-14 20:03:16,Superhero Mask (Red),Costumes,7,11.25,78.75,debit_card,Asia Pacific
1855,25440fe0-6e41-4d47-9ff5-95ea5bc440f1,2025-12-04 15:55:03,50mm Double Sided Tape,Packaging,8,5.75,46.0,cash,Middle East
1856,0d2b91ef-b897-4ec5-aa74-bb18de3b496f,2026-09-14 12:18:51,Alien Egg Fidget Ball,Novelty Items,7,6.25,43.75,bank_transfer,Africa
1857,adedda80-bff9-407d-8d14-a03e83599af6,2026-03-15 18:39:49,Magic Flashing Fruit Bowl,Novelty Items,7,34.0,238.0,cash,Europe
1858,cb9bc326-d20e-4c17-8e20-fd1a598336e3,2026-06-16 23:58:27,Ride On Dinosaur Costume,Costumes,8,145.0,1160.0,credit_card,Europe
1859,ac9ed156-f63f-4e41-ba9a-ca5e176132ed,2025-11-13 02:36:29,Ergonomic Keyboard,Electronics,8,65.0,520.0,debit_card,North America
1860,b1ac040d-6c1c-4405-9c3f-42e0fcf7b842,2026-08-25 10:14:32,USB Food Flash Drive - Chocolate,Novelty Items,1,12.0,12.0,credit_card,Asia Pacific
1861,cc9803de-12de-4e5a-b387-928a29a3db6d,2026-04-13 16:42:16,Giant Chocolate Snake 1.2m,Confectionery,1,45.0,45.0,debit_card,Asia Pacific
1862,8bcf53a1-bc10-4a52-bf5d-2fdf89c8d2ab,2026-06-01 17:57:15,Magic Flashing Fruit Bowl,Novelty Items,6,34.0,204.0,paypal,Middle East
1863,a5e15b55-57d3-44dd-9963-dc7205c8234b,2026-03-13 03:34:31,Magic Flashing Fruit Bowl,Novelty Items,2,34.0,68.0,credit_card,Africa
1864,0123a348-638a-4df6-adf7-2cd3979aa051,2026-10-05 08:16:07,Furry Gloves (Black) S,Clothing,9,15.5,139.5,bank_transfer,Asia Pacific
1865,bdd151b0-f64a-46ec-b0a5-648eefe9b3d0,2026-01-22 07:01:36,Air Cushion Machine,Packaging,5,1850.0,9250.0,bank_transfer,Asia Pacific
1866,62e7c1a6-12d2-4a06-89e1-cd138da00495,2025-10-18 08:35:51,Packaging Tape Dispenser,Packaging,5,22.5,112.5,paypal,Middle East
1867,b45c9a54-5fa3-4531-9291-6e60f5e72daf,2026-06-30 17:32:30,Packaging Tape Dispenser,Packaging,1,22.5,22.5,credit_card,Asia Pacific
1868,6de59332-9364-43d0-9024-bdc6dcb33df3,2026-02-26 13:14:57,RC Mini Monster Truck,Toys,2,28.0,56.0,bank_transfer,Europe
1869,06d3db93-ee33-488d-997e-6845e27718c5,2025-12-29 00:45:35,Superhero Mask (Red),Costumes,7,11.25,78.75,bank_transfer,North America
1870,7afeb114-9561-4813-8d25-9caab8adad87,2026-03-26 20:17:22,Novelty Chilli Chocolates 250g,Confectionery,3,8.5,25.5,paypal,Africa
1871,bfa016c2-c09c-4506-88f1-096d9c4ffb46,2026-03-27 08:31:31,Ride On Dinosaur Costume,Costumes,8,145.0,1160.0,debit_card,Europe
1872,9136f1f8-f310-46dc-a202-bee65cb5e69c,2026-01-05 08:23:20,50mm Double Sided Tape,Packaging,7,5.75,40.25,credit_card,Middle East
1873,e8334da5-de95-4695-b579-c1437ab99428,2026-09-02 21:02:00,Giant Chocolate Snake 1.2m,Confectionery,8,45.0,360.0,cash,Africa
1874,a59b457f-c0d7-4c73-895f-fa8140d92bce,2026-02-23 12:08:19,Packaging Tape Dispenser,Packaging,10,22.5,225.0,bank_transfer,Middle East
1875,68d0a2a8-c4e7-47dd-a929-de738693fd9d,2025-11-13 05:42:42,Superhero Mask (Red),Costumes,3,11.25,33.75,credit_card,Asia Pacific
1876,48d90846-55c5-41fc-bba5-7cc8edaf3766,2026-06-28 22:39:46,Alien Egg Fidget Ball,Novelty Items,8,6.25,50.0,bank_transfer,Middle East
1877,3283daa4-e212-4b7c-9d36-1cb6bcc57be0,2026-02-25 07:28:10,Giant Chocolate Snake 1.2m,Confectionery,6,45.0,270.0,paypal,Europe
1878,4c636e95-025f-4543-8997-623ae0723d96,2026-05-05 02:26:57,Novelty Chilli Chocolates 250g,Confectionery,1,8.5,8.5,credit_card,South America
1879,6d4067f4-5003-4b35-9857-8bafbac7e2b9,2026-09-20 20:04:39,Superhero Mask (Red),Costumes,6,11.25,67.5,cash,North America
1880,ab05347f-d556-437d-8f08-81ee8011316b,2026-06-13 01:52:52,Furry Gloves (Black) S,Clothing,6,15.5,93.0,credit_card,Asia Pacific
1881,632dbb5e-486b-46bf-aafd-e7d95f733a3e,2026-02-21 22:44:32,Developer Flashing Fish Hat,Novelty Items,6,18.75,112.5,paypal,North America
1882,8d03c91e-4f8d-4238-a88b-78b5b5b453ca,2025-10-29 04:01:38,Giant Chocolate Snake 1.2m,Confectionery,4,45.0,180.0,debit_card,Africa
1883,ce9e1a11-fcbb-4e59-bbdd-cf7c9c96e9ec,2026-03-09 06:35:24,Alien Egg Fidget Ball,Novelty Items,10,6.25,62.5,credit_card,Europe
1884,f6b751f7-9b74-4245-9b1b-c8952af43ab7,2026-01-20 19:03:40,USB Food Flash Drive - Chocolate,Novelty Items,6,12.0,72.0,credit_card,Middle East
1885,bf5023f4-40ef-4935-9f90-bed6fb25664d,2025-12-18 08:48:13,Developer Flashing Fish Hat,Novelty Items,1,18.75,18.75,bank_transfer,Middle East
1886,74f93d17-e912-44bf-86a4-bae41986b4b2,2025-11-22 02:16:14,Packaging Tape Dispenser,Packaging,7,22.5,157.5,credit_card,Africa
1887,3602f8ac-10f1-4c81-848a-aa9e66b2bc5b,2026-08-30 23:54:06,Ergonomic Keyboard,Electronics,10,65.0,650.0,paypal,Asia Pacific
1888,a5135ea0-fa53-434d-a6d5-901d8b621d41,2026-08-21 17:40:38,Magic Flashing Fruit Bowl,Novelty Items,7,34.0,238.0,cash,North America
1889,c7b5b2bc-5a8a-4eca-9a50-aec3aabc25fa,2026-03-31 05:55:58,Furry Gloves (Black) S,Clothing,8,15.5,124.0,debit_card,Europe
1890,53c93ae7-7cf0-4bb3-b343-d9eb7466ef02,2025-11-10 06:07:04,Ergonomic Keyboard,Electronics,9,65.0,585.0,paypal,South America
1891,01902620-59dc-4bd0-96fe-bfb9ebe9e207,2026-06-20 01:06:43,Magic Flashing Fruit Bowl,Novelty Items,5,34.0,170.0,bank_transfer,South America
1892,96ee50e5-1f87-4b46-80a0-473a23d7e6a1,2025-12-27 00:37:45,Ergonomic Keyboard,Electronics,2,65.0,130.0,cash,South America
1893,568cc69b-1064-405c-b985-c3cf3f76be1d,2026-06-11 20:46:43,Alien Egg Fidget Ball,Novelty Items,5,6.25,31.25,paypal,Middle East
1894,fc737d92-11ab-4d11-a4eb-8000ef40d162,2026-06-11 00:09:56,Clear Ethernet Cable 2m,Electronics,4,9.99,39.96,credit_card,Africa
1895,e21342b0-f1ee-4ba3-9343-2e611ca3c448,2026-05-25 13:27:48,Superhero Mask (Red),Costumes,10,11.25,112.5,cash,Europe
1896,c5a11f5c-ad05-4912-9ab2-8d4a8bd88fcd,2025-10-13 22:43:32,Alien Egg Fidget Ball,Novelty Items,2,6.25,12.5,cash,Asia Pacific
1897,3a7e8e14-e359-4ee1-b399-1a476e191042,2025-10-25 07:05:08,Clear Ethernet Cable 2m,Electronics,4,9.99,39.96,credit_card,Africa
1898,10d4de39-1612-47c9-a25d-f9a89ca8a5c4,2026-08-07 05:07:00,Superhero Mask (Red),Costumes,5,11.25,56.25,paypal,Asia Pacific
1899,e8cda0cc-76da-4ca0-92e8-2f38a2a9d4d8,2026-02-12 04:11:25,Giant Chocolate Snake 1.2m,Confectionery,9,45.0,405.0,debit_card,Asia Pacific
1900,fc737d92-11ab-4d11-a4eb-8000ef40d162,2026-01-08 05:53:10,Clear Ethernet Cable 2m,Electronics,5,9.99,49.95,cash,Asia Pacific
1901,a2b5b498-5cb8-4aed-b5f6-2c976efb63b1,2025-11-23 13:21:19,Giant Chocolate Snake 1.2m,Confectionery,9,45.0,405.0,credit_card,Africa
1902,9bdc70d1-9cbf-4b8c-b410-2d5d1db14bfc,2026-08-07 06:49:38,50mm Double Sided Tape,Packaging,9,5.75,51.75,debit_card,Middle East
1903,03ece8ff-e8b3-4763-b4ff-3f3a4d9dbaeb,2026-05-12 21:54:28,Ergonomic Keyboard,Electronics,4,65.0,260.0,bank_transfer,Europe
1904,c4d598f7-e14f-4093-8b6a-d0c7a2356dd4,2025-12-24 08:18:51,RC Mini Monster Truck,Toys,9,28.0,252.0,cash,Asia Pacific
1905,3f2086c2-f1b8-4d65-806f-64d65c72aebd,2025-11-01 07:09:09,RC Mini Monster Truck,Toys,10,28.0,280.0,credit_card,Middle East
1906,1a89b71e-a0d5-42c8-a837-fe68bba205ca,2026-08-23 22:07:21,Air Cushion Machine,Packaging,6,1850.0,11100.0,debit_card,South America
1907,06ddf6ca-b0c3-4a59-b0f7-ad22c76a8e0f,2026-07-29 19:26:36,Ride On Dinosaur Costume,Costumes,5,145.0,725.0,bank_transfer,Asia Pacific
1908,6c93a791-8b60-4511-b816-8aebac6a7c85,2026-05-08 21:15:02,Developer Flashing Fish Hat,Novelty Items,2,18.75,37.5,debit_card,Asia Pacific
1909,0f9aeb70-4670-4cd6-8ced-a16469df14e9,2025-12-25 02:30:22,Alien Egg Fidget Ball,Novelty Items,5,6.25,31.25,debit_card,Europe
1910,5913f9d3-7852-49f4-975b-a98df8140102,2026-05-21 09:08:46,Giant Chocolate Snake 1.2m,Confectionery,10,45.0,450.0,bank_transfer,South America
1911,b0cbc61f-3d85-4e89-8217-14298e200724,2025-12-28 12:28:19,USB Food Flash Drive - Chocolate,Novelty Items,3,12.0,36.0,credit_card,South America
1912,d49405f0-2cd2-4404-a48e-40f1d0421dfa,2026-08-17 09:51:45,Furry Gloves (Black) S,Clothing,5,15.5,77.5,bank_transfer,Middle East
1913,8e4c3ab5-6d5d-4477-adc2-9178a0411612,2026-09-08 09:48:31,Clear Ethernet Cable 2m,Electronics,7,9.99,69.93,credit_card,South America
1914,2d06e8cf-3805-4907-acd6-6193c7468f59,2026-01-04 03:21:53,Ride On Dinosaur Costume,Costumes,5,145.0,725.0,credit_card,Europe
1915,cdfd9531-302b-4831-92a1-fe7ddfa59722,2026-02-10 06:03:24,Furry Gloves (Black) S,Clothing,5,15.5,77.5,cash,South America
1916,13eb22c9-bece-421a-94c7-743b2401342a,2026-08-02 09:17:52,Giant Chocolate Snake 1.2m,Confectionery,1,45.0,45.0,bank_transfer,North America
1917,23c86d30-1dde-4969-a886-13dba6348e78,2025-12-01 22:57:51,Novelty Chilli Chocolates 250g,Confectionery,2,8.5,17.0,cash,Europe
1918,ed1115d7-50a4-4c85-99d5-7b0242d04d55,2026-08-07 22:21:08,Superhero Mask (Red),Costumes,2,11.25,22.5,bank_transfer,Europe
1919,9082889b-e1cd-487f-ac95-5f87ae5ec365,2026-09-20 09:13:02,Giant Chocolate Snake 1.2m,Confectionery,2,45.0,90.0,debit_card,South America
1920,3e0f84ce-c82f-48fd-936c-d31cf7bf5244,2026-05-25 02:36:40,USB Food Flash Drive - Chocolate,Novelty Items,10,12.0,120.0,cash,North America
1921,eb3537a0-2d6e-4291-b789-3986573bfc17,2025-10-06 18:05:20,Packaging Tape Dispenser,Packaging,10,22.5,225.0,cash,Europe
1922,7ed70ed7-b194-490b-a961-929e546e035a,2026-01-21 08:02:54,Ergonomic Keyboard,Electronics,2,65.0,130.0,cash,North America
1923,c9e48e8c-25c6-4c45-863d-04ee541c7a86,2026-09-04 00:35:04,Furry Gloves (Black) S,Clothing,6,15.5,93.0,cash,Africa
1924,c74e48ff-cf89-469d-a550-d73607806e71,2025-11-30 20:14:57,Clear Ethernet Cable 2m,Electronics,4,9.99,39.96,bank_transfer,South America
1925,4d3485c5-c5c1-4eb4-b27b-3d901a16342c,2025-11-25 03:16:27,Ride On Dinosaur Costume,Costumes,2,145.0,290.0,debit_card,Europe
1926,c5ce099c-46b8-4659-91df-12d7dd30de89,2026-05-03 10:49:57,Ergonomic Keyboard,Electronics,7,65.0,455.0,cash,North America
1927,0ba078e8-4ef4-42c1-aac9-331686e52753,2026-01-10 23:55:34,Ergonomic Keyboard,Electronics,9,65.0,585.0,credit_card,Europe
1928,7f072cb9-2fd3-40c0-b945-f2fd56cb1ab0,2026-08-11 18:20:52,Packaging Tape Dispenser,Packaging,7,22.5,157.5,debit_card,Europe
1929,b3e4110a-45f5-4c52-ae2f-bf77076979d6,2025-12-12 10:05:26,RC Mini Monster Truck,Toys,3,28.0,84.0,bank_transfer,Africa
1930,ce177b4e-0837-48a3-9261-a7ab3aa2e4f9,2025-11-17 08:14:51,Developer Flashing Fish Hat,Novelty Items,5,18.75,93.75,cash,North America
1931,4ccb2355-39d1-47ff-b27e-1442fd7fe973,2026-06-19 09:09:48,Superhero Mask (Red),Costumes,1,11.25,11.25,debit_card,Europe
1932,a377f6f1-d289-40ab-a18a-e30595a5bafa,2026-09-07 03:32:21,Packaging Tape Dispenser,Packaging,7,22.5,157.5,paypal,Africa
1933,bff15840-207e-463f-9f32-d5d82abe1585,2025-10-15 15:56:53,USB Food Flash Drive - Chocolate,Novelty Items,9,12.0,108.0,debit_card,Asia Pacific
1934,53ea4919-db48-42c2-95ff-2a1f370b9a29,2025-11-25 20:09:17,Clear Ethernet Cable 2m,Electronics,1,9.99,9.99,bank_transfer,Europe
1935,78c04ed8-fdd4-4f21-8f03-f0c80effd5bd,2025-10-11 10:10:04,Alien Egg Fidget Ball,Novelty Items,2,6.25,12.5,debit_card,Europe
1936,d49347fc-0fc9-4d2e-830f-9be91f178f93,2026-02-21 18:43:11,Air Cushion Machine,Packaging,3,1850.0,5550.0,bank_transfer,Africa
1937,d2c2a960-8b09-41ab-866d-ceb344945e09,2026-08-08 10:51:01,Developer Flashing Fish Hat,Novelty Items,7,18.75,131.25,credit_card,Europe
1938,28b2bf21-4d47-4ed6-a666-3769e1d46f82,2026-08-07 20:22:27,Superhero Mask (Red),Costumes,2,11.25,22.5,bank_transfer,Asia Pacific
1939,9df2372e-9e82-4aae-9d36-16a108dec921,2026-01-06 01:20:34,50mm Double Sided Tape,Packaging,7,5.75,40.25,paypal,Africa
1940,a61f0b96-e75f-445a-aa1d-3fc65f31273d,2026-05-22 08:10:00,Clear Ethernet Cable 2m,Electronics,2,9.99,19.98,debit_card,Africa
1941,63f2ae24-fc3d-4348-808d-4127610461e3,2026-02-08 09:25:42,Alien Egg Fidget Ball,Novelty Items,9,6.25,56.25,paypal,Asia Pacific
1942,2e0fb5b3-8bae-491e-bf4c-c10f979c30cf,2025-10-11 18:45:00,Magic Flashing Fruit Bowl,Novelty Items,9,34.0,306.0,paypal,Asia Pacific
1943,28fea761-8d49-4e3f-aca8-f78384182d35,2025-12-12 07:45:07,50mm Double Sided Tape,Packaging,1,5.75,5.75,credit_card,Africa
1944,1e5ebe54-5907-4299-9c3b-bdd8a74e02a9,2026-01-16 17:03:51,Giant Chocolate Snake 1.2m,Confectionery,3,45.0,135.0,bank_transfer,Africa
1945,7634c169-4f76-4388-92fe-28bf81e0d489,2025-10-26 00:03:14,Ride On Dinosaur Costume,Costumes,1,145.0,145.0,debit_card,Africa
1946,a7edc8d8-713f-4f8c-ac8b-e53758ab4778,2025-11-23 21:08:05,Alien Egg Fidget Ball,Novelty Items,6,6.25,37.5,credit_card,North America
1947,9780c215-2b2b-48e9-a417-c09380a8a23d,2026-07-20 16:58:23,Ride On Dinosaur Costume,Costumes,4,145.0,580.0,debit_card,Middle East
1948,c0582da5-a757-475b-947f-83b1bc69c155,2026-03-18 03:17:47,Giant Chocolate Snake 1.2m,Confectionery,7,45.0,315.0,paypal,Asia Pacific
1949,de9e3757-5260-401e-aecf-67d2749176f4,2026-04-27 23:07:56,Ergonomic Keyboard,Electronics,3,65.0,195.0,debit_card,Africa
1950,0f321333-ce31-4937-b4fa-32b6d0437e4c,2025-11-18 18:56:52,Magic Flashing Fruit Bowl,Novelty Items,6,34.0,204.0,paypal,South America
1951,284bf962-5744-4596-b422-21676b7a2460,2026-07-22 05:45:49,USB Food Flash Drive - Chocolate,Novelty Items,7,12.0,84.0,debit_card,Asia Pacific
1952,e1b243cc-cf76-4343-bced-f994d631c383,2025-10-30 08:03:48,RC Mini Monster Truck,Toys,7,28.0,196.0,cash,South America
1953,aee70ab2-61fa-4e7a-878c-26ce7f0223bc,2026-04-08 14:35:37,Novelty Chilli Chocolates 250g,Confectionery,1,8.5,8.5,cash,Africa
1954,73b0d676-3527-45c8-8534-ca08f6f24d1c,2026-03-28 17:53:15,Magic Flashing Fruit Bowl,Novelty Items,4,34.0,136.0,credit_card,Asia Pacific
1955,24e9bcfd-9647-4f9f-b508-507af622d842,2026-08-03 19:18:14,Air Cushion Machine,Packaging,5,1850.0,9250.0,debit_card,North America
1956,692e07b6-0b2f-4d5c-b00b-5d5fb89f72f3,2026-02-23 06:06:27,Clear Ethernet Cable 2m,Electronics,10,9.99,99.9,cash,Europe
1957,b0416f19-bbe7-4835-8e8b-f78a60ddc7f1,2026-04-22 23:23:03,Ride On Dinosaur Costume,Costumes,2,145.0,290.0,paypal,South America
1958,19db3ad0-ddd1-4fb2-bb98-2ef8daf61a26,2026-05-24 05:01:41,Magic Flashing Fruit Bowl,Novelty Items,2,34.0,68.0,cash,Asia Pacific
1959,13f3cade-7a10-413f-b6a2-c52b00473139,2025-11-17 00:07:00,Furry Gloves (Black) S,Clothing,8,15.5,124.0,bank_transfer,North America
1960,680bac63-b856-4035-bdc9-829015eabb27,2026-03-30 04:39:20,Air Cushion Machine,Packaging,4,1850.0,7400.0,paypal,Europe
1961,ebd14d2c-75b2-4455-84cc-3ede6fac1673,2026-04-19 07:46:36,50mm Double Sided Tape,Packaging,8,5.75,46.0,debit_card,Asia Pacific
1962,2f4dd219-186b-4880-ab54-5a15669d01ff,2025-12-30 16:39:11,Superhero Mask (Red),Costumes,4,11.25,45.0,debit_card,Europe
1963,f020e992-b576-455e-9854-9f222102f9c9,2026-06-01 12:52:15,50mm Double Sided Tape,Packaging,4,5.75,23.0,debit_card,Asia Pacific
1964,98ae4334-6c12-4ce8-ae34-0454cac5b68c,2025-10-22 11:51:04,Furry Gloves (Black) S,Clothing,3,15.5,46.5,paypal,Europe
1965,f0b2a5d1-8c7e-4f42-a646-eaf9d5c0244d,2026-07-15 02:03:20,Air Cushion Machine,Packaging,10,1850.0,18500.0,debit_card,Europe
1966,4ca415ea-8dfa-4a56-912d-bc9aaaf91531,2026-08-05 19:51:51,Magic Flashing Fruit Bowl,Novelty Items,8,34.0,272.0,credit_card,Asia Pacific
1967,e34f76b4-2b8c-43bf-9780-be1712fecc2b,2026-09-23 13:50:21,Ride On Dinosaur Costume,Costumes,6,145.0,870.0,bank_transfer,Africa
1968,07958c1f-538d-4b8c-8607-b1e9f80b2cea,2026-09-07 08:30:26,Air Cushion Machine,Packaging,7,1850.0,12950.0,bank_transfer,Africa
1969,acdabacc-1165-4210-9854-3881118a9d29,2026-06-18 13:04:53,Magic Flashing Fruit Bowl,Novelty Items,5,34.0,170.0,credit_card,Middle East
1970,21bddb41-0699-4731-9dcf-8766a93b12cd,2026-04-26 03:56:14,Novelty Chilli Chocolates 250g,Confectionery,1,8.5,8.5,debit_card,Asia Pacific
1971,80a52e65-afa2-4559-a7c9-620428e333b6,2026-01-30 19:03:29,RC Mini Monster Truck,Toys,6,28.0,168.0,cash,Africa
1972,47378190-96da-4dac-b2ff-5d2a386ecbe0,2026-04-01 12:55:31,50mm Double Sided Tape,Packaging,1,5.75,5.75,paypal,Middle East
1973,f1b64afe-d31e-4f1a-a9ff-1cae41c8ca8c,2026-06-12 12:01:46,Magic Flashing Fruit Bowl,Novelty Items,7,34.0,238.0,bank_transfer,Africa
1974,62ccc604-0c53-444b-8053-f649b86d066b,2025-10-17 18:00:17,Developer Flashing Fish Hat,Novelty Items,3,18.75,56.25,cash,North America
1975,de9e3757-5260-401e-aecf-67d2749176f4,2025-10-29 06:35:36,Magic Flashing Fruit Bowl,Novelty Items,3,34.0,102.0,debit_card,Middle East
1976,b6ca1127-e9f8-4970-8d98-f9e28d888beb,2026-04-09 16:05:40,Ergonomic Keyboard,Electronics,6,65.0,390.0,bank_transfer,South America
1977,601bfbcb-f0ee-4cce-8d93-e14a5b167158,2026-08-30 17:03:16,USB Food Flash Drive - Chocolate,Novelty Items,6,12.0,72.0,cash,Asia Pacific
1978,006ed6e3-6fa1-4735-b572-f3d00b5cea6a,2026-03-10 15:00:13,Ride On Dinosaur Costume,Costumes,5,145.0,725.0,paypal,North America
1979,2ab8bd33-911f-430b-9bff-00b07fe670f3,2026-03-20 04:49:04,Ride On Dinosaur Costume,Costumes,8,145.0,1160.0,paypal,Africa
1980,4104a8b5-a34d-47c5-b60d-ebbb3b70b3a1,2026-06-29 02:33:06,Developer Flashing Fish Hat,Novelty Items,7,18.75,131.25,paypal,Middle East
1981,b87b6384-9fdd-4e2e-a8a2-b7ad2bd3cdcd,2025-11-16 13:56:12,Superhero Mask (Red),Costumes,5,11.25,56.25,paypal,Asia Pacific
1982,e3236d1a-3c1b-4acc-98e1-93311dba1267,2026-04-14 01:17:47,RC Mini Monster Truck,Toys,3,28.0,84.0,bank_transfer,South America
1983,ceb81f9d-7914-4120-88dc-d19f3e351128,2026-07-09 07:43:16,Packaging Tape Dispenser,Packaging,8,22.5,180.0,debit_card,South America
1984,bb2488a3-d363-47b6-af81-cf4f7701f7bb,2026-09-23 22:41:09,Novelty Chilli Chocolates 250g,Confectionery,4,8.5,34.0,credit_card,Asia Pacific
1985,588a3f87-f96d-40f8-bed6-3da08033f5c2,2026-03-26 21:57:37,Alien Egg Fidget Ball,Novelty Items,3,6.25,18.75,bank_transfer,Asia Pacific
1986,d0e6e660-7c69-4ee1-bb5e-4bcf15ed6269,2025-11-03 04:38:34,USB Food Flash Drive - Chocolate,Novelty Items,8,12.0,96.0,bank_transfer,Europe
1987,adedda80-bff9-407d-8d14-a03e83599af6,2026-09-19 21:26:00,50mm Double Sided Tape,Packaging,9,5.75,51.75,bank_transfer,Asia Pacific
1988,001a9a8b-d56f-4350-8c45-9ce267f48ad5,2025-11-06 00:40:53,USB Food Flash Drive - Chocolate,Novelty Items,3,12.0,36.0,paypal,North America
1989,a2b5b498-5cb8-4aed-b5f6-2c976efb63b1,2026-02-07 17:57:34,Air Cushion Machine,Packaging,5,1850.0,9250.0,debit_card,Africa
1990,ba370623-bc5f-44dd-992f-3c1edf70fb2a,2026-05-29 21:24:09,Packaging Tape Dispenser,Packaging,5,22.5,112.5,cash,South America
1991,5005680f-24c7-48a5-9b4e-164b5716dc2e,2025-12-02 06:13:52,Magic Flashing Fruit Bowl,Novelty Items,1,34.0,34.0,cash,South America
1992,9bdf0377-a149-43c2-b920-264c0763fcd0,2025-10-31 03:51:45,Clear Ethernet Cable 2m,Electronics,2,9.99,19.98,bank_transfer,Africa
1993,ff5e9ff0-ff50-4de4-b825-67b85cabcc97,2025-11-23 15:51:02,USB Food Flash Drive - Chocolate,Novelty Items,6,12.0,72.0,paypal,Africa
1994,c29d782b-2722-496e-9a36-d1ec2c6a6e9a,2026-01-20 10:59:40,Giant Chocolate Snake 1.2m,Confectionery,2,45.0,90.0,paypal,Middle East
1995,368acd40-b8f1-4e3c-99e7-703a70aa5b0d,2026-06-05 02:43:13,RC Mini Monster Truck,Toys,2,28.0,56.0,paypal,South America
1996,bf5023f4-40ef-4935-9f90-bed6fb25664d,2026-06-08 12:21:44,Novelty Chilli Chocolates 250g,Confectionery,2,8.5,17.0,bank_transfer,Asia Pacific
1997,1cd66b09-cf0e-4d2b-b15c-167a45d8a6ad,2026-05-20 23:39:14,Giant Chocolate Snake 1.2m,Confectionery,5,45.0,225.0,credit_card,Europe
1998,962c04dd-25d0-4461-859c-15740f3f0f48,2026-05-06 14:42:43,Novelty Chilli Chocolates 250g,Confectionery,10,8.5,85.0,bank_transfer,Europe
1999,ce7ae7f6-3982-4cff-8f77-a665ac3c5640,2026-07-09 05:24:17,50mm Double Sided Tape,Packaging,10,5.75,57.5,debit_card,North America
2000,a5135ea0-fa53-434d-a6d5-901d8b621d41,2026-02-08 22:36:27,Furry Gloves (Black) S,Clothing,5,15.5,77.5,credit_card,Africa
2001,86bb42c7-d8b2-48b6-9c65-4aa2c63ce21d,2026-03-02 13:56:45,USB Food Flash Drive - Chocolate,Novelty Items,9,12.0,108.0,cash,Asia Pacific
2002,81fb18b3-c9a7-491f-af2a-e71357021049,2026-05-25 15:45:19,USB Food Flash Drive - Chocolate,Novelty Items,7,12.0,84.0,debit_card,South America
2003,da587e8a-a25d-4b29-afff-cfd2341ef40b,2026-04-29 16:48:28,Furry Gloves (Black) S,Clothing,7,15.5,108.5,credit_card,South America
2004,49f1137d-7d59-4e19-aab7-b2ef8e0ec033,2026-01-28 04:18:21,Ride On Dinosaur Costume,Costumes,7,145.0,1015.0,bank_transfer,Europe
2005,6703b636-5380-4904-a88c-7015aab97e49,2026-03-30 20:35:38,Giant Chocolate Snake 1.2m,Confectionery,3,45.0,135.0,paypal,Asia Pacific
2006,c92e8c93-d105-48d6-87c1-c01760452909,2026-04-19 23:44:14,Furry Gloves (Black) S,Clothing,7,15.5,108.5,paypal,Africa
2007,5e187b24-8e67-4a01-986a-646059a1120e,2026-05-28 18:38:47,Magic Flashing Fruit Bowl,Novelty Items,3,34.0,102.0,credit_card,Europe
2008,13aec376-c359-410a-b1a6-014c5f3c44dc,2026-03-21 17:24:29,Packaging Tape Dispenser,Packaging,4,22.5,90.0,bank_transfer,Asia Pacific
2009,ba370623-bc5f-44dd-992f-3c1edf70fb2a,2025-11-13 04:04:11,Ergonomic Keyboard,Electronics,5,65.0,325.0,cash,Asia Pacific
2010,53c93ae7-7cf0-4bb3-b343-d9eb7466ef02,2026-08-09 15:51:03,USB Food Flash Drive - Chocolate,Novelty Items,7,12.0,84.0,paypal,Middle East
2011,1e5ebe54-5907-4299-9c3b-bdd8a74e02a9,2026-07-05 04:43:04,Ride On Dinosaur Costume,Costumes,7,145.0,1015.0,bank_transfer,North America
2012,b65feea9-7d82-4264-9ba3-62e7afa415e5,2025-11-19 02:04:34,Novelty Chilli Chocolates 250g,Confectionery,9,8.5,76.5,bank_transfer,Africa
2013,b69f75c5-c82b-41be-a1eb-64e6fd498e20,2026-09-01 20:15:50,Air Cushion Machine,Packaging,3,1850.0,5550.0,bank_transfer,Middle East
2014,b41b3143-8b10-450c-9570-4f32702cdd20,2026-06-16 22:01:36,Giant Chocolate Snake 1.2m,Confectionery,9,45.0,405.0,paypal,Asia Pacific
2015,73b0d676-3527-45c8-8534-ca08f6f24d1c,2026-06-15 10:38:33,Clear Ethernet Cable 2m,Electronics,2,9.99,19.98,bank_transfer,Europe
2016,b8e19f56-8787-4a21-8448-2a220308aa5e,2026-09-11 12:28:28,Ride On Dinosaur Costume,Costumes,3,145.0,435.0,paypal,South America
2017,c478f6f1-b88e-4318-816d-83edad81f8bd,2026-07-31 06:54:42,Packaging Tape Dispenser,Packaging,7,22.5,157.5,cash,North America
2018,a50a13dc-f004-4897-a15b-2e18afb06406,2026-05-07 18:28:35,Packaging Tape Dispenser,Packaging,2,22.5,45.0,credit_card,Middle East
2019,19e45c6a-c9c2-4e69-982c-75654bb907ec,2026-07-12 14:22:28,USB Food Flash Drive - Chocolate,Novelty Items,9,12.0,108.0,bank_transfer,North America
2020,a284e8fd-755c-4e2a-b8de-d777bb1e5ae8,2026-09-06 18:37:58,Ergonomic Keyboard,Electronics,10,65.0,650.0,paypal,Europe
2021,e1805081-5958-4499-aeea-163e21e8ac68,2025-12-28 03:49:11,Alien Egg Fidget Ball,Novelty Items,10,6.25,62.5,cash,North America
2022,7d7ddbed-d284-476c-ab88-f83dd97dc9cd,2026-03-21 16:12:07,USB Food Flash Drive - Chocolate,Novelty Items,8,12.0,96.0,debit_card,Asia Pacific
2023,a9e27ba9-952e-4abb-94dd-5061555736f8,2026-03-30 00:27:23,Novelty Chilli Chocolates 250g,Confectionery,2,8.5,17.0,paypal,Europe
2024,79e5c9aa-592a-4549-bba1-09d08567c805,2026-09-15 13:16:04,Magic Flashing Fruit Bowl,Novelty Items,8,34.0,272.0,bank_transfer,Middle East
2025,b65feea9-7d82-4264-9ba3-62e7afa415e5,2026-01-02 09:22:27,Furry Gloves (Black) S,Clothing,5,15.5,77.5,debit_card,South America
2026,8972abbd-cff2-41c4-a53f-9644b39e4df2,2026-03-15 08:40:54,Ride On Dinosaur Costume,Costumes,2,145.0,290.0,cash,Europe
2027,c7332304-4822-4120-84f9-eccd7630a8a7,2026-02-14 06:43:52,Superhero Mask (Red),Costumes,2,11.25,22.5,cash,North America
2028,006ed6e3-6fa1-4735-b572-f3d00b5cea6a,2026-08-22 23:45:57,Novelty Chilli Chocolates 250g,Confectionery,7,8.5,59.5,credit_card,South America
2029,bf5023f4-40ef-4935-9f90-bed6fb25664d,2026-03-30 18:34:33,Giant Chocolate Snake 1.2m,Confectionery,8,45.0,360.0,bank_transfer,Africa
2030,7bf69552-4cbc-4044-abcd-5ce746a56fe8,2026-03-09 12:05:39,50mm Double Sided Tape,Packaging,10,5.75,57.5,bank_transfer,Europe
2031,c4767556-f97b-42dd-8f9b-72aed85c16bd,2026-03-16 04:57:51,Magic Flashing Fruit Bowl,Novelty Items,10,34.0,340.0,bank_transfer,Europe
2032,c521bf2d-dc45-4539-803f-3538e4855aa1,2026-07-16 00:08:28,USB Food Flash Drive - Chocolate,Novelty Items,3,12.0,36.0,credit_card,South America
2033,f94d8fcb-dba3-496f-ba32-3f6990dbfad6,2025-11-11 13:55:26,USB Food Flash Drive - Chocolate,Novelty Items,1,12.0,12.0,debit_card,North America
2034,b2414482-5198-44d8-8643-3603c92a7d7c,2026-02-04 00:49:17,Air Cushion Machine,Packaging,8,1850.0,14800.0,debit_card,Africa
2035,159152f2-a505-4a9c-86e7-5a2c3f6eed9d,2026-03-20 09:23:18,Air Cushion Machine,Packaging,7,1850.0,12950.0,cash,South America
2036,75220646-3273-45bf-9373-bf4d5da49cb9,2026-02-04 00:35:25,USB Food Flash Drive - Chocolate,Novelty Items,5,12.0,60.0,bank_transfer,South America
2037,3602f8ac-10f1-4c81-848a-aa9e66b2bc5b,2026-06-20 22:54:51,Ergonomic Keyboard,Electronics,7,65.0,455.0,credit_card,South America
2038,f166cdcf-762c-4fbc-ba2a-a7baf3f81c31,2026-01-12 15:24:17,RC Mini Monster Truck,Toys,3,28.0,84.0,bank_transfer,Asia Pacific
2039,c362a810-a261-4b8d-9620-bee66406face,2026-02-28 00:23:53,Ergonomic Keyboard,Electronics,1,65.0,65.0,bank_transfer,Middle East
2040,9ef2b93e-30ac-4d7b-a2f9-63a33810ae66,2025-12-03 22:21:27,Air Cushion Machine,Packaging,4,1850.0,7400.0,cash,Asia Pacific
2041,18c26797-6142-4a7d-97be-31111a2a73ed,2026-06-29 09:17:44,Novelty Chilli Chocolates 250g,Confectionery,6,8.5,51.0,credit_card,Africa
2042,da003f16-b946-4bcf-8082-cbb948bddb3e,2026-09-29 02:30:13,Superhero Mask (Red),Costumes,7,11.25,78.75,bank_transfer,Africa
2043,d0c30018-6e3c-4d4f-95b1-45e470b27304,2026-04-07 20:09:24,Magic Flashing Fruit Bowl,Novelty Items,10,34.0,340.0,cash,Europe
2044,0e614bcd-9767-4900-8651-0367cbdc4318,2025-10-31 17:23:15,Novelty Chilli Chocolates 250g,Confectionery,8,8.5,68.0,bank_transfer,Middle East
2045,c74e48ff-cf89-469d-a550-d73607806e71,2025-11-10 01:56:10,Magic Flashing Fruit Bowl,Novelty Items,10,34.0,340.0,bank_transfer,South America
2046,83d5bceb-5edb-48ee-82ba-f0e02179e3f0,2026-08-24 16:20:08,50mm Double Sided Tape,Packaging,1,5.75,5.75,credit_card,Asia Pacific
2047,79928faa-4cbf-431d-901b-cdefb56ff8ce,2025-11-07 19:18:47,Magic Flashing Fruit Bowl,Novelty Items,6,34.0,204.0,credit_card,Europe
2048,68f82063-eeb1-4ad2-81a1-fb0f268b84b6,2025-11-10 20:37:38,RC Mini Monster Truck,Toys,7,28.0,196.0,bank_transfer,North America
2049,ead18464-ca8e-458c-90f8-1063889fe107,2026-03-22 09:02:26,Ergonomic Keyboard,Electronics,10,65.0,650.0,paypal,Asia Pacific
2050,ce177b4e-0837-48a3-9261-a7ab3aa2e4f9,2025-11-12 03:42:19,50mm Double Sided Tape,Packaging,7,5.75,40.25,debit_card,Europe
2051,d0be73ee-fd37-4539-a5f2-02f983f02dc7,2026-07-21 19:43:54,50mm Double Sided Tape,Packaging,4,5.75,23.0,paypal,Asia Pacific
2052,2812859a-1337-439e-8d4f-5d272c7f0b79,2026-07-19 13:44:15,Air Cushion Machine,Packaging,9,1850.0,16650.0,cash,Africa
2053,12af97e4-c536-466e-bcc4-091bf45707c6,2026-02-27 08:58:48,Developer Flashing Fish Hat,Novelty Items,10,18.75,187.5,bank_transfer,South America
2054,af70de70-2b69-495e-8567-1b58926bffa5,2026-08-16 21:53:52,RC Mini Monster Truck,Toys,5,28.0,140.0,bank_transfer,Asia Pacific
2055,96822e22-bcd4-444f-8f8a-368e35ba9357,2025-11-25 04:25:25,Superhero Mask (Red),Costumes,6,11.25,67.5,bank_transfer,South America
2056,4104a8b5-a34d-47c5-b60d-ebbb3b70b3a1,2026-05-09 17:24:39,Magic Flashing Fruit Bowl,Novelty Items,4,34.0,136.0,credit_card,Africa
2057,32c5bd89-b70b-4420-b104-3785658b2523,2025-10-28 22:43:22,Ergonomic Keyboard,Electronics,3,65.0,195.0,debit_card,South America
2058,2790cebd-bfdd-43d9-9ee3-ac2af94d6204,2026-05-21 09:54:37,Magic Flashing Fruit Bowl,Novelty Items,8,34.0,272.0,bank_transfer,Asia Pacific
2059,7de31a51-6694-4343-90ba-58e3d2762bdc,2026-05-11 18:01:28,Alien Egg Fidget Ball,Novelty Items,4,6.25,25.0,cash,North America
2060,8409c5ea-cde9-48b3-b922-a7e42de982f8,2026-05-11 18:55:41,Novelty Chilli Chocolates 250g,Confectionery,6,8.5,51.0,paypal,Europe
2061,a092f52a-d4a0-47a7-b0cc-1b3b9793b9b4,2026-02-10 16:10:58,Giant Chocolate Snake 1.2m,Confectionery,3,45.0,135.0,cash,North America
2062,f206c269-38b7-4c07-80fb-929673b6a09b,2026-06-22 20:38:09,Furry Gloves (Black) S,Clothing,2,15.5,31.0,bank_transfer,North America
2063,6703b636-5380-4904-a88c-7015aab97e49,2025-11-22 02:56:16,Magic Flashing Fruit Bowl,Novelty Items,4,34.0,136.0,cash,South America
2064,66d06371-d8e8-4ebb-ba9e-8eefffa361be,2026-03-14 04:40:25,Ergonomic Keyboard,Electronics,5,65.0,325.0,paypal,North America
2065,74f93d17-e912-44bf-86a4-bae41986b4b2,2026-02-19 23:25:57,Furry Gloves (Black) S,Clothing,9,15.5,139.5,debit_card,Africa
2066,b1594847-5c0b-4b10-a757-cb1042f525b9,2026-09-09 22:16:14,Superhero Mask (Red),Costumes,9,11.25,101.25,credit_card,Africa
2067,0f321333-ce31-4937-b4fa-32b6d0437e4c,2026-06-21 01:04:58,Novelty Chilli Chocolates 250g,Confectionery,8,8.5,68.0,bank_transfer,North America
2068,e9ad0e9b-8c9a-41e9-b3b2-63376a74dbb7,2026-07-24 00:48:56,USB Food Flash Drive - Chocolate,Novelty Items,10,12.0,120.0,credit_card,Middle East
2069,b386f7a4-c991-403f-a8c1-3091444d610b,2026-03-18 21:43:00,Novelty Chilli Chocolates 250g,Confectionery,9,8.5,76.5,debit_card,Africa
2070,f7e9101d-3f8b-4433-b60e-695c1759ba96,2026-09-07 18:51:53,USB Food Flash Drive - Chocolate,Novelty Items,4,12.0,48.0,paypal,South America
2071,07958c1f-538d-4b8c-8607-b1e9f80b2cea,2026-09-26 07:56:29,50mm Double Sided Tape,Packaging,5,5.75,28.75,bank_transfer,Middle East
2072,6f92f25e-45df-46b6-b82c-043f7cfc9b79,2026-07-12 16:25:56,Ergonomic Keyboard,Electronics,2,65.0,130.0,paypal,Europe
2073,2c8d0e44-e71e-43a6-bf85-bf0ead64b56c,2025-10-25 15:10:18,Superhero Mask (Red),Costumes,3,11.25,33.75,debit_card,Asia Pacific
2074,7c16128d-b2c0-4394-a17f-29e170286046,2026-01-25 08:33:36,Clear Ethernet Cable 2m,Electronics,1,9.99,9.99,bank_transfer,Europe
2075,edcb8cb6-0692-4c63-9424-aed51bac5c15,2026-05-26 19:53:14,Alien Egg Fidget Ball,Novelty Items,9,6.25,56.25,credit_card,Europe
2076,c4767556-f97b-42dd-8f9b-72aed85c16bd,2026-02-03 23:53:40,Developer Flashing Fish Hat,Novelty Items,7,18.75,131.25,debit_card,South America
2077,822c4d32-6c64-4c15-aba3-01cba561e1e9,2026-02-19 05:14:23,Furry Gloves (Black) S,Clothing,9,15.5,139.5,debit_card,South America
2078,55ab946d-a5b5-4dc2-a181-c85eca0ac6ac,2025-11-14 21:17:13,Furry Gloves (Black) S,Clothing,7,15.5,108.5,bank_transfer,Asia Pacific
2079,d1151fff-dcb9-4d5f-993c-572b4347dbca,2026-05-18 02:15:02,Superhero Mask (Red),Costumes,9,11.25,101.25,paypal,North America
2080,75220646-3273-45bf-9373-bf4d5da49cb9,2026-04-20 17:05:14,Ergonomic Keyboard,Electronics,3,65.0,195.0,credit_card,Africa
2081,2460d0d2-9048-43c1-9151-9998f2933585,2025-12-27 06:31:44,Furry Gloves (Black) S,Clothing,9,15.5,139.5,credit_card,North America
2082,d4ea120a-5e65-4654-8e90-58b609a0a0f6,2025-12-04 17:50:58,Developer Flashing Fish Hat,Novelty Items,6,18.75,112.5,debit_card,Asia Pacific
2083,cf685878-0b70-4933-8cde-1b6b1132567c,2026-06-17 16:53:08,Novelty Chilli Chocolates 250g,Confectionery,7,8.5,59.5,credit_card,Africa
2084,131eb723-3bcd-4203-859e-e67473e7f042,2026-04-10 21:59:26,RC Mini Monster Truck,Toys,3,28.0,84.0,cash,North America
2085,42d943ee-5197-4e75-8523-d4fd4b7f2183,2025-12-31 17:46:24,Giant Chocolate Snake 1.2m,Confectionery,9,45.0,405.0,paypal,Asia Pacific
2086,00a85473-8242-4912-bda3-c1623a78b64a,2026-08-30 16:50:01,Clear Ethernet Cable 2m,Electronics,9,9.99,89.91,paypal,Africa
2087,53ea4919-db48-42c2-95ff-2a1f370b9a29,2025-11-16 16:19:41,50mm Double Sided Tape,Packaging,6,5.75,34.5,paypal,North America
2088,3c9d128a-2176-4930-b6d7-0248a995ecc3,2026-02-18 14:57:31,Superhero Mask (Red),Costumes,5,11.25,56.25,cash,Middle East
2089,508211a5-d9b5-4f84-adc3-a1c32dea2d2d,2026-08-29 23:06:39,RC Mini Monster Truck,Toys,3,28.0,84.0,bank_transfer,Asia Pacific
2090,ff6ef9ed-7e4c-429f-b8cb-ab4c97790e84,2026-05-09 16:25:47,Giant Chocolate Snake 1.2m,Confectionery,4,45.0,180.0,cash,Middle East
2091,24f43c62-b523-40de-9b87-d29c4cfd0fc1,2026-02-25 09:34:37,Furry Gloves (Black) S,Clothing,10,15.5,155.0,bank_transfer,Africa
2092,4e2d6255-3d13-4a3d-9e2c-2e7d502cf0ee,2025-11-19 06:28:06,Developer Flashing Fish Hat,Novelty Items,7,18.75,131.25,debit_card,Europe
2093,7eb162f1-4806-4804-8cf0-374c0c74dc0f,2026-07-28 19:39:33,USB Food Flash Drive - Chocolate,Novelty Items,1,12.0,12.0,paypal,Asia Pacific
2094,92779574-c457-4cc3-b5f7-89bca6b07458,2026-01-21 20:06:13,50mm Double Sided Tape,Packaging,3,5.75,17.25,cash,Europe
2095,272c0588-84a2-476c-9fc9-05f8d4d60735,2026-05-16 14:39:34,Air Cushion Machine,Packaging,2,1850.0,3700.0,cash,Europe
2096,79e5c9aa-592a-4549-bba1-09d08567c805,2026-01-01 11:36:54,Packaging Tape Dispenser,Packaging,6,22.5,135.0,debit_card,North America
2097,8639bd41-8b15-4d94-a42d-0cd7fd359f6a,2026-08-15 03:30:29,Novelty Chilli Chocolates 250g,Confectionery,9,8.5,76.5,paypal,South America
2098,7bf69552-4cbc-4044-abcd-5ce746a56fe8,2026-03-21 07:16:38,Superhero Mask (Red),Costumes,5,11.25,56.25,bank_transfer,Middle East
2099,50834fef-6dec-4bbd-b697-77a159fe3d53,2026-08-29 21:04:36,USB Food Flash Drive - Chocolate,Novelty Items,1,12.0,12.0,paypal,Europe
2100,f4e559e5-9622-4348-8f5a-e9d38e6e5003,2026-05-11 12:14:20,Giant Chocolate Snake 1.2m,Confectionery,9,45.0,405.0,credit_card,North America
2101,72d78bdd-7817-49ff-b49e-04ccc24369e7,2026-07-30 16:38:57,Furry Gloves (Black) S,Clothing,2,15.5,31.0,paypal,Middle East
2102,e7b7b4c6-d631-4a80-9c61-2ec210142131,2026-08-19 11:57:03,50mm Double Sided Tape,Packaging,1,5.75,5.75,paypal,South America
2103,75ac824c-2c55-4ef7-b4e9-573450521700,2026-06-04 02:32:44,Furry Gloves (Black) S,Clothing,10,15.5,155.0,cash,Middle East
2104,2cf6bf75-6a5e-4920-bf5a-e7e653a3dd5a,2026-05-31 22:34:37,Air Cushion Machine,Packaging,6,1850.0,11100.0,paypal,Africa
2105,3ee82983-d557-4241-91dd-b9bf613d2de9,2026-06-24 18:53:55,Furry Gloves (Black) S,Clothing,10,15.5,155.0,debit_card,Africa
2106,2e0fb5b3-8bae-491e-bf4c-c10f979c30cf,2026-06-12 06:03:00,Clear Ethernet Cable 2m,Electronics,9,9.99,89.91,debit_card,North America
2107,fa585b27-8ce3-47c3-b6ea-b3a001539221,2026-05-09 20:51:01,Developer Flashing Fish Hat,Novelty Items,9,18.75,168.75,debit_card,Europe
2108,6a34c854-1071-4d51-b6c5-9dacb4d7e28e,2025-10-15 20:21:47,Ergonomic Keyboard,Electronics,2,65.0,130.0,bank_transfer,Asia Pacific
2109,8a63f881-ffd0-49d5-a6f2-f7b80cf35b58,2026-05-30 03:54:13,USB Food Flash Drive - Chocolate,Novelty Items,2,12.0,24.0,bank_transfer,South America
2110,195d82f8-ee4a-4b5d-9195-54e307374c86,2026-10-01 11:21:10,Ergonomic Keyboard,Electronics,4,65.0,260.0,credit_card,Europe
2111,fa34d2e8-dd3f-4d7e-a508-dc9513a4a492,2026-06-18 03:05:28,Giant Chocolate Snake 1.2m,Confectionery,9,45.0,405.0,cash,Middle East
2112,2ab8bd33-911f-430b-9bff-00b07fe670f3,2026-08-23 18:47:40,Packaging Tape Dispenser,Packaging,7,22.5,157.5,paypal,Middle East
2113,290a3abb-c35b-4fea-9578-d70948f9e3d0,2026-07-01 23:16:46,Ergonomic Keyboard,Electronics,7,65.0,455.0,bank_transfer,Africa
2114,b6aae05b-13d5-42f7-b09b-7d97464c04af,2026-01-17 12:27:11,Clear Ethernet Cable 2m,Electronics,3,9.99,29.97,cash,South America
2115,ce7ae7f6-3982-4cff-8f77-a665ac3c5640,2025-10-16 21:31:22,Ergonomic Keyboard,Electronics,8,65.0,520.0,cash,Middle East
2116,6de299a1-4a90-4d0c-a4c1-73b9b7f28572,2025-12-14 17:15:33,USB Food Flash Drive - Chocolate,Novelty Items,4,12.0,48.0,bank_transfer,North America
2117,2460d0d2-9048-43c1-9151-9998f2933585,2026-01-19 18:43:27,50mm Double Sided Tape,Packaging,3,5.75,17.25,cash,Europe
2118,725d4259-3c4b-4eec-a231-ee7342c2d2eb,2026-07-05 13:17:13,RC Mini Monster Truck,Toys,2,28.0,56.0,bank_transfer,North America
2119,ad371d9e-92cf-4021-9f33-242d49ac9087,2026-07-28 17:49:53,USB Food Flash Drive - Chocolate,Novelty Items,6,12.0,72.0,paypal,North America
2120,f2e9702d-11e9-4daa-ae69-81a35d3d9e56,2026-02-02 15:36:20,Packaging Tape Dispenser,Packaging,3,22.5,67.5,paypal,Europe
2121,9ef2b93e-30ac-4d7b-a2f9-63a33810ae66,2026-09-28 13:00:43,Developer Flashing Fish Hat,Novelty Items,5,18.75,93.75,bank_transfer,North America
2122,a33dc7af-d701-410d-bf4b-1a70c074718e,2026-02-14 15:03:18,Furry Gloves (Black) S,Clothing,3,15.5,46.5,cash,Asia Pacific
2123,68f82063-eeb1-4ad2-81a1-fb0f268b84b6,2026-02-18 23:26:06,Novelty Chilli Chocolates 250g,Confectionery,5,8.5,42.5,paypal,South America
2124,07a0ca6e-0822-48f3-ac03-1199972a8469,2025-10-08 00:34:11,Ride On Dinosaur Costume,Costumes,8,145.0,1160.0,credit_card,Middle East
2125,5c311464-82c2-49f0-b487-d7727f0386fa,2025-12-15 02:28:55,Developer Flashing Fish Hat,Novelty Items,2,18.75,37.5,credit_card,Asia Pacific
2126,78b2b549-3bdb-409e-acc2-16a01bbc91f7,2026-09-08 11:22:04,Ergonomic Keyboard,Electronics,10,65.0,650.0,cash,Asia Pacific
2127,02740f73-f3ab-4a0d-9be9-fdb3dd92dd7c,2025-11-30 06:51:37,RC Mini Monster Truck,Toys,6,28.0,168.0,bank_transfer,Asia Pacific
2128,935f2b0a-a138-4ddc-a2d9-de5d6a18ce4c,2026-05-13 14:09:17,Superhero Mask (Red),Costumes,10,11.25,112.5,debit_card,Middle East
2129,ee0f65a8-2a13-4c1f-8cd0-15c1ad5900dd,2026-06-17 22:33:20,Giant Chocolate Snake 1.2m,Confectionery,8,45.0,360.0,bank_transfer,Africa
2130,bff15840-207e-463f-9f32-d5d82abe1585,2026-03-10 07:14:26,Ergonomic Keyboard,Electronics,3,65.0,195.0,paypal,North America
2131,52555c75-8d55-419e-bd44-cb2cea45ba41,2025-11-01 16:14:34,Furry Gloves (Black) S,Clothing,10,15.5,155.0,cash,Asia Pacific
2132,3c9d128a-2176-4930-b6d7-0248a995ecc3,2025-11-29 18:01:38,Clear Ethernet Cable 2m,Electronics,4,9.99,39.96,bank_transfer,Europe
2133,b0416f19-bbe7-4835-8e8b-f78a60ddc7f1,2026-07-20 09:59:30,Packaging Tape Dispenser,Packaging,1,22.5,22.5,bank_transfer,Africa
2134,58c1aad6-f3f8-4ea4-bf14-eafa29f0ef7c,2026-06-08 13:15:02,Alien Egg Fidget Ball,Novelty Items,2,6.25,12.5,debit_card,Africa
2135,1e5ebe54-5907-4299-9c3b-bdd8a74e02a9,2025-10-17 13:24:16,Novelty Chilli Chocolates 250g,Confectionery,10,8.5,85.0,paypal,Middle East
2136,ac2b0cfc-c5c5-4060-9911-21e793d563ae,2025-11-10 06:54:11,Giant Chocolate Snake 1.2m,Confectionery,2,45.0,90.0,cash,North America
2137,31d4ee09-8fd3-4afc-91fd-fa4f0d18ab95,2026-07-22 09:55:31,Air Cushion Machine,Packaging,10,1850.0,18500.0,cash,North America
2138,989d9d4a-e15c-4666-8797-b2c957207246,2026-04-29 16:07:00,Magic Flashing Fruit Bowl,Novelty Items,9,34.0,306.0,bank_transfer,Middle East
2139,6703b636-5380-4904-a88c-7015aab97e49,2025-12-28 04:50:36,RC Mini Monster Truck,Toys,1,28.0,28.0,cash,South America
2140,49e64c22-89a0-47eb-b98f-569b465cc2cb,2026-02-28 18:02:44,Novelty Chilli Chocolates 250g,Confectionery,5,8.5,42.5,debit_card,South America
2141,5fbbf0b1-8083-49c8-a57e-01c90da23e5c,2026-03-17 16:46:55,Superhero Mask (Red),Costumes,10,11.25,112.5,credit_card,Middle East
2142,d4ea120a-5e65-4654-8e90-58b609a0a0f6,2026-03-30 19:56:41,Magic Flashing Fruit Bowl,Novelty Items,6,34.0,204.0,cash,North America
2143,66d06371-d8e8-4ebb-ba9e-8eefffa361be,2026-02-15 01:02:26,Ergonomic Keyboard,Electronics,1,65.0,65.0,bank_transfer,South America
2144,c362a810-a261-4b8d-9620-bee66406face,2025-12-05 18:49:13,Clear Ethernet Cable 2m,Electronics,1,9.99,9.99,cash,Europe
2145,d450281c-6c6f-4633-a260-772317a0df49,2026-02-26 08:48:16,Clear Ethernet Cable 2m,Electronics,5,9.99,49.95,credit_card,North America
2146,5876fd09-f1fa-4665-b115-33f312e89d10,2026-02-03 16:19:49,Packaging Tape Dispenser,Packaging,3,22.5,67.5,debit_card,South America
2147,6f92f25e-45df-46b6-b82c-043f7cfc9b79,2026-07-12 21:25:17,Alien Egg Fidget Ball,Novelty Items,2,6.25,12.5,paypal,Asia Pacific
2148,474ebc19-2ef9-4276-ac00-6f6123e2fcb4,2026-02-08 15:07:38,Giant Chocolate Snake 1.2m,Confectionery,3,45.0,135.0,cash,Europe
2149,4499d0a6-1500-4170-92d1-5585b68e47fa,2026-08-03 08:17:32,Ride On Dinosaur Costume,Costumes,1,145.0,145.0,credit_card,Europe
2150,08601833-479d-4cda-b396-ea37f065c817,2026-05-14 02:00:54,Clear Ethernet Cable 2m,Electronics,2,9.99,19.98,debit_card,Asia Pacific
2151,89e06ab3-7250-4e18-a60a-5962dd81b7f5,2026-05-25 04:52:05,RC Mini Monster Truck,Toys,6,28.0,168.0,bank_transfer,North America
2152,409d3602-5084-4242-968b-1625746f7891,2025-11-07 15:31:00,Novelty Chilli Chocolates 250g,Confectionery,4,8.5,34.0,cash,Middle East
2153,8471b4b0-ae1b-4f69-b740-d83173318749,2026-09-13 17:00:20,Air Cushion Machine,Packaging,8,1850.0,14800.0,cash,Asia Pacific
2154,8ce21ea3-db20-456e-9c81-5fe7ceda8bbb,2025-10-26 02:00:34,USB Food Flash Drive - Chocolate,Novelty Items,5,12.0,60.0,paypal,Asia Pacific
2155,63f2ae24-fc3d-4348-808d-4127610461e3,2025-12-05 01:46:10,Packaging Tape Dispenser,Packaging,7,22.5,157.5,bank_transfer,North America
2156,73c374a6-dac7-46b6-a786-3fb3f3bc9a71,2025-12-05 18:49:34,Clear Ethernet Cable 2m,Electronics,4,9.99,39.96,credit_card,Europe
2157,cb8383f2-bb96-4602-ab11-5c3675f8e3a8,2026-07-25 15:30:42,Packaging Tape Dispenser,Packaging,10,22.5,225.0,credit_card,South America
2158,24f43c62-b523-40de-9b87-d29c4cfd0fc1,2026-06-02 14:19:44,Furry Gloves (Black) S,Clothing,9,15.5,139.5,debit_card,Europe
2159,195d82f8-ee4a-4b5d-9195-54e307374c86,2025-10-24 23:28:47,Magic Flashing Fruit Bowl,Novelty Items,7,34.0,238.0,credit_card,Africa
2160,624a2a50-d0b1-4de0-b1f3-f0c022f3f068,2026-06-24 09:30:12,Packaging Tape Dispenser,Packaging,4,22.5,90.0,debit_card,Europe
2161,02740f73-f3ab-4a0d-9be9-fdb3dd92dd7c,2025-11-06 08:03:16,Packaging Tape Dispenser,Packaging,3,22.5,67.5,debit_card,Middle East
2162,3cd5fd7f-49c1-4669-86b3-3fe61c76bdf6,2026-01-19 07:50:31,Clear Ethernet Cable 2m,Electronics,9,9.99,89.91,credit_card,North America
2163,ebc92914-5176-49d1-9a36-24d62e9ce8ff,2026-03-26 17:46:19,Superhero Mask (Red),Costumes,8,11.25,90.0,cash,Europe
2164,3eb13b90-4668-4257-bdd6-40fb06671ad1,2026-06-19 17:22:31,Giant Chocolate Snake 1.2m,Confectionery,3,45.0,135.0,credit_card,Asia Pacific
2165,4ab7706e-b773-40ca-aec2-59dc7f95897c,2026-03-19 07:45:49,Alien Egg Fidget Ball,Novelty Items,10,6.25,62.5,bank_transfer,Europe
2166,0f25477d-a559-40e7-8910-fade52380bf2,2026-04-12 06:21:17,Superhero Mask (Red),Costumes,4,11.25,45.0,cash,Europe
2167,f166cdcf-762c-4fbc-ba2a-a7baf3f81c31,2026-05-29 10:01:05,Novelty Chilli Chocolates 250g,Confectionery,3,8.5,25.5,cash,Middle East
2168,da587e8a-a25d-4b29-afff-cfd2341ef40b,2026-03-26 07:48:36,USB Food Flash Drive - Chocolate,Novelty Items,5,12.0,60.0,bank_transfer,Africa
2169,2ace1aa9-1032-46b3-a55b-fc1c7e3d5ee4,2026-03-15 12:07:55,USB Food Flash Drive - Chocolate,Novelty Items,3,12.0,36.0,cash,Europe
2170,0db95301-afbb-411a-a123-5a8c93b7a886,2026-01-19 17:45:33,RC Mini Monster Truck,Toys,7,28.0,196.0,cash,Middle East
2171,74ed5145-8d97-45c7-961d-5c8753c9fe59,2025-12-28 08:54:29,Furry Gloves (Black) S,Clothing,6,15.5,93.0,paypal,Africa
2172,9e11d2cd-0930-4ef6-8a80-068ddf547e50,2026-07-25 20:14:23,Alien Egg Fidget Ball,Novelty Items,8,6.25,50.0,debit_card,Africa
2173,0db95301-afbb-411a-a123-5a8c93b7a886,2026-04-22 15:04:24,Developer Flashing Fish Hat,Novelty Items,6,18.75,112.5,bank_transfer,Middle East
2174,73c374a6-dac7-46b6-a786-3fb3f3bc9a71,2025-11-18 20:30:56,Developer Flashing Fish Hat,Novelty Items,1,18.75,18.75,debit_card,Africa
2175,bf6b8cdf-7479-4b61-a737-2b527a6a2107,2026-02-16 16:54:14,RC Mini Monster Truck,Toys,1,28.0,28.0,bank_transfer,North America
2176,3ee82983-d557-4241-91dd-b9bf613d2de9,2026-03-21 14:44:42,RC Mini Monster Truck,Toys,1,28.0,28.0,debit_card,Asia Pacific
2177,28fea761-8d49-4e3f-aca8-f78384182d35,2025-11-17 17:13:38,Packaging Tape Dispenser,Packaging,8,22.5,180.0,bank_transfer,Middle East
2178,d8e049de-0217-4a0e-8964-90ab4926ce5f,2026-01-23 15:42:29,USB Food Flash Drive - Chocolate,Novelty Items,2,12.0,24.0,credit_card,Africa
2179,cfd01cbd-5f65-48ce-bd21-bc11be9d61ee,2026-06-26 01:06:31,Ergonomic Keyboard,Electronics,2,65.0,130.0,bank_transfer,Middle East
2180,a9597663-6daa-4e68-8861-fe1858e25888,2026-06-26 03:36:35,Developer Flashing Fish Hat,Novelty Items,7,18.75,131.25,credit_card,North America
2181,78c04ed8-fdd4-4f21-8f03-f0c80effd5bd,2026-05-24 00:04:17,Ergonomic Keyboard,Electronics,6,65.0,390.0,debit_card,Asia Pacific
2182,2775ee42-a89e-42f2-80af-bf3f3df51967,2026-04-12 15:24:20,Novelty Chilli Chocolates 250g,Confectionery,4,8.5,34.0,credit_card,Europe
2183,b0cbc61f-3d85-4e89-8217-14298e200724,2026-04-28 07:02:29,Giant Chocolate Snake 1.2m,Confectionery,6,45.0,270.0,credit_card,Middle East
2184,73b5bad5-600b-4b35-aa0a-a7d5a0b85755,2026-06-21 17:47:09,Giant Chocolate Snake 1.2m,Confectionery,5,45.0,225.0,debit_card,South America
2185,295b4715-c333-4861-9fb8-d16c2720797d,2026-02-02 10:20:12,Ergonomic Keyboard,Electronics,6,65.0,390.0,paypal,Asia Pacific
2186,7de31a51-6694-4343-90ba-58e3d2762bdc,2025-10-23 06:58:48,RC Mini Monster Truck,Toys,10,28.0,280.0,credit_card,South America
2187,6651529e-8268-490b-a438-25b559e4b671,2025-12-30 07:02:25,Superhero Mask (Red),Costumes,7,11.25,78.75,paypal,Middle East
2188,f6f7f0cc-29ec-4e49-91bd-b8c0c71d5e60,2026-03-08 03:46:53,Packaging Tape Dispenser,Packaging,8,22.5,180.0,cash,South America
2189,3ee82983-d557-4241-91dd-b9bf613d2de9,2026-05-26 09:46:23,Giant Chocolate Snake 1.2m,Confectionery,10,45.0,450.0,cash,Middle East
2190,ff46a6bf-094d-416d-ab6d-2fedef158d5b,2025-10-26 22:15:52,Ride On Dinosaur Costume,Costumes,2,145.0,290.0,debit_card,Africa
2191,c34b9fbb-8d4a-45b8-951a-c8ea585a0afa,2025-10-08 15:18:30,USB Food Flash Drive - Chocolate,Novelty Items,3,12.0,36.0,cash,South America
2192,f2e61828-01bb-419c-8dfe-111722af711f,2025-12-24 01:01:16,RC Mini Monster Truck,Toys,9,28.0,252.0,paypal,South America
2193,59ea4936-60f3-4ebc-a1bb-b8cd7e3a9f07,2026-01-30 17:05:30,Superhero Mask (Red),Costumes,1,11.25,11.25,cash,Middle East
2194,d847dc53-c605-458a-8845-4343ddb449dc,2025-12-26 16:30:11,Alien Egg Fidget Ball,Novelty Items,9,6.25,56.25,bank_transfer,North America
2195,431e930f-0387-474d-9149-d096965d744f,2026-07-30 15:52:32,Clear Ethernet Cable 2m,Electronics,1,9.99,9.99,paypal,Asia Pacific
2196,ebc2026f-af34-4f65-a193-c4b23c19e71d,2025-11-27 22:46:50,Superhero Mask (Red),Costumes,7,11.25,78.75,credit_card,Africa
2197,da52d2ee-22bf-48f5-9f65-2a87333ee344,2026-07-29 10:09:19,Packaging Tape Dispenser,Packaging,8,22.5,180.0,paypal,Middle East
2198,74ed5145-8d97-45c7-961d-5c8753c9fe59,2026-01-12 21:16:26,Furry Gloves (Black) S,Clothing,1,15.5,15.5,debit_card,North America
2199,93e34c35-ef0a-473d-93d2-d56dd0401587,2026-01-26 01:30:09,Alien Egg Fidget Ball,Novelty Items,7,6.25,43.75,bank_transfer,Europe
2200,5e781fd7-94e0-43ba-a9f9-48b24e6384bb,2026-02-10 01:58:54,Novelty Chilli Chocolates 250g,Confectionery,7,8.5,59.5,paypal,North America
2201,73b5bad5-600b-4b35-aa0a-a7d5a0b85755,2025-11-21 05:59:41,RC Mini Monster Truck,Toys,10,28.0,280.0,credit_card,Africa
2202,d08012b8-96c5-4fe7-aa60-4892392612e9,2025-10-08 15:42:27,Air Cushion Machine,Packaging,7,1850.0,12950.0,credit_card,South America
2203,c9e48e8c-25c6-4c45-863d-04ee541c7a86,2026-04-16 19:37:37,Air Cushion Machine,Packaging,3,1850.0,5550.0,paypal,North America
2204,a0a04dc4-2720-4bdf-9c11-f735dc713d96,2026-07-22 18:20:09,Giant Chocolate Snake 1.2m,Confectionery,2,45.0,90.0,bank_transfer,Asia Pacific
2205,8639bd41-8b15-4d94-a42d-0cd7fd359f6a,2026-03-21 21:39:19,Furry Gloves (Black) S,Clothing,1,15.5,15.5,paypal,Europe
2206,e3b56360-6fdc-4bad-9e36-8127cca1b45c,2025-12-12 21:15:14,Air Cushion Machine,Packaging,2,1850.0,3700.0,debit_card,Europe
2207,e8cee951-b047-4ea4-bee5-ce6933cb202e,2025-11-24 19:45:27,Superhero Mask (Red),Costumes,1,11.25,11.25,paypal,Middle East
2208,2460d0d2-9048-43c1-9151-9998f2933585,2026-03-02 07:26:59,Furry Gloves (Black) S,Clothing,4,15.5,62.0,credit_card,Middle East
2209,2f383b43-a137-48e4-a7b1-3040cc39b925,2026-04-30 11:41:13,Magic Flashing Fruit Bowl,Novelty Items,8,34.0,272.0,credit_card,Africa
2210,c9277d9b-6e0d-4648-b5ce-884149732d6c,2026-07-05 22:21:04,Ergonomic Keyboard,Electronics,10,65.0,650.0,credit_card,North America
2211,53ffd3a2-4a19-4501-8169-b9fcc3a00c6f,2026-01-03 00:26:49,RC Mini Monster Truck,Toys,1,28.0,28.0,paypal,Africa
2212,8a63f881-ffd0-49d5-a6f2-f7b80cf35b58,2026-04-17 22:26:33,USB Food Flash Drive - Chocolate,Novelty Items,3,12.0,36.0,bank_transfer,North America
2213,bab2b77d-fa74-4cc8-a43a-fb7ac40d4874,2026-05-10 15:20:26,Alien Egg Fidget Ball,Novelty Items,10,6.25,62.5,bank_transfer,North America
2214,3e00980e-ae44-4e21-9258-64f225d4a0fc,2026-08-25 07:05:01,USB Food Flash Drive - Chocolate,Novelty Items,1,12.0,12.0,credit_card,Europe
2215,d4ea120a-5e65-4654-8e90-58b609a0a0f6,2026-06-22 02:19:11,Superhero Mask (Red),Costumes,7,11.25,78.75,credit_card,Middle East
2216,c19ad58c-c35b-4c8c-8a4c-9f7f9384ec2b,2026-08-14 17:59:24,Furry Gloves (Black) S,Clothing,7,15.5,108.5,cash,Africa
2217,e7b7b4c6-d631-4a80-9c61-2ec210142131,2026-02-20 04:44:13,Magic Flashing Fruit Bowl,Novelty Items,1,34.0,34.0,bank_transfer,Asia Pacific
2218,e6e59b32-ac5f-42ef-8085-c1471e910f36,2025-11-02 15:27:07,Furry Gloves (Black) S,Clothing,7,15.5,108.5,cash,Middle East
2219,3db0174e-7938-478a-89b5-aab0c12169db,2026-03-08 20:37:52,USB Food Flash Drive - Chocolate,Novelty Items,6,12.0,72.0,credit_card,Asia Pacific
2220,6afa828c-2cd1-4b9f-abe5-841fe9c96c52,2026-09-05 07:53:08,Packaging Tape Dispenser,Packaging,6,22.5,135.0,debit_card,North America
2221,a5f60735-757b-4b29-bb2a-a1462999394c,2026-07-20 19:59:10,USB Food Flash Drive - Chocolate,Novelty Items,1,12.0,12.0,credit_card,Middle East
2222,7316ce64-2a14-4a96-9b0c-62eb27c8fc6c,2025-10-22 01:56:43,Furry Gloves (Black) S,Clothing,4,15.5,62.0,cash,South America
2223,b9de7a3a-4868-42b9-80a8-1de9d20f87d0,2026-03-24 01:31:15,Giant Chocolate Snake 1.2m,Confectionery,9,45.0,405.0,paypal,Asia Pacific
2224,5ffa46ef-14e4-480c-be99-36a362dbc850,2025-10-12 22:20:36,Ergonomic Keyboard,Electronics,10,65.0,650.0,debit_card,South America
2225,134c6c92-ec5b-427c-9fde-4fbf3ff350bf,2026-04-02 04:52:47,Ride On Dinosaur Costume,Costumes,1,145.0,145.0,debit_card,Europe
2226,84d67c4f-f0df-4684-b28e-41225894f7f1,2026-09-28 09:30:57,Magic Flashing Fruit Bowl,Novelty Items,7,34.0,238.0,paypal,Europe
2227,4e2d6255-3d13-4a3d-9e2c-2e7d502cf0ee,2025-11-04 21:23:30,Magic Flashing Fruit Bowl,Novelty Items,9,34.0,306.0,debit_card,South America
2228,951c25d5-4d4c-4280-9462-52e7f43ba052,2026-09-05 11:06:26,Ergonomic Keyboard,Electronics,5,65.0,325.0,paypal,Europe
2229,0a8bb5b4-9049-4583-ac86-a890d7b00bdc,2026-02-04 05:35:46,Developer Flashing Fish Hat,Novelty Items,1,18.75,18.75,cash,Africa
2230,56dc8907-ba6c-44ab-a712-303a0f844fef,2026-05-17 06:07:26,Giant Chocolate Snake 1.2m,Confectionery,3,45.0,135.0,debit_card,Middle East
2231,8950ddd6-27c6-4bb1-8edd-069df96c9a0a,2026-03-21 08:52:45,Superhero Mask (Red),Costumes,9,11.25,101.25,credit_card,Asia Pacific
2232,9d17d218-fc3b-4de5-9812-62ac5683ede0,2026-05-16 08:07:55,Developer Flashing Fish Hat,Novelty Items,4,18.75,75.0,debit_card,Africa
2233,4ac66780-3874-4f3c-82d4-9b56cbbed980,2026-03-11 17:09:15,RC Mini Monster Truck,Toys,4,28.0,112.0,credit_card,Europe
2234,6f14b3f6-d867-488b-bff6-b824152aeaec,2026-07-08 04:40:09,Air Cushion Machine,Packaging,8,1850.0,14800.0,bank_transfer,Middle East
2235,2c3aacdc-aed5-4a46-8bde-005b5d8babd7,2026-06-11 06:12:45,50mm Double Sided Tape,Packaging,6,5.75,34.5,cash,Middle East
2236,2cf6bf75-6a5e-4920-bf5a-e7e653a3dd5a,2026-03-16 20:50:58,Developer Flashing Fish Hat,Novelty Items,10,18.75,187.5,bank_transfer,Europe
2237,a1c7cc8a-0435-4b64-893a-d23298c3e3ca,2026-01-26 02:08:13,Ride On Dinosaur Costume,Costumes,2,145.0,290.0,credit_card,Asia Pacific
2238,b40a9181-ac09-4db7-9908-6e477249f62c,2025-11-19 09:09:12,Air Cushion Machine,Packaging,1,1850.0,1850.0,debit_card,Africa
2239,fe7ee362-8a89-40f0-9052-91d3b34c6c73,2026-03-11 22:50:04,Air Cushion Machine,Packaging,8,1850.0,14800.0,debit_card,South America
2240,a1e518a2-93d2-48d4-a465-5c397d4d2add,2025-10-13 18:03:24,Ergonomic Keyboard,Electronics,6,65.0,390.0,bank_transfer,South America
2241,4e35da80-a027-4a18-a576-a4100d41ee47,2026-02-08 18:43:06,Clear Ethernet Cable 2m,Electronics,3,9.99,29.97,credit_card,Europe
2242,39681c81-7b70-43b8-a81f-dec3279c658a,2025-12-11 09:38:01,Novelty Chilli Chocolates 250g,Confectionery,2,8.5,17.0,credit_card,Middle East
2243,a881bfd3-d47d-477b-ba5a-91ca059dd55d,2026-08-12 20:31:24,USB Food Flash Drive - Chocolate,Novelty Items,3,12.0,36.0,bank_transfer,South America
2244,2c82989f-fd9c-4bb0-91f1-6485429a4a7c,2026-06-02 17:00:17,Giant Chocolate Snake 1.2m,Confectionery,10,45.0,450.0,paypal,North America
2245,b8a6171f-1ee3-4dc4-bb04-8a8b405bfdc9,2026-04-02 08:04:25,Novelty Chilli Chocolates 250g,Confectionery,4,8.5,34.0,paypal,South America
2246,5a9a206a-16f1-42a2-86b9-19aa1a7167c7,2026-08-24 18:42:11,Air Cushion Machine,Packaging,5,1850.0,9250.0,debit_card,Europe
2247,7c16128d-b2c0-4394-a17f-29e170286046,2026-06-30 11:17:28,Superhero Mask (Red),Costumes,9,11.25,101.25,debit_card,South America
2248,b89f3a92-999a-4d86-99db-13028dab66d3,2026-09-27 20:32:06,Novelty Chilli Chocolates 250g,Confectionery,3,8.5,25.5,paypal,North America
2249,b423ccde-8857-4117-a155-46672112507c,2026-02-23 04:22:16,Novelty Chilli Chocolates 250g,Confectionery,3,8.5,25.5,credit_card,Europe
2250,39c1e262-f76c-4ede-8110-12662408a6dc,2025-11-08 21:05:23,RC Mini Monster Truck,Toys,4,28.0,112.0,bank_transfer,South America
2251,03ece8ff-e8b3-4763-b4ff-3f3a4d9dbaeb,2026-03-24 06:06:30,Developer Flashing Fish Hat,Novelty Items,6,18.75,112.5,debit_card,Middle East
2252,8409c5ea-cde9-48b3-b922-a7e42de982f8,2026-08-29 14:49:28,Furry Gloves (Black) S,Clothing,10,15.5,155.0,bank_transfer,Africa
2253,b6aae05b-13d5-42f7-b09b-7d97464c04af,2025-11-15 18:22:32,USB Food Flash Drive - Chocolate,Novelty Items,2,12.0,24.0,debit_card,South America
2254,6e3f683a-bf3c-4140-bf54-a51101fa964e,2026-01-08 03:32:01,Air Cushion Machine,Packaging,9,1850.0,16650.0,paypal,Europe
2255,effa2002-3040-413c-8690-fb1527b608dc,2026-03-23 20:27:33,Magic Flashing Fruit Bowl,Novelty Items,7,34.0,238.0,debit_card,North America
2256,6afa828c-2cd1-4b9f-abe5-841fe9c96c52,2026-05-22 08:20:16,Furry Gloves (Black) S,Clothing,10,15.5,155.0,debit_card,Middle East
2257,11906f50-3488-4a46-9088-2eafc9776598,2026-03-10 04:07:21,Alien Egg Fidget Ball,Novelty Items,3,6.25,18.75,debit_card,North America
2258,1a57f9e4-c5f8-42f8-814f-499428457780,2026-04-27 03:20:40,Giant Chocolate Snake 1.2m,Confectionery,5,45.0,225.0,debit_card,Middle East
2259,7de31a51-6694-4343-90ba-58e3d2762bdc,2025-11-05 04:42:13,Magic Flashing Fruit Bowl,Novelty Items,8,34.0,272.0,credit_card,Asia Pacific
2260,0f02bad0-e706-4ef4-a6aa-9385dd59ba71,2026-03-08 08:28:21,Furry Gloves (Black) S,Clothing,10,15.5,155.0,debit_card,Middle East
2261,0ba078e8-4ef4-42c1-aac9-331686e52753,2026-09-08 17:32:07,Clear Ethernet Cable 2m,Electronics,9,9.99,89.91,bank_transfer,Middle East
2262,fb1e143b-196f-4dfa-9cd8-fe1adafec8a9,2026-02-03 03:37:41,Ergonomic Keyboard,Electronics,3,65.0,195.0,paypal,Middle East
2263,5c56d9bc-5111-431d-a3be-441dbd5a0c9e,2026-07-22 07:03:52,50mm Double Sided Tape,Packaging,8,5.75,46.0,bank_transfer,Asia Pacific
2264,7634c169-4f76-4388-92fe-28bf81e0d489,2026-02-14 12:09:10,Alien Egg Fidget Ball,Novelty Items,10,6.25,62.5,cash,Africa
2265,2812859a-1337-439e-8d4f-5d272c7f0b79,2025-12-30 16:51:39,Novelty Chilli Chocolates 250g,Confectionery,4,8.5,34.0,debit_card,Asia Pacific
2266,c2874f06-9050-47ef-8123-5c9176c5a0dc,2026-02-12 00:05:03,Superhero Mask (Red),Costumes,4,11.25,45.0,debit_card,Europe
2267,ad371d9e-92cf-4021-9f33-242d49ac9087,2026-08-04 05:33:52,Clear Ethernet Cable 2m,Electronics,7,9.99,69.93,debit_card,Europe
2268,ce9e1a11-fcbb-4e59-bbdd-cf7c9c96e9ec,2025-12-09 22:46:12,Alien Egg Fidget Ball,Novelty Items,9,6.25,56.25,debit_card,North America
2269,a4364fcd-f2d3-4761-8ba3-627914cb0564,2025-11-04 07:34:01,Alien Egg Fidget Ball,Novelty Items,8,6.25,50.0,paypal,South America
2270,a1b970d0-7a81-44de-b205-07bbfb16f757,2026-04-21 21:42:31,Magic Flashing Fruit Bowl,Novelty Items,1,34.0,34.0,cash,Middle East
2271,f0b2a5d1-8c7e-4f42-a646-eaf9d5c0244d,2026-06-08 13:44:29,Developer Flashing Fish Hat,Novelty Items,7,18.75,131.25,bank_transfer,Asia Pacific
2272,46feacd4-fe13-43cd-8f2d-5c15eb346d3a,2025-11-18 22:27:54,Clear Ethernet Cable 2m,Electronics,6,9.99,59.94,bank_transfer,Europe
2273,e5d7b875-6dad-46c7-95a7-6d79bf3c4c06,2026-04-29 17:15:18,Alien Egg Fidget Ball,Novelty Items,7,6.25,43.75,debit_card,Asia Pacific
2274,24acb722-e052-4739-8d40-6f1b3ca5be29,2026-04-21 16:45:26,Air Cushion Machine,Packaging,5,1850.0,9250.0,credit_card,Europe
2275,9ef2b93e-30ac-4d7b-a2f9-63a33810ae66,2025-12-19 22:58:23,RC Mini Monster Truck,Toys,2,28.0,56.0,cash,Middle East
2276,4ac66780-3874-4f3c-82d4-9b56cbbed980,2026-09-22 11:28:17,Packaging Tape Dispenser,Packaging,2,22.5,45.0,paypal,South America
2277,14822f53-8201-4c62-b5f5-9b220e8fa8e0,2026-08-03 02:37:52,USB Food Flash Drive - Chocolate,Novelty Items,2,12.0,24.0,paypal,North America
2278,3ce915e7-c9d6-463b-8a3c-6f5f5bb5c40c,2026-02-18 08:04:23,Packaging Tape Dispenser,Packaging,4,22.5,90.0,debit_card,Africa
2279,f1b64afe-d31e-4f1a-a9ff-1cae41c8ca8c,2026-02-19 00:08:47,Developer Flashing Fish Hat,Novelty Items,5,18.75,93.75,paypal,South America
2280,76f2dbfe-cd29-436f-a222-82e174daaebf,2026-07-15 03:19:27,50mm Double Sided Tape,Packaging,10,5.75,57.5,cash,Europe
2281,7f671eec-3da7-4577-aee1-e86b9ea556aa,2026-08-19 16:48:50,Novelty Chilli Chocolates 250g,Confectionery,5,8.5,42.5,paypal,Asia Pacific
2282,79e5c9aa-592a-4549-bba1-09d08567c805,2026-06-13 07:37:27,Clear Ethernet Cable 2m,Electronics,10,9.99,99.9,credit_card,Asia Pacific
2283,ee0f65a8-2a13-4c1f-8cd0-15c1ad5900dd,2026-08-18 04:21:18,Giant Chocolate Snake 1.2m,Confectionery,9,45.0,405.0,debit_card,Asia Pacific
2284,af70de70-2b69-495e-8567-1b58926bffa5,2025-12-02 00:13:43,Air Cushion Machine,Packaging,4,1850.0,7400.0,debit_card,Asia Pacific
2285,6afa828c-2cd1-4b9f-abe5-841fe9c96c52,2026-01-05 09:50:42,Air Cushion Machine,Packaging,9,1850.0,16650.0,cash,Asia Pacific
2286,66d06371-d8e8-4ebb-ba9e-8eefffa361be,2025-11-14 13:52:02,50mm Double Sided Tape,Packaging,8,5.75,46.0,credit_card,Europe
2287,692e07b6-0b2f-4d5c-b00b-5d5fb89f72f3,2025-12-01 12:37:07,Superhero Mask (Red),Costumes,4,11.25,45.0,bank_transfer,South America
2288,12af97e4-c536-466e-bcc4-091bf45707c6,2026-01-13 01:27:23,Ergonomic Keyboard,Electronics,8,65.0,520.0,cash,North America
2289,4588fc1b-b238-4849-8fe0-69b6eedaa802,2025-12-21 06:21:58,Developer Flashing Fish Hat,Novelty Items,3,18.75,56.25,debit_card,Europe
2290,28524385-d9f2-4d0d-8cc9-f5f2e42e5037,2025-12-12 00:47:16,50mm Double Sided Tape,Packaging,1,5.75,5.75,paypal,Europe
2291,19e45c6a-c9c2-4e69-982c-75654bb907ec,2026-05-27 14:25:30,Air Cushion Machine,Packaging,7,1850.0,12950.0,bank_transfer,Africa
2292,a3b5cece-a446-4e72-b64c-911aa9ab364a,2025-12-04 00:30:33,Packaging Tape Dispenser,Packaging,5,22.5,112.5,cash,North America
2293,6ee35607-92ea-4324-ac93-e5962b015723,2026-07-27 21:22:47,Magic Flashing Fruit Bowl,Novelty Items,1,34.0,34.0,debit_card,South America
2294,a96b3c42-f6d2-4a7b-aec7-6a82148b4376,2026-07-27 11:28:21,Developer Flashing Fish Hat,Novelty Items,10,18.75,187.5,cash,Middle East
2295,bdf66ba5-dc9c-46de-a5a6-74c212738a23,2026-06-17 05:26:47,Magic Flashing Fruit Bowl,Novelty Items,7,34.0,238.0,debit_card,Asia Pacific
2296,75c8e90d-9e3d-450d-b296-d9f0cd2372c2,2025-11-03 22:00:11,USB Food Flash Drive - Chocolate,Novelty Items,9,12.0,108.0,debit_card,Asia Pacific
2297,35102852-b474-4349-89fc-2cd8c56bad4c,2025-12-13 10:46:52,USB Food Flash Drive - Chocolate,Novelty Items,6,12.0,72.0,bank_transfer,Africa
2298,295d6fbf-430f-401d-bad4-09e2a319dcb4,2026-08-01 19:07:33,RC Mini Monster Truck,Toys,5,28.0,140.0,debit_card,North America
2299,a9597663-6daa-4e68-8861-fe1858e25888,2026-06-06 12:33:59,Giant Chocolate Snake 1.2m,Confectionery,9,45.0,405.0,credit_card,Africa
2300,c17af08a-1745-46d8-be57-0ddf827050a8,2026-04-15 13:09:51,Magic Flashing Fruit Bowl,Novelty Items,8,34.0,272.0,debit_card,South America
2301,e61ede90-0267-4eb3-aab6-12c9415d174a,2026-04-03 20:00:56,USB Food Flash Drive - Chocolate,Novelty Items,7,12.0,84.0,debit_card,South America
2302,0f9aea4b-8acd-4e10-bc59-4585944528c0,2026-07-25 15:36:16,Alien Egg Fidget Ball,Novelty Items,9,6.25,56.25,bank_transfer,North America
2303,d453dd32-4b0d-4b41-8d52-88f1142c3fe8,2026-05-12 14:03:18,Developer Flashing Fish Hat,Novelty Items,9,18.75,168.75,debit_card,Europe
2304,87d5b7be-1d30-4990-a21b-030782af085c,2026-07-27 18:13:41,Superhero Mask (Red),Costumes,7,11.25,78.75,debit_card,North America
2305,f020e992-b576-455e-9854-9f222102f9c9,2026-05-18 16:41:37,Ride On Dinosaur Costume,Costumes,9,145.0,1305.0,bank_transfer,Africa
2306,7cb923f5-f5ed-4382-a3a6-ef83cab63107,2026-03-28 23:45:35,USB Food Flash Drive - Chocolate,Novelty Items,7,12.0,84.0,debit_card,South America
2307,78b2b549-3bdb-409e-acc2-16a01bbc91f7,2026-06-27 04:17:01,Superhero Mask (Red),Costumes,4,11.25,45.0,bank_transfer,Africa
2308,dde9f863-22bd-4388-adb9-9102a48b3dbe,2026-09-29 13:24:06,Giant Chocolate Snake 1.2m,Confectionery,8,45.0,360.0,cash,Middle East
2309,4d6168bd-2def-4193-9c62-b3a23a3c563e,2026-09-13 04:56:39,Alien Egg Fidget Ball,Novelty Items,10,6.25,62.5,cash,Africa
2310,a23d4c2f-c2a7-4689-9933-918cfa745761,2026-05-12 21:06:16,Giant Chocolate Snake 1.2m,Confectionery,8,45.0,360.0,debit_card,North America
2311,7b3a4e3e-7c52-4a17-a80a-c07a2a935d62,2026-06-12 08:46:40,Ride On Dinosaur Costume,Costumes,8,145.0,1160.0,bank_transfer,Middle East
2312,5005680f-24c7-48a5-9b4e-164b5716dc2e,2026-06-09 09:04:09,Furry Gloves (Black) S,Clothing,4,15.5,62.0,paypal,Middle East
2313,bf5023f4-40ef-4935-9f90-bed6fb25664d,2026-06-05 04:37:28,RC Mini Monster Truck,Toys,8,28.0,224.0,bank_transfer,Middle East
2314,32ffe294-4d57-4880-9865-d69a74f33103,2026-02-08 04:10:43,Novelty Chilli Chocolates 250g,Confectionery,2,8.5,17.0,bank_transfer,Europe
2315,87d5b7be-1d30-4990-a21b-030782af085c,2026-09-06 07:01:27,50mm Double Sided Tape,Packaging,5,5.75,28.75,cash,South America
2316,7d7ddbed-d284-476c-ab88-f83dd97dc9cd,2026-06-06 05:44:58,Clear Ethernet Cable 2m,Electronics,4,9.99,39.96,cash,Africa
2317,4a1dab32-6aed-4dc7-a3e0-5309b5a1b949,2026-02-05 10:17:16,Clear Ethernet Cable 2m,Electronics,8,9.99,79.92,debit_card,Africa
2318,4187222b-257d-4e52-9a51-65ca3c7c1d85,2025-12-03 06:41:04,Magic Flashing Fruit Bowl,Novelty Items,2,34.0,68.0,credit_card,South America
2319,ebc2026f-af34-4f65-a193-c4b23c19e71d,2026-03-25 10:32:46,RC Mini Monster Truck,Toys,3,28.0,84.0,cash,Europe
2320,b139c476-de3c-488b-a6b9-d31a361f6d90,2025-11-01 04:08:01,Giant Chocolate Snake 1.2m,Confectionery,2,45.0,90.0,debit_card,Asia Pacific
2321,6ba25efe-311c-4eb6-a095-eef68dedf9fb,2026-04-05 18:19:15,Clear Ethernet Cable 2m,Electronics,9,9.99,89.91,paypal,North America
2322,10d4de39-1612-47c9-a25d-f9a89ca8a5c4,2026-03-26 09:20:15,Furry Gloves (Black) S,Clothing,2,15.5,31.0,paypal,Asia Pacific
2323,25074181-8d1f-4540-b4ef-f5453e652603,2026-06-07 20:35:44,Ergonomic Keyboard,Electronics,3,65.0,195.0,debit_card,Middle East
2324,c17af08a-1745-46d8-be57-0ddf827050a8,2026-01-31 06:09:02,Novelty Chilli Chocolates 250g,Confectionery,8,8.5,68.0,credit_card,Africa
2325,bdf66ba5-dc9c-46de-a5a6-74c212738a23,2026-08-10 21:59:25,50mm Double Sided Tape,Packaging,8,5.75,46.0,paypal,Africa
2326,9082889b-e1cd-487f-ac95-5f87ae5ec365,2026-01-20 07:48:13,Clear Ethernet Cable 2m,Electronics,4,9.99,39.96,credit_card,North America
2327,7d98302f-7357-41e5-be1a-1ba9c8969c5b,2026-05-23 08:05:29,Alien Egg Fidget Ball,Novelty Items,2,6.25,12.5,debit_card,Europe
2328,adedda80-bff9-407d-8d14-a03e83599af6,2025-10-27 11:13:18,Giant Chocolate Snake 1.2m,Confectionery,8,45.0,360.0,bank_transfer,North America
2329,30c36756-d453-4867-b97e-6224891f6912,2026-02-19 07:59:56,USB Food Flash Drive - Chocolate,Novelty Items,9,12.0,108.0,debit_card,Africa
2330,c7e53bbb-dcb5-4c53-9b62-a8df493e904d,2026-04-20 16:22:56,Ergonomic Keyboard,Electronics,3,65.0,195.0,paypal,South America
2331,ea87855e-a382-45d3-9e0e-f546b0b6dedf,2025-11-03 11:10:00,Ride On Dinosaur Costume,Costumes,1,145.0,145.0,credit_card,South America
2332,7f53a88e-4efc-4248-a10b-1a477faeb748,2026-02-03 04:52:14,Alien Egg Fidget Ball,Novelty Items,2,6.25,12.5,bank_transfer,South America
2333,8ac97b01-e3ad-44d4-aab9-eb022f1dc121,2026-04-02 23:24:41,USB Food Flash Drive - Chocolate,Novelty Items,1,12.0,12.0,paypal,South America
2334,575aed2c-a5c5-450c-8186-a57611a72609,2026-03-30 03:48:08,Ergonomic Keyboard,Electronics,6,65.0,390.0,debit_card,Africa
2335,0f6b40d0-9efb-458b-9191-b3634e2d6645,2025-10-20 06:11:04,Novelty Chilli Chocolates 250g,Confectionery,9,8.5,76.5,bank_transfer,Africa
2336,c11f6bf5-379e-4467-8a2d-b2e63bfda8a6,2025-10-27 17:54:48,Novelty Chilli Chocolates 250g,Confectionery,9,8.5,76.5,credit_card,Asia Pacific
2337,5fbbf0b1-8083-49c8-a57e-01c90da23e5c,2026-02-25 20:32:35,50mm Double Sided Tape,Packaging,5,5.75,28.75,credit_card,Middle East
2338,647dc392-9c7e-4575-a37d-dcd698d3148b,2026-08-24 15:38:03,Novelty Chilli Chocolates 250g,Confectionery,1,8.5,8.5,bank_transfer,South America
2339,0ba078e8-4ef4-42c1-aac9-331686e52753,2026-01-25 03:24:41,RC Mini Monster Truck,Toys,4,28.0,112.0,debit_card,South America
2340,822c4d32-6c64-4c15-aba3-01cba561e1e9,2025-11-04 10:50:40,USB Food Flash Drive - Chocolate,Novelty Items,1,12.0,12.0,credit_card,North America
2341,a175a9c3-d7b1-42a9-a332-a50e6992896e,2026-06-13 00:23:12,Developer Flashing Fish Hat,Novelty Items,4,18.75,75.0,credit_card,South America
2342,a1fd4187-9c3a-4e0b-b5f3-f8aadc6dafff,2026-09-06 07:03:13,RC Mini Monster Truck,Toys,2,28.0,56.0,debit_card,Africa
2343,da003f16-b946-4bcf-8082-cbb948bddb3e,2026-09-02 19:34:18,Ride On Dinosaur Costume,Costumes,1,145.0,145.0,cash,North America
2344,a5135ea0-fa53-434d-a6d5-901d8b621d41,2025-11-09 17:17:02,Superhero Mask (Red),Costumes,6,11.25,67.5,cash,Africa
2345,2f32751e-5738-411d-b0c2-903f7a8d03aa,2026-06-01 11:57:12,Air Cushion Machine,Packaging,10,1850.0,18500.0,cash,Asia Pacific
2346,d248a9a7-ac1a-4554-83c7-5611ffe3fa49,2026-05-24 08:53:05,Clear Ethernet Cable 2m,Electronics,2,9.99,19.98,debit_card,North America
2347,32c5bd89-b70b-4420-b104-3785658b2523,2026-04-20 13:52:27,Developer Flashing Fish Hat,Novelty Items,6,18.75,112.5,credit_card,Asia Pacific
2348,11ce5dd2-b45e-41f0-b139-d32c93cd59bf,2026-03-03 23:17:46,Giant Chocolate Snake 1.2m,Confectionery,6,45.0,270.0,bank_transfer,South America
2349,63f2ae24-fc3d-4348-808d-4127610461e3,2026-04-03 08:26:41,Ergonomic Keyboard,Electronics,4,65.0,260.0,paypal,Africa
2350,9b49bd26-df57-459a-8715-a10343dac043,2026-05-19 00:43:18,Magic Flashing Fruit Bowl,Novelty Items,6,34.0,204.0,credit_card,South America
2351,0123a348-638a-4df6-adf7-2cd3979aa051,2026-05-08 22:15:45,Clear Ethernet Cable 2m,Electronics,5,9.99,49.95,cash,Asia Pacific
2352,6cd6f011-fd61-413b-b7f2-5d368bddcee3,2026-08-09 03:56:11,USB Food Flash Drive - Chocolate,Novelty Items,9,12.0,108.0,cash,South America
2353,2f4dd219-186b-4880-ab54-5a15669d01ff,2026-07-19 14:54:10,Alien Egg Fidget Ball,Novelty Items,2,6.25,12.5,paypal,Africa
2354,d8c128e7-d6cd-4155-88a8-ac7f862138ad,2026-09-18 13:50:11,50mm Double Sided Tape,Packaging,7,5.75,40.25,debit_card,Europe
2355,91816091-d6c6-445c-9c5e-4e786307d4d1,2025-10-21 14:01:08,Ride On Dinosaur Costume,Costumes,6,145.0,870.0,bank_transfer,North America
2356,bf6b8cdf-7479-4b61-a737-2b527a6a2107,2026-03-29 07:28:53,Developer Flashing Fish Hat,Novelty Items,1,18.75,18.75,cash,Asia Pacific
2357,66fadca0-0b53-4932-bd94-19aa3ea6e5b2,2026-09-23 16:37:09,Clear Ethernet Cable 2m,Electronics,9,9.99,89.91,debit_card,Middle East
2358,c19ad58c-c35b-4c8c-8a4c-9f7f9384ec2b,2026-08-16 03:41:28,Magic Flashing Fruit Bowl,Novelty Items,1,34.0,34.0,credit_card,Middle East
2359,a377f6f1-d289-40ab-a18a-e30595a5bafa,2026-05-15 15:53:10,Furry Gloves (Black) S,Clothing,2,15.5,31.0,debit_card,Africa
2360,8f0d5540-0ec7-4662-905c-7bdd74f0beae,2026-06-15 19:13:30,Clear Ethernet Cable 2m,Electronics,4,9.99,39.96,credit_card,North America
2361,109fd8ee-b5a4-4200-98f0-dd23aaf78c67,2025-12-17 18:10:43,Ride On Dinosaur Costume,Costumes,6,145.0,870.0,paypal,South America
2362,4ac9778d-8da8-4ee4-8df5-6ac6f96b648a,2026-02-07 12:30:22,Ride On Dinosaur Costume,Costumes,7,145.0,1015.0,credit_card,South America
2363,7d8d3ddd-2cf1-49cb-8f1e-1a378ac8ad93,2026-05-28 14:43:22,RC Mini Monster Truck,Toys,10,28.0,280.0,bank_transfer,Africa
2364,b00805cc-a7f3-4ae9-a5c7-3c443e75c3b4,2026-04-08 08:50:36,RC Mini Monster Truck,Toys,6,28.0,168.0,paypal,Europe
2365,7f7f6c0a-07c0-4116-a394-ed549e3c5a88,2026-04-18 08:44:30,Giant Chocolate Snake 1.2m,Confectionery,1,45.0,45.0,bank_transfer,Africa
2366,423cad9d-193e-4783-82b3-42541b1f2eb1,2025-12-03 05:47:12,Superhero Mask (Red),Costumes,5,11.25,56.25,credit_card,South America
2367,5275eb94-14ae-4f5c-a636-58c912d0498d,2025-10-29 16:21:51,Superhero Mask (Red),Costumes,6,11.25,67.5,debit_card,South America
2368,73b0d676-3527-45c8-8534-ca08f6f24d1c,2026-03-29 14:50:22,Packaging Tape Dispenser,Packaging,1,22.5,22.5,debit_card,Africa
2369,3818cfd3-3889-436a-9d58-17e85e175b66,2025-11-14 20:22:01,50mm Double Sided Tape,Packaging,4,5.75,23.0,bank_transfer,Middle East
2370,38d77b9a-e916-4a57-b248-23ab177a8a5f,2026-08-16 14:25:05,Developer Flashing Fish Hat,Novelty Items,3,18.75,56.25,credit_card,North America
2371,0f9aea4b-8acd-4e10-bc59-4585944528c0,2026-09-19 20:07:45,Superhero Mask (Red),Costumes,8,11.25,90.0,debit_card,North America
2372,3dbc3093-a828-4442-bf73-8f5019a2676f,2026-08-26 20:34:50,Giant Chocolate Snake 1.2m,Confectionery,3,45.0,135.0,debit_card,South America
2373,8639bd41-8b15-4d94-a42d-0cd7fd359f6a,2026-02-16 00:43:54,USB Food Flash Drive - Chocolate,Novelty Items,3,12.0,36.0,cash,South America
2374,c07a30f2-edd4-453b-90f0-fd0a750cab75,2026-07-10 01:33:47,Air Cushion Machine,Packaging,9,1850.0,16650.0,bank_transfer,Africa
2375,c7fee39f-1190-4938-a66f-d7f739669fa7,2025-11-07 09:39:51,Ergonomic Keyboard,Electronics,5,65.0,325.0,debit_card,South America
2376,80a52e65-afa2-4559-a7c9-620428e333b6,2026-04-19 14:23:50,Clear Ethernet Cable 2m,Electronics,3,9.99,29.97,debit_card,Europe
2377,72d78bdd-7817-49ff-b49e-04ccc24369e7,2026-06-13 14:00:02,Alien Egg Fidget Ball,Novelty Items,10,6.25,62.5,debit_card,Europe
2378,ff9ab5c2-9f04-4aed-b552-332702627f73,2025-12-11 16:01:31,Superhero Mask (Red),Costumes,8,11.25,90.0,paypal,Asia Pacific
2379,c7e53bbb-dcb5-4c53-9b62-a8df493e904d,2025-10-20 20:29:26,Clear Ethernet Cable 2m,Electronics,3,9.99,29.97,bank_transfer,Asia Pacific
2380,3e0f84ce-c82f-48fd-936c-d31cf7bf5244,2026-01-09 20:47:54,Packaging Tape Dispenser,Packaging,10,22.5,225.0,bank_transfer,South America
2381,c4b032cc-d7c5-44a5-9304-317faf42e12f,2026-07-07 11:10:19,Superhero Mask (Red),Costumes,8,11.25,90.0,bank_transfer,Asia Pacific
2382,cf685878-0b70-4933-8cde-1b6b1132567c,2026-03-24 15:51:45,Superhero Mask (Red),Costumes,2,11.25,22.5,paypal,Middle East
2383,79928faa-4cbf-431d-901b-cdefb56ff8ce,2026-03-25 07:22:03,Packaging Tape Dispenser,Packaging,3,22.5,67.5,debit_card,Europe
2384,8eac0a33-cdf9-44a7-9882-b5c1f79efd70,2026-04-27 04:19:57,Clear Ethernet Cable 2m,Electronics,8,9.99,79.92,bank_transfer,Europe
2385,80a52e65-afa2-4559-a7c9-620428e333b6,2026-04-26 16:01:28,Clear Ethernet Cable 2m,Electronics,9,9.99,89.91,bank_transfer,North America
2386,5c56d9bc-5111-431d-a3be-441dbd5a0c9e,2026-05-30 11:27:29,Developer Flashing Fish Hat,Novelty Items,3,18.75,56.25,bank_transfer,South America
2387,a65ed389-b74d-4fb1-b2e7-06298fadc1a6,2025-12-06 07:16:53,Ride On Dinosaur Costume,Costumes,4,145.0,580.0,credit_card,Middle East
2388,06a241af-1d0a-47f7-b5e4-a4713fe68c9c,2026-02-23 23:26:04,50mm Double Sided Tape,Packaging,6,5.75,34.5,bank_transfer,Asia Pacific
2389,4a1dab32-6aed-4dc7-a3e0-5309b5a1b949,2026-02-27 10:53:31,Clear Ethernet Cable 2m,Electronics,6,9.99,59.94,bank_transfer,Europe
2390,7a0ecfea-958c-49ba-8cd6-20c20ea2622b,2026-09-27 03:27:02,Giant Chocolate Snake 1.2m,Confectionery,10,45.0,450.0,bank_transfer,North America
2391,532401fc-f758-4ce2-8556-daea67b03283,2026-01-23 12:25:08,RC Mini Monster Truck,Toys,2,28.0,56.0,cash,South America
2392,d08012b8-96c5-4fe7-aa60-4892392612e9,2026-03-05 02:38:37,Air Cushion Machine,Packaging,7,1850.0,12950.0,paypal,Africa
2393,7d98302f-7357-41e5-be1a-1ba9c8969c5b,2026-03-13 09:39:59,Developer Flashing Fish Hat,Novelty Items,9,18.75,168.75,bank_transfer,Africa
2394,0ae4ac11-eb4d-4f42-8735-70a2e5110961,2026-08-02 10:11:41,50mm Double Sided Tape,Packaging,6,5.75,34.5,credit_card,Africa
2395,c92e8c93-d105-48d6-87c1-c01760452909,2026-02-14 01:28:12,Clear Ethernet Cable 2m,Electronics,7,9.99,69.93,debit_card,South America
2396,7603c36c-f139-4e3c-8aee-25571f5df912,2026-06-26 07:26:42,Ergonomic Keyboard,Electronics,1,65.0,65.0,paypal,Africa
2397,b139c476-de3c-488b-a6b9-d31a361f6d90,2026-05-25 20:21:35,50mm Double Sided Tape,Packaging,1,5.75,5.75,debit_card,Europe
2398,2460d0d2-9048-43c1-9151-9998f2933585,2025-10-25 23:44:30,Magic Flashing Fruit Bowl,Novelty Items,8,34.0,272.0,debit_card,Europe
2399,963a8617-bdab-47e7-9d9d-028e1bf645f6,2026-08-08 03:47:16,Air Cushion Machine,Packaging,10,1850.0,18500.0,debit_card,North America
2400,ac2b0cfc-c5c5-4060-9911-21e793d563ae,2026-06-07 15:56:55,USB Food Flash Drive - Chocolate,Novelty Items,2,12.0,24.0,bank_transfer,Asia Pacific
2401,e34f76b4-2b8c-43bf-9780-be1712fecc2b,2026-06-14 00:58:58,50mm Double Sided Tape,Packaging,10,5.75,57.5,credit_card,Middle East
2402,db842660-f5d8-4b91-ae60-81ac2dd0622e,2026-02-12 14:49:03,RC Mini Monster Truck,Toys,4,28.0,112.0,bank_transfer,South America
2403,25074181-8d1f-4540-b4ef-f5453e652603,2025-10-31 06:00:09,Superhero Mask (Red),Costumes,7,11.25,78.75,paypal,Middle East
2404,88ffbd40-3b72-486d-92fa-675fa6fd0cb1,2026-02-10 16:36:01,Packaging Tape Dispenser,Packaging,7,22.5,157.5,paypal,Africa
2405,3170f437-a8f7-4f5a-860e-df5b39118497,2025-11-11 08:31:08,Clear Ethernet Cable 2m,Electronics,2,9.99,19.98,cash,Europe
2406,f81dbaa1-c812-4a8e-b830-89301327f1bc,2026-05-10 08:15:13,Superhero Mask (Red),Costumes,3,11.25,33.75,debit_card,Africa
2407,b2b9437a-28df-4ec4-8e4a-2bbdc241330b,2026-06-26 02:36:48,Clear Ethernet Cable 2m,Electronics,5,9.99,49.95,debit_card,Asia Pacific
2408,0f9aea4b-8acd-4e10-bc59-4585944528c0,2026-03-04 18:41:57,Novelty Chilli Chocolates 250g,Confectionery,2,8.5,17.0,bank_transfer,Middle East
2409,f6ee5cdb-2d79-42d1-906e-50c77aa061e9,2026-01-24 00:06:05,Clear Ethernet Cable 2m,Electronics,5,9.99,49.95,bank_transfer,South America
2410,6105716b-ab0e-464e-9c3e-b2d591e1aa96,2026-01-11 12:25:50,Ride On Dinosaur Costume,Costumes,6,145.0,870.0,debit_card,South America
2411,5c63b6f3-06ba-4cd3-be78-38c9ca55e38b,2026-07-13 17:20:46,Ergonomic Keyboard,Electronics,3,65.0,195.0,credit_card,Asia Pacific
2412,6105716b-ab0e-464e-9c3e-b2d591e1aa96,2026-09-01 08:49:57,Magic Flashing Fruit Bowl,Novelty Items,4,34.0,136.0,debit_card,North America
2413,c4d598f7-e14f-4093-8b6a-d0c7a2356dd4,2026-06-17 15:16:49,50mm Double Sided Tape,Packaging,3,5.75,17.25,debit_card,Europe
2414,25b8a42f-836b-45c7-a7c2-25da73069588,2026-09-22 15:23:09,RC Mini Monster Truck,Toys,7,28.0,196.0,cash,North America
2415,ff9ab5c2-9f04-4aed-b552-332702627f73,2026-05-27 17:14:18,Superhero Mask (Red),Costumes,3,11.25,33.75,paypal,North America
2416,4ca9cf07-b1aa-4f6a-aa96-e1e27194eae2,2026-09-09 19:12:58,Clear Ethernet Cable 2m,Electronics,2,9.99,19.98,credit_card,Europe
2417,6f962882-95d8-4980-bf37-d19c2e76128b,2025-12-03 01:14:26,Novelty Chilli Chocolates 250g,Confectionery,10,8.5,85.0,bank_transfer,Asia Pacific
2418,43b7a3a6-9a8d-4a03-980d-7b71d8f56413,2026-02-12 02:49:08,Giant Chocolate Snake 1.2m,Confectionery,2,45.0,90.0,credit_card,Europe
2419,a6129a1c-889d-4b76-b75c-30b561730c48,2025-11-06 07:18:47,Furry Gloves (Black) S,Clothing,1,15.5,15.5,cash,North America
2420,7ba24588-4d56-4a3d-b4e7-069aa4540937,2026-05-19 23:11:08,USB Food Flash Drive - Chocolate,Novelty Items,4,12.0,48.0,credit_card,Asia Pacific
2421,efcac577-1aa6-47cb-90c7-e6aca3bfe403,2026-06-20 08:58:22,Magic Flashing Fruit Bowl,Novelty Items,9,34.0,306.0,paypal,Asia Pacific
2422,b1594847-5c0b-4b10-a757-cb1042f525b9,2025-11-29 13:52:03,Ergonomic Keyboard,Electronics,6,65.0,390.0,bank_transfer,Europe
2423,fef518a6-4dea-4645-8986-bbebf23e323d,2026-09-26 16:21:21,Developer Flashing Fish Hat,Novelty Items,6,18.75,112.5,debit_card,Europe
2424,6e3f683a-bf3c-4140-bf54-a51101fa964e,2026-02-18 12:13:32,Giant Chocolate Snake 1.2m,Confectionery,7,45.0,315.0,cash,North America
2425,3f5fbf4f-d417-4230-9274-ee11b61df906,2026-02-03 03:13:44,Developer Flashing Fish Hat,Novelty Items,6,18.75,112.5,credit_card,North America
2426,2ace1aa9-1032-46b3-a55b-fc1c7e3d5ee4,2026-06-17 10:31:58,Ergonomic Keyboard,Electronics,7,65.0,455.0,debit_card,North America
2427,45a08539-6de8-470a-8e9e-9ebd55c34853,2026-07-03 21:57:53,Magic Flashing Fruit Bowl,Novelty Items,2,34.0,68.0,cash,Europe
2428,c6deb2f0-530a-41c7-b8ba-83684fc77768,2026-06-19 19:12:24,50mm Double Sided Tape,Packaging,4,5.75,23.0,bank_transfer,Middle East
2429,9d4b2bf9-4d85-49c7-a001-7720200b2903,2026-03-06 20:58:22,Giant Chocolate Snake 1.2m,Confectionery,8,45.0,360.0,bank_transfer,Africa
2430,19d45deb-1139-4a12-b4c1-c3ea3d9c4e64,2025-11-24 17:34:34,Air Cushion Machine,Packaging,1,1850.0,1850.0,paypal,North America
2431,00a85473-8242-4912-bda3-c1623a78b64a,2026-05-24 17:50:45,Giant Chocolate Snake 1.2m,Confectionery,6,45.0,270.0,credit_card,Africa
2432,7135f221-a6c9-437f-84da-d06a7872bdeb,2026-07-07 22:28:17,Developer Flashing Fish Hat,Novelty Items,8,18.75,150.0,cash,Asia Pacific
2433,d1151fff-dcb9-4d5f-993c-572b4347dbca,2026-10-04 22:28:26,Clear Ethernet Cable 2m,Electronics,10,9.99,99.9,credit_card,Europe
2434,cdfd9531-302b-4831-92a1-fe7ddfa59722,2025-11-07 13:17:53,Clear Ethernet Cable 2m,Electronics,8,9.99,79.92,credit_card,Africa
2435,ea87855e-a382-45d3-9e0e-f546b0b6dedf,2026-02-02 21:10:19,Clear Ethernet Cable 2m,Electronics,5,9.99,49.95,debit_card,Africa
2436,db842660-f5d8-4b91-ae60-81ac2dd0622e,2026-05-10 17:11:27,Ride On Dinosaur Costume,Costumes,9,145.0,1305.0,cash,Africa
2437,83f4a9a9-48a6-49d0-95b5-2908a8aa7158,2026-02-28 22:33:55,Packaging Tape Dispenser,Packaging,1,22.5,22.5,bank_transfer,North America
2438,3e9aec86-0325-4fbd-9ce8-e1c5dbd30aec,2026-06-12 13:27:05,Alien Egg Fidget Ball,Novelty Items,9,6.25,56.25,bank_transfer,South America
2439,bb7b6c05-2852-4ca2-b9d2-014a22ee7f07,2026-08-09 02:29:02,RC Mini Monster Truck,Toys,8,28.0,224.0,credit_card,Asia Pacific
2440,6778043b-c5c5-437a-b85e-06a11dad09b2,2026-02-10 05:16:59,Giant Chocolate Snake 1.2m,Confectionery,9,45.0,405.0,debit_card,South America
2441,dbccc477-09e9-4b0a-9f46-529061ee411a,2026-08-17 11:05:28,Ride On Dinosaur Costume,Costumes,2,145.0,290.0,bank_transfer,Africa
2442,e2789642-a484-4035-b30f-aaa36b52f93c,2025-11-24 06:47:02,Novelty Chilli Chocolates 250g,Confectionery,3,8.5,25.5,paypal,Asia Pacific
2443,980402a2-b07a-4066-b354-35ea68949b8d,2026-06-22 21:35:50,Furry Gloves (Black) S,Clothing,5,15.5,77.5,paypal,Africa
2444,a6129a1c-889d-4b76-b75c-30b561730c48,2026-07-05 14:31:05,Ergonomic Keyboard,Electronics,2,65.0,130.0,debit_card,Middle East
2445,e7c421c7-4049-4b71-bd10-6c6081627cf1,2026-08-23 14:07:02,Giant Chocolate Snake 1.2m,Confectionery,8,45.0,360.0,paypal,South America
2446,3283daa4-e212-4b7c-9d36-1cb6bcc57be0,2026-07-19 13:32:19,RC Mini Monster Truck,Toys,10,28.0,280.0,cash,North America
2447,53ffd3a2-4a19-4501-8169-b9fcc3a00c6f,2026-06-28 20:11:07,Giant Chocolate Snake 1.2m,Confectionery,6,45.0,270.0,bank_transfer,Africa
2448,35adde88-43e4-4668-82ea-d2df725656e3,2026-09-25 00:17:28,Giant Chocolate Snake 1.2m,Confectionery,9,45.0,405.0,bank_transfer,South America
2449,30a900ad-939b-462d-a645-f129629c2ae3,2026-04-28 02:00:04,Air Cushion Machine,Packaging,5,1850.0,9250.0,paypal,North America
2450,66d06371-d8e8-4ebb-ba9e-8eefffa361be,2025-11-10 22:42:16,USB Food Flash Drive - Chocolate,Novelty Items,2,12.0,24.0,cash,South America
2451,d1812f77-6500-4423-baeb-cd19e5508ea2,2026-06-13 13:02:50,50mm Double Sided Tape,Packaging,2,5.75,11.5,paypal,South America
2452,4d407b28-5628-4dcd-99dd-3e8c96053035,2026-06-23 00:45:46,Superhero Mask (Red),Costumes,6,11.25,67.5,bank_transfer,Middle East
2453,8fb864e4-f173-4856-a25d-36eb9e9a9f83,2026-03-19 02:05:35,50mm Double Sided Tape,Packaging,1,5.75,5.75,credit_card,Middle East
2454,f4655a21-cb35-497a-a5dd-98f1c8a738ab,2026-04-21 03:06:57,Packaging Tape Dispenser,Packaging,4,22.5,90.0,bank_transfer,Asia Pacific
2455,a1fd4187-9c3a-4e0b-b5f3-f8aadc6dafff,2026-02-23 04:08:31,Developer Flashing Fish Hat,Novelty Items,6,18.75,112.5,debit_card,Middle East
2456,4c636e95-025f-4543-8997-623ae0723d96,2025-10-12 17:34:50,Giant Chocolate Snake 1.2m,Confectionery,10,45.0,450.0,debit_card,North America
2457,d8e049de-0217-4a0e-8964-90ab4926ce5f,2026-02-23 11:18:53,Clear Ethernet Cable 2m,Electronics,1,9.99,9.99,bank_transfer,Europe
2458,368acd40-b8f1-4e3c-99e7-703a70aa5b0d,2026-02-02 14:30:00,Ride On Dinosaur Costume,Costumes,5,145.0,725.0,debit_card,Asia Pacific
2459,6a34c854-1071-4d51-b6c5-9dacb4d7e28e,2025-12-14 15:49:54,Giant Chocolate Snake 1.2m,Confectionery,8,45.0,360.0,cash,Europe
2460,53f30073-83e9-4ef4-ad7d-f5d0d3b59af7,2025-12-27 20:04:48,Ride On Dinosaur Costume,Costumes,1,145.0,145.0,paypal,Europe
2461,ebc2026f-af34-4f65-a193-c4b23c19e71d,2026-02-15 08:50:09,Packaging Tape Dispenser,Packaging,2,22.5,45.0,cash,Asia Pacific
2462,491b90e9-9ca3-4bb3-bf11-c8ba36ee1640,2026-07-30 04:45:11,Giant Chocolate Snake 1.2m,Confectionery,4,45.0,180.0,paypal,Africa
2463,4739cc7b-bff3-4c8d-83ff-3e9667213a70,2026-04-12 12:01:59,Clear Ethernet Cable 2m,Electronics,1,9.99,9.99,paypal,South America
2464,3db788a6-1cdc-44c2-a2c9-65b27eb0f62a,2025-12-19 05:16:41,Superhero Mask (Red),Costumes,4,11.25,45.0,debit_card,Africa
2465,aee70ab2-61fa-4e7a-878c-26ce7f0223bc,2026-01-01 15:11:38,50mm Double Sided Tape,Packaging,1,5.75,5.75,debit_card,Asia Pacific
2466,2cf6bf75-6a5e-4920-bf5a-e7e653a3dd5a,2025-11-28 01:51:42,50mm Double Sided Tape,Packaging,7,5.75,40.25,debit_card,North America
2467,f206c269-38b7-4c07-80fb-929673b6a09b,2025-12-04 19:51:12,Packaging Tape Dispenser,Packaging,7,22.5,157.5,bank_transfer,Africa
2468,79e5c9aa-592a-4549-bba1-09d08567c805,2025-11-04 14:53:25,Ergonomic Keyboard,Electronics,6,65.0,390.0,bank_transfer,Asia Pacific
2469,3f2086c2-f1b8-4d65-806f-64d65c72aebd,2026-01-28 12:38:30,USB Food Flash Drive - Chocolate,Novelty Items,9,12.0,108.0,paypal,Europe
2470,508211a5-d9b5-4f84-adc3-a1c32dea2d2d,2026-08-29 14:18:09,50mm Double Sided Tape,Packaging,4,5.75,23.0,cash,Asia Pacific
2471,30974b2b-46a0-4a9b-a5ec-7acd0f8035f5,2026-08-07 17:28:19,USB Food Flash Drive - Chocolate,Novelty Items,3,12.0,36.0,cash,North America
2472,15eacbcf-ab10-41ce-aa14-3cd82ff3cde4,2025-11-13 22:21:35,Superhero Mask (Red),Costumes,5,11.25,56.25,debit_card,Middle East
2473,f94d8fcb-dba3-496f-ba32-3f6990dbfad6,2026-04-20 19:40:14,Ride On Dinosaur Costume,Costumes,8,145.0,1160.0,bank_transfer,Europe
2474,7de31a51-6694-4343-90ba-58e3d2762bdc,2026-08-01 00:43:58,RC Mini Monster Truck,Toys,3,28.0,84.0,debit_card,Africa
2475,d4578ad9-a867-4096-add8-77c89be71737,2026-05-03 06:41:16,Air Cushion Machine,Packaging,1,1850.0,1850.0,cash,North America
2476,36136e15-f200-4261-8d29-d1ab345512f7,2026-08-25 23:32:26,Giant Chocolate Snake 1.2m,Confectionery,3,45.0,135.0,bank_transfer,Africa
2477,9df2372e-9e82-4aae-9d36-16a108dec921,2026-07-19 12:19:14,Superhero Mask (Red),Costumes,3,11.25,33.75,credit_card,North America
2478,7d7ddbed-d284-476c-ab88-f83dd97dc9cd,2026-09-13 20:10:28,Developer Flashing Fish Hat,Novelty Items,8,18.75,150.0,credit_card,North America
2479,d9df0d0e-225a-4d6c-b045-8043e3a68a70,2026-04-28 03:17:24,Packaging Tape Dispenser,Packaging,6,22.5,135.0,bank_transfer,South America
2480,ed7bf656-218a-4536-8c99-a894445dcc38,2025-10-20 07:29:30,Giant Chocolate Snake 1.2m,Confectionery,7,45.0,315.0,credit_card,North America
2481,732e2016-add7-42c9-a747-b93c9ae77eab,2026-06-19 17:17:14,Air Cushion Machine,Packaging,7,1850.0,12950.0,paypal,Africa
2482,69a53b4f-8ff8-469d-8ec0-713dea2c7a51,2026-02-13 10:31:52,Magic Flashing Fruit Bowl,Novelty Items,3,34.0,102.0,bank_transfer,Africa
2483,93267d25-234b-4562-98af-5cca6b11b7cb,2026-09-11 00:13:56,Furry Gloves (Black) S,Clothing,2,15.5,31.0,bank_transfer,Africa
2484,d5b6de85-3902-49d9-ba8d-ae42ba54e920,2026-07-30 06:09:51,Clear Ethernet Cable 2m,Electronics,5,9.99,49.95,bank_transfer,Europe
2485,006ed6e3-6fa1-4735-b572-f3d00b5cea6a,2026-06-02 16:07:49,Novelty Chilli Chocolates 250g,Confectionery,2,8.5,17.0,credit_card,North America
2486,246998e8-d39e-498b-8400-7d5ae88da719,2025-11-25 13:07:31,Ergonomic Keyboard,Electronics,9,65.0,585.0,credit_card,Middle East
2487,4e76833a-4baf-4f5e-a932-009453f28f11,2026-05-25 14:24:00,Magic Flashing Fruit Bowl,Novelty Items,10,34.0,340.0,paypal,Africa
2488,d1151fff-dcb9-4d5f-993c-572b4347dbca,2026-02-28 22:56:36,50mm Double Sided Tape,Packaging,2,5.75,11.5,cash,South America
2489,24acb722-e052-4739-8d40-6f1b3ca5be29,2025-12-04 13:23:58,Clear Ethernet Cable 2m,Electronics,8,9.99,79.92,bank_transfer,Europe
2490,ae9bec36-35c7-436c-9b99-62c6e61fecc0,2025-12-07 15:54:48,Magic Flashing Fruit Bowl,Novelty Items,3,34.0,102.0,paypal,North America
2491,3e6dd58b-7367-428d-a1b2-94de4767d76c,2025-12-14 21:15:58,50mm Double Sided Tape,Packaging,9,5.75,51.75,bank_transfer,Africa
2492,f791f1e5-43f9-4d6b-b97e-be8798cf1188,2026-08-24 12:21:26,Novelty Chilli Chocolates 250g,Confectionery,7,8.5,59.5,cash,Middle East
2493,a4364fcd-f2d3-4761-8ba3-627914cb0564,2026-07-01 17:26:56,Ergonomic Keyboard,Electronics,2,65.0,130.0,cash,Middle East
2494,7b96e2d1-0649-4cf6-bf69-723d584fc85b,2026-08-01 02:48:44,50mm Double Sided Tape,Packaging,2,5.75,11.5,debit_card,Africa
2495,2d174fc9-6f7c-45ea-a72a-6d8eb5122df8,2026-06-05 06:39:46,RC Mini Monster Truck,Toys,2,28.0,56.0,cash,Africa
2496,e61599c8-cbf8-4f86-8ec3-f970956d80e4,2026-08-15 20:29:37,Ride On Dinosaur Costume,Costumes,1,145.0,145.0,bank_transfer,Europe
2497,c04a96c4-f3b6-4fe1-9184-332417e8392a,2026-09-21 05:01:23,USB Food Flash Drive - Chocolate,Novelty Items,1,12.0,12.0,cash,South America
2498,8da01097-be0f-451b-9b66-b5a9e3c43657,2025-12-08 22:35:47,Giant Chocolate Snake 1.2m,Confectionery,3,45.0,135.0,cash,Europe
2499,ce9e1a11-fcbb-4e59-bbdd-cf7c9c96e9ec,2026-07-12 17:34:20,Superhero Mask (Red),Costumes,1,11.25,11.25,credit_card,Middle East
2500,35adde88-43e4-4668-82ea-d2df725656e3,2026-03-24 15:04:17,Alien Egg Fidget Ball,Novelty Items,6,6.25,37.5,cash,South America
2501,3985fb62-17dc-4eff-a872-13f98d605936,2025-10-22 14:54:09,Clear Ethernet Cable 2m,Electronics,1,9.99,9.99,paypal,North America
2502,cdfd9531-302b-4831-92a1-fe7ddfa59722,2026-03-14 05:08:22,Packaging Tape Dispenser,Packaging,5,22.5,112.5,cash,Asia Pacific
2503,507b9072-65e5-4f34-9df0-6e8c878aaed9,2026-02-24 03:10:34,Ride On Dinosaur Costume,Costumes,10,145.0,1450.0,paypal,Middle East
2504,80a52e65-afa2-4559-a7c9-620428e333b6,2026-06-25 07:49:08,RC Mini Monster Truck,Toys,6,28.0,168.0,cash,Middle East
2505,7a9a8ef5-c11b-41c4-bfe3-f366bf337a15,2026-07-12 02:41:03,Air Cushion Machine,Packaging,2,1850.0,3700.0,credit_card,South America
2506,a33dc7af-d701-410d-bf4b-1a70c074718e,2026-01-05 21:36:05,Novelty Chilli Chocolates 250g,Confectionery,4,8.5,34.0,paypal,South America
2507,d40ac5e9-81df-4517-961c-921097fe56c5,2026-03-27 03:53:30,Ride On Dinosaur Costume,Costumes,10,145.0,1450.0,debit_card,Middle East
2508,c04a96c4-f3b6-4fe1-9184-332417e8392a,2026-05-30 18:49:17,Developer Flashing Fish Hat,Novelty Items,5,18.75,93.75,cash,Asia Pacific
2509,81fb18b3-c9a7-491f-af2a-e71357021049,2026-01-24 07:22:49,USB Food Flash Drive - Chocolate,Novelty Items,9,12.0,108.0,paypal,Asia Pacific
2510,0e614bcd-9767-4900-8651-0367cbdc4318,2026-07-24 20:27:13,Giant Chocolate Snake 1.2m,Confectionery,3,45.0,135.0,bank_transfer,North America
2511,382b5b86-f2a3-4efd-bf13-8c80c398c332,2026-07-23 08:31:32,Alien Egg Fidget Ball,Novelty Items,7,6.25,43.75,debit_card,Middle East
2512,a96b3c42-f6d2-4a7b-aec7-6a82148b4376,2026-08-06 01:12:30,Air Cushion Machine,Packaging,2,1850.0,3700.0,paypal,Africa
2513,a247541d-c8ad-4899-b630-794d6147adeb,2026-03-28 23:58:17,50mm Double Sided Tape,Packaging,4,5.75,23.0,paypal,Middle East
2514,77242041-1e43-4bd2-aaf4-07f70fe76149,2026-01-04 12:43:30,Giant Chocolate Snake 1.2m,Confectionery,9,45.0,405.0,debit_card,Asia Pacific
2515,e3236d1a-3c1b-4acc-98e1-93311dba1267,2026-05-01 01:00:15,Superhero Mask (Red),Costumes,3,11.25,33.75,bank_transfer,Asia Pacific
2516,8d03c91e-4f8d-4238-a88b-78b5b5b453ca,2026-01-06 12:52:18,Novelty Chilli Chocolates 250g,Confectionery,10,8.5,85.0,credit_card,Europe
2517,11c58ef0-dd46-4c09-8752-87aa5408f9ac,2026-02-02 20:06:34,USB Food Flash Drive - Chocolate,Novelty Items,9,12.0,108.0,cash,Asia Pacific
2518,66fadca0-0b53-4932-bd94-19aa3ea6e5b2,2026-08-15 16:34:49,USB Food Flash Drive - Chocolate,Novelty Items,6,12.0,72.0,credit_card,Europe
2519,93267d25-234b-4562-98af-5cca6b11b7cb,2026-08-06 06:31:12,RC Mini Monster Truck,Toys,6,28.0,168.0,paypal,South America
2520,ebc2026f-af34-4f65-a193-c4b23c19e71d,2026-04-05 19:12:07,Superhero Mask (Red),Costumes,4,11.25,45.0,credit_card,North America
2521,6e3f683a-bf3c-4140-bf54-a51101fa964e,2026-09-21 17:18:40,Clear Ethernet Cable 2m,Electronics,4,9.99,39.96,credit_card,North America
2522,75366b9f-320f-42c0-9dde-01889803b22e,2026-08-25 23:28:50,Ride On Dinosaur Costume,Costumes,9,145.0,1305.0,paypal,Middle East
2523,e21342b0-f1ee-4ba3-9343-2e611ca3c448,2025-12-20 00:01:17,Superhero Mask (Red),Costumes,8,11.25,90.0,cash,Europe
2524,58c1aad6-f3f8-4ea4-bf14-eafa29f0ef7c,2026-02-25 12:11:09,50mm Double Sided Tape,Packaging,10,5.75,57.5,paypal,Middle East
2525,ae9bec36-35c7-436c-9b99-62c6e61fecc0,2026-06-26 01:56:15,Alien Egg Fidget Ball,Novelty Items,10,6.25,62.5,credit_card,South America
2526,2d174fc9-6f7c-45ea-a72a-6d8eb5122df8,2026-05-15 04:21:13,Developer Flashing Fish Hat,Novelty Items,7,18.75,131.25,paypal,Africa
2527,bd44089d-9dd2-49de-bd98-fe336498abe9,2026-03-25 18:19:30,Giant Chocolate Snake 1.2m,Confectionery,9,45.0,405.0,cash,Asia Pacific
2528,83f4a9a9-48a6-49d0-95b5-2908a8aa7158,2026-04-02 22:49:44,Ergonomic Keyboard,Electronics,10,65.0,650.0,paypal,North America
2529,4499d0a6-1500-4170-92d1-5585b68e47fa,2026-07-31 11:20:48,Giant Chocolate Snake 1.2m,Confectionery,9,45.0,405.0,debit_card,Africa
2530,6e3f683a-bf3c-4140-bf54-a51101fa964e,2026-01-23 01:57:45,Ride On Dinosaur Costume,Costumes,3,145.0,435.0,cash,Africa
2531,eadc9960-4242-41e2-960b-e0f495132c22,2026-08-03 20:18:05,Alien Egg Fidget Ball,Novelty Items,1,6.25,6.25,paypal,Africa
2532,d8c128e7-d6cd-4155-88a8-ac7f862138ad,2026-03-02 22:58:07,Furry Gloves (Black) S,Clothing,4,15.5,62.0,cash,Asia Pacific
2533,bb2488a3-d363-47b6-af81-cf4f7701f7bb,2026-04-18 23:05:23,50mm Double Sided Tape,Packaging,8,5.75,46.0,bank_transfer,Europe
2534,5c63b6f3-06ba-4cd3-be78-38c9ca55e38b,2026-04-28 11:56:28,Furry Gloves (Black) S,Clothing,8,15.5,124.0,paypal,Europe
2535,5168bbf2-97af-4bde-bc8e-9d782d14e9f4,2026-03-17 05:51:41,Clear Ethernet Cable 2m,Electronics,9,9.99,89.91,debit_card,Europe
2536,002ccb25-7a5d-4c82-86c5-547c051a0039,2025-12-07 14:09:04,Giant Chocolate Snake 1.2m,Confectionery,2,45.0,90.0,paypal,Asia Pacific
2537,82701238-9b5f-4f39-848b-34f034981735,2026-08-18 21:38:16,Furry Gloves (Black) S,Clothing,6,15.5,93.0,credit_card,Africa
2538,614077d3-9ec4-4a48-9773-f98d550c2fe9,2025-12-22 04:58:38,USB Food Flash Drive - Chocolate,Novelty Items,2,12.0,24.0,debit_card,North America
2539,56dc8907-ba6c-44ab-a712-303a0f844fef,2026-08-12 19:56:13,Ride On Dinosaur Costume,Costumes,10,145.0,1450.0,credit_card,Africa
2540,e2789642-a484-4035-b30f-aaa36b52f93c,2026-05-28 11:31:53,Alien Egg Fidget Ball,Novelty Items,9,6.25,56.25,bank_transfer,North America
2541,7c13f47a-c80c-4195-8b65-84ce7acc9970,2025-11-28 09:37:39,Clear Ethernet Cable 2m,Electronics,9,9.99,89.91,debit_card,Asia Pacific
2542,0463750e-4964-4b96-ba3c-1628892621df,2026-09-09 16:37:38,Ergonomic Keyboard,Electronics,9,65.0,585.0,cash,Africa
2543,19db3ad0-ddd1-4fb2-bb98-2ef8daf61a26,2026-01-10 17:51:30,USB Food Flash Drive - Chocolate,Novelty Items,7,12.0,84.0,cash,South America
2544,a247541d-c8ad-4899-b630-794d6147adeb,2025-10-25 22:00:38,RC Mini Monster Truck,Toys,1,28.0,28.0,bank_transfer,Africa
2545,ed7bf656-218a-4536-8c99-a894445dcc38,2026-06-11 15:52:53,Packaging Tape Dispenser,Packaging,6,22.5,135.0,cash,Africa
2546,ea87855e-a382-45d3-9e0e-f546b0b6dedf,2026-04-10 07:05:21,Magic Flashing Fruit Bowl,Novelty Items,1,34.0,34.0,bank_transfer,South America
2547,95af6d0c-c528-4425-87a9-f33c22d839d3,2026-09-10 03:01:12,Giant Chocolate Snake 1.2m,Confectionery,9,45.0,405.0,debit_card,South America
2548,e5871d89-1631-4fc6-b79d-58f9dc268108,2026-02-26 19:36:26,USB Food Flash Drive - Chocolate,Novelty Items,6,12.0,72.0,debit_card,Middle East
2549,2e25b5ee-4f11-48dc-9cd3-336904aac1b7,2026-05-09 00:21:14,Developer Flashing Fish Hat,Novelty Items,1,18.75,18.75,bank_transfer,Asia Pacific
2550,59ea4936-60f3-4ebc-a1bb-b8cd7e3a9f07,2026-10-03 11:54:24,Ride On Dinosaur Costume,Costumes,6,145.0,870.0,credit_card,Europe
2551,6210def6-3a9c-4308-9221-cddf7a4a902f,2025-11-14 11:51:55,RC Mini Monster Truck,Toys,4,28.0,112.0,cash,North America
2552,46494296-6f58-42c3-bf86-cc319d66e815,2026-07-08 22:23:50,Alien Egg Fidget Ball,Novelty Items,5,6.25,31.25,paypal,Europe
2553,2e0fb5b3-8bae-491e-bf4c-c10f979c30cf,2026-08-30 03:56:49,Air Cushion Machine,Packaging,1,1850.0,1850.0,cash,Asia Pacific
2554,e2789642-a484-4035-b30f-aaa36b52f93c,2026-04-24 00:17:01,Air Cushion Machine,Packaging,5,1850.0,9250.0,cash,North America
2555,4eb9047d-ba2a-43d9-bcf2-fc3bd95874c2,2026-09-01 05:06:08,RC Mini Monster Truck,Toys,8,28.0,224.0,cash,Asia Pacific
2556,b2b9437a-28df-4ec4-8e4a-2bbdc241330b,2025-11-23 01:44:26,Novelty Chilli Chocolates 250g,Confectionery,6,8.5,51.0,cash,Asia Pacific
2557,f4e559e5-9622-4348-8f5a-e9d38e6e5003,2026-01-24 08:38:22,Developer Flashing Fish Hat,Novelty Items,5,18.75,93.75,credit_card,North America
2558,d4ea120a-5e65-4654-8e90-58b609a0a0f6,2025-11-07 05:25:57,Developer Flashing Fish Hat,Novelty Items,3,18.75,56.25,paypal,North America
2559,06a241af-1d0a-47f7-b5e4-a4713fe68c9c,2026-07-29 00:25:26,USB Food Flash Drive - Chocolate,Novelty Items,7,12.0,84.0,debit_card,North America
2560,0ff1c51f-915c-431b-9786-7b1213281726,2025-12-06 21:52:44,Packaging Tape Dispenser,Packaging,9,22.5,202.5,debit_card,Asia Pacific
2561,371ecd7b-27cd-4130-8722-9389571aa876,2026-01-19 14:15:32,USB Food Flash Drive - Chocolate,Novelty Items,8,12.0,96.0,debit_card,Africa
2562,a59b457f-c0d7-4c73-895f-fa8140d92bce,2026-03-29 03:37:06,Alien Egg Fidget Ball,Novelty Items,4,6.25,25.0,bank_transfer,Europe
2563,9feefdff-c566-4a81-b15e-54f6d4d30795,2026-09-22 05:43:30,Alien Egg Fidget Ball,Novelty Items,6,6.25,37.5,debit_card,Middle East
2564,3170f437-a8f7-4f5a-860e-df5b39118497,2026-04-23 00:27:14,Furry Gloves (Black) S,Clothing,5,15.5,77.5,bank_transfer,Africa
2565,d4f8fd72-f382-4cfd-8083-b73a473bd358,2025-12-01 21:02:55,Superhero Mask (Red),Costumes,8,11.25,90.0,debit_card,Europe
2566,47378190-96da-4dac-b2ff-5d2a386ecbe0,2026-08-24 09:34:35,50mm Double Sided Tape,Packaging,7,5.75,40.25,paypal,Africa
2567,f2b43abf-8441-4efd-8299-436a8e485223,2026-03-24 13:11:58,Air Cushion Machine,Packaging,2,1850.0,3700.0,paypal,North America
2568,822c4d32-6c64-4c15-aba3-01cba561e1e9,2025-11-10 06:29:31,Ride On Dinosaur Costume,Costumes,7,145.0,1015.0,paypal,North America
2569,ce7334f2-3393-4b6c-9d37-efb6eafb3e90,2026-09-24 06:10:51,Ride On Dinosaur Costume,Costumes,4,145.0,580.0,bank_transfer,Africa
2570,822c4d32-6c64-4c15-aba3-01cba561e1e9,2025-12-30 21:12:14,Alien Egg Fidget Ball,Novelty Items,2,6.25,12.5,bank_transfer,Middle East
2571,74685b98-d2fe-4fde-9918-b3e5f2f25eef,2026-08-18 19:53:08,Ergonomic Keyboard,Electronics,3,65.0,195.0,bank_transfer,Middle East
2572,12a4def0-c4bb-47a9-9988-68dd9c7c7377,2026-03-29 20:28:38,50mm Double Sided Tape,Packaging,7,5.75,40.25,credit_card,North America
2573,e6b3c944-cb32-4e35-b922-bac282dc4c8e,2026-09-14 05:00:24,Furry Gloves (Black) S,Clothing,1,15.5,15.5,debit_card,Europe
2574,0123a348-638a-4df6-adf7-2cd3979aa051,2026-02-18 10:01:43,Packaging Tape Dispenser,Packaging,1,22.5,22.5,debit_card,North America
2575,692e07b6-0b2f-4d5c-b00b-5d5fb89f72f3,2026-10-02 00:17:12,Giant Chocolate Snake 1.2m,Confectionery,6,45.0,270.0,cash,Africa
2576,4e76833a-4baf-4f5e-a932-009453f28f11,2025-10-16 00:14:38,Novelty Chilli Chocolates 250g,Confectionery,7,8.5,59.5,paypal,Europe
2577,ee0f65a8-2a13-4c1f-8cd0-15c1ad5900dd,2026-03-15 18:46:45,Ergonomic Keyboard,Electronics,2,65.0,130.0,bank_transfer,South America
2578,f2e61828-01bb-419c-8dfe-111722af711f,2025-10-26 08:02:59,Magic Flashing Fruit Bowl,Novelty Items,3,34.0,102.0,cash,South America
2579,0123a348-638a-4df6-adf7-2cd3979aa051,2026-03-08 14:52:42,Air Cushion Machine,Packaging,5,1850.0,9250.0,credit_card,Europe
2580,8347f1da-5c11-4b6d-82f5-b3f54ef4c34d,2026-04-18 14:42:18,50mm Double Sided Tape,Packaging,4,5.75,23.0,bank_transfer,South America
2581,508211a5-d9b5-4f84-adc3-a1c32dea2d2d,2026-02-27 21:14:00,Ergonomic Keyboard,Electronics,2,65.0,130.0,cash,Middle East
2582,f2dcb12b-0f7a-4302-ac2e-28150a3217d2,2026-01-05 05:16:14,Ride On Dinosaur Costume,Costumes,4,145.0,580.0,cash,Africa
2583,0a3450fc-9918-4e46-9497-d6587010f719,2026-03-04 14:59:19,Giant Chocolate Snake 1.2m,Confectionery,3,45.0,135.0,credit_card,South America
2584,ebc2026f-af34-4f65-a193-c4b23c19e71d,2025-11-06 08:16:39,Clear Ethernet Cable 2m,Electronics,1,9.99,9.99,debit_card,South America
2585,1dc1e7eb-711c-4673-8535-1a69dabf984e,2026-02-28 06:05:56,Clear Ethernet Cable 2m,Electronics,1,9.99,9.99,debit_card,North America
2586,ab05347f-d556-437d-8f08-81ee8011316b,2025-12-31 20:30:45,Superhero Mask (Red),Costumes,1,11.25,11.25,bank_transfer,Middle East
2587,1238d630-743b-45a2-9c0f-2fcfb3f6fe0d,2025-10-16 14:23:12,Alien Egg Fidget Ball,Novelty Items,4,6.25,25.0,paypal,Asia Pacific
2588,6ec01269-2108-4dd9-b75d-1e3cc48d5650,2026-02-06 10:01:04,Ergonomic Keyboard,Electronics,1,65.0,65.0,bank_transfer,Africa
2589,11c58ef0-dd46-4c09-8752-87aa5408f9ac,2026-10-02 03:35:09,Novelty Chilli Chocolates 250g,Confectionery,5,8.5,42.5,paypal,Europe
2590,a921cb4c-95fb-4976-ae00-7b7e2f8c83e5,2025-11-13 03:10:52,Alien Egg Fidget Ball,Novelty Items,6,6.25,37.5,bank_transfer,South America
2591,89c5b31a-eb6c-4016-8ee6-24d09dac6e83,2026-08-27 13:20:58,Developer Flashing Fish Hat,Novelty Items,1,18.75,18.75,credit_card,North America
2592,1e52d770-3f89-4142-be71-6b1415ce6a66,2026-07-10 05:11:10,Novelty Chilli Chocolates 250g,Confectionery,6,8.5,51.0,paypal,Asia Pacific
2593,2790cebd-bfdd-43d9-9ee3-ac2af94d6204,2026-06-15 01:43:56,Alien Egg Fidget Ball,Novelty Items,10,6.25,62.5,bank_transfer,South America
2594,01902620-59dc-4bd0-96fe-bfb9ebe9e207,2026-02-12 20:47:32,Alien Egg Fidget Ball,Novelty Items,8,6.25,50.0,paypal,Europe
2595,0bb401e7-69f7-43f1-901b-a8515ee68495,2026-08-08 23:51:42,USB Food Flash Drive - Chocolate,Novelty Items,2,12.0,24.0,credit_card,Africa
2596,2cabd7e7-cc6b-46e5-802a-df9c8a4b8f7c,2025-12-01 08:56:16,Packaging Tape Dispenser,Packaging,3,22.5,67.5,paypal,Africa
2597,2775ee42-a89e-42f2-80af-bf3f3df51967,2025-11-28 02:10:51,Furry Gloves (Black) S,Clothing,6,15.5,93.0,cash,Middle East
2598,7ed70ed7-b194-490b-a961-929e546e035a,2025-10-20 12:40:16,Magic Flashing Fruit Bowl,Novelty Items,6,34.0,204.0,paypal,South America
2599,8da01097-be0f-451b-9b66-b5a9e3c43657,2026-01-25 01:34:10,Magic Flashing Fruit Bowl,Novelty Items,7,34.0,238.0,credit_card,South America
2600,6703b636-5380-4904-a88c-7015aab97e49,2026-09-26 22:24:42,Giant Chocolate Snake 1.2m,Confectionery,10,45.0,450.0,credit_card,Middle East
2601,72bb912d-7da6-4785-b63b-4dc3a559e463,2026-08-23 21:35:53,RC Mini Monster Truck,Toys,4,28.0,112.0,bank_transfer,North America
2602,21c71aa3-7414-43b5-8e3e-25f2cf0671c7,2026-04-07 03:15:31,USB Food Flash Drive - Chocolate,Novelty Items,9,12.0,108.0,paypal,Europe
2603,ee0f65a8-2a13-4c1f-8cd0-15c1ad5900dd,2026-07-02 23:31:15,50mm Double Sided Tape,Packaging,8,5.75,46.0,debit_card,Middle East
2604,9b49bd26-df57-459a-8715-a10343dac043,2026-08-24 10:10:15,50mm Double Sided Tape,Packaging,3,5.75,17.25,debit_card,South America
2605,a921cb4c-95fb-4976-ae00-7b7e2f8c83e5,2025-11-28 13:18:04,Clear Ethernet Cable 2m,Electronics,9,9.99,89.91,paypal,Middle East
2606,72d78bdd-7817-49ff-b49e-04ccc24369e7,2026-07-27 08:34:18,Developer Flashing Fish Hat,Novelty Items,6,18.75,112.5,credit_card,Asia Pacific
2607,a4bbf962-606e-4e1c-8f15-84494f40c22f,2026-07-06 15:44:00,USB Food Flash Drive - Chocolate,Novelty Items,8,12.0,96.0,cash,Middle East
2608,2702878b-9f0f-4a8d-8537-9ff6d6d7b3b8,2026-04-05 20:04:58,Furry Gloves (Black) S,Clothing,1,15.5,15.5,cash,Europe
2609,4bbe4aff-9326-4ffd-9be4-bf5192698698,2026-03-28 20:55:42,50mm Double Sided Tape,Packaging,3,5.75,17.25,credit_card,Middle East
2610,cb881c32-cbb0-4a8b-9908-a121d1a7ba20,2026-06-01 15:07:16,Novelty Chilli Chocolates 250g,Confectionery,4,8.5,34.0,bank_transfer,Asia Pacific
2611,5c311464-82c2-49f0-b487-d7727f0386fa,2025-10-07 16:36:15,Giant Chocolate Snake 1.2m,Confectionery,9,45.0,405.0,cash,North America
2612,423cad9d-193e-4783-82b3-42541b1f2eb1,2026-09-22 10:51:48,Ride On Dinosaur Costume,Costumes,8,145.0,1160.0,cash,Asia Pacific
2613,7634c169-4f76-4388-92fe-28bf81e0d489,2025-11-05 10:05:50,Packaging Tape Dispenser,Packaging,7,22.5,157.5,cash,Europe
2614,9a1de644-815e-46d1-bb8f-aa1837f8a88b,2025-10-13 00:47:19,Air Cushion Machine,Packaging,3,1850.0,5550.0,debit_card,Middle East
2615,0ae4ac11-eb4d-4f42-8735-70a2e5110961,2026-01-13 01:02:37,Air Cushion Machine,Packaging,10,1850.0,18500.0,credit_card,Middle East
2616,9d264599-c4dd-4df5-9aec-56a857311609,2025-12-28 09:42:27,Ergonomic Keyboard,Electronics,9,65.0,585.0,cash,Europe
2617,a0a11839-e745-4704-98df-bc3ca0d4de3d,2026-08-25 22:04:47,Alien Egg Fidget Ball,Novelty Items,4,6.25,25.0,paypal,Middle East
2618,398d1ca6-8b68-40b5-9d61-fac36cd5e859,2025-12-02 17:17:00,USB Food Flash Drive - Chocolate,Novelty Items,3,12.0,36.0,credit_card,Middle East
2619,e0c53cb8-3da9-42a9-8ed4-2f1a3d4cbf37,2026-05-06 18:53:09,Air Cushion Machine,Packaging,5,1850.0,9250.0,debit_card,Europe
2620,65c17795-b155-46bc-9f8d-ed9756abf2f1,2026-10-05 19:12:02,RC Mini Monster Truck,Toys,3,28.0,84.0,credit_card,Africa
2621,7f53a88e-4efc-4248-a10b-1a477faeb748,2026-07-15 01:58:45,Air Cushion Machine,Packaging,4,1850.0,7400.0,credit_card,North America
2622,d5b6de85-3902-49d9-ba8d-ae42ba54e920,2026-05-30 02:50:00,Giant Chocolate Snake 1.2m,Confectionery,6,45.0,270.0,cash,Europe
2623,9a069295-3b8d-4447-8e61-065f171b1b80,2026-04-28 14:50:48,Developer Flashing Fish Hat,Novelty Items,2,18.75,37.5,cash,Europe
2624,812a1f9b-1596-4802-b6dd-6257fb7d9f1c,2026-03-19 00:40:48,50mm Double Sided Tape,Packaging,3,5.75,17.25,cash,Europe
2625,2e13418d-68ab-40ea-897e-c6d1081fc6dc,2025-11-17 19:59:46,Developer Flashing Fish Hat,Novelty Items,1,18.75,18.75,credit_card,Europe
2626,c85aca46-90e0-44a0-bbdd-3933cbd58bf6,2026-08-03 02:06:46,Air Cushion Machine,Packaging,5,1850.0,9250.0,paypal,North America
2627,dbccc477-09e9-4b0a-9f46-529061ee411a,2026-01-25 12:57:39,Packaging Tape Dispenser,Packaging,10,22.5,225.0,bank_transfer,Africa
2628,bd44089d-9dd2-49de-bd98-fe336498abe9,2026-01-05 22:37:37,Alien Egg Fidget Ball,Novelty Items,10,6.25,62.5,debit_card,Asia Pacific
2629,f81dbaa1-c812-4a8e-b830-89301327f1bc,2026-01-30 14:35:32,Air Cushion Machine,Packaging,6,1850.0,11100.0,debit_card,Middle East
2630,77a6e17c-d72b-4108-aa40-5f12b963f37f,2025-11-21 23:22:07,Giant Chocolate Snake 1.2m,Confectionery,7,45.0,315.0,bank_transfer,South America
2631,c6deb2f0-530a-41c7-b8ba-83684fc77768,2025-10-24 04:43:00,50mm Double Sided Tape,Packaging,7,5.75,40.25,debit_card,Asia Pacific
2632,2d174fc9-6f7c-45ea-a72a-6d8eb5122df8,2026-01-06 06:04:37,USB Food Flash Drive - Chocolate,Novelty Items,8,12.0,96.0,bank_transfer,South America
2633,989d9d4a-e15c-4666-8797-b2c957207246,2026-03-17 16:43:02,Superhero Mask (Red),Costumes,3,11.25,33.75,cash,Asia Pacific
2634,f10bce9c-582b-41ee-b8e8-035b0c00988a,2026-06-10 19:07:17,50mm Double Sided Tape,Packaging,3,5.75,17.25,paypal,North America
2635,9055a36f-4aa5-49d3-b35f-2f595e717fca,2026-08-09 23:20:08,Alien Egg Fidget Ball,Novelty Items,3,6.25,18.75,debit_card,Asia Pacific
2636,cc3ebdde-5ad5-4f06-b64d-7c877cd0129d,2026-06-04 12:40:29,Giant Chocolate Snake 1.2m,Confectionery,10,45.0,450.0,credit_card,South America
2637,7c16128d-b2c0-4394-a17f-29e170286046,2026-04-01 04:16:02,USB Food Flash Drive - Chocolate,Novelty Items,7,12.0,84.0,bank_transfer,Africa
2638,4d16f049-44d7-4f9a-a38b-05b72b64777c,2025-10-30 01:03:53,Clear Ethernet Cable 2m,Electronics,2,9.99,19.98,cash,South America
2639,951c25d5-4d4c-4280-9462-52e7f43ba052,2025-11-17 16:55:48,50mm Double Sided Tape,Packaging,1,5.75,5.75,credit_card,Asia Pacific
2640,11c58ef0-dd46-4c09-8752-87aa5408f9ac,2026-08-26 14:09:16,Clear Ethernet Cable 2m,Electronics,1,9.99,9.99,credit_card,Africa
2641,935f2b0a-a138-4ddc-a2d9-de5d6a18ce4c,2026-09-22 04:14:24,RC Mini Monster Truck,Toys,1,28.0,28.0,debit_card,North America
2642,ead18464-ca8e-458c-90f8-1063889fe107,2026-04-17 18:24:20,Alien Egg Fidget Ball,Novelty Items,3,6.25,18.75,cash,North America
2643,d08012b8-96c5-4fe7-aa60-4892392612e9,2026-05-25 09:40:14,Furry Gloves (Black) S,Clothing,1,15.5,15.5,credit_card,Middle East
2644,12af97e4-c536-466e-bcc4-091bf45707c6,2026-05-01 20:02:35,50mm Double Sided Tape,Packaging,6,5.75,34.5,credit_card,South America
2645,cf685878-0b70-4933-8cde-1b6b1132567c,2025-10-12 00:50:53,Ride On Dinosaur Costume,Costumes,8,145.0,1160.0,cash,Asia Pacific
2646,03902c5d-6502-46a2-8a6a-2224171e16cc,2026-06-08 01:54:24,Superhero Mask (Red),Costumes,3,11.25,33.75,paypal,Asia Pacific
2647,a56c0941-fbf2-4050-a748-dbcfac619e63,2026-04-23 19:18:34,Ride On Dinosaur Costume,Costumes,4,145.0,580.0,cash,Africa
2648,001a9a8b-d56f-4350-8c45-9ce267f48ad5,2026-05-16 23:29:25,Alien Egg Fidget Ball,Novelty Items,9,6.25,56.25,credit_card,North America
2649,a0a11839-e745-4704-98df-bc3ca0d4de3d,2026-01-07 14:41:11,USB Food Flash Drive - Chocolate,Novelty Items,9,12.0,108.0,credit_card,Middle East
2650,a33dc7af-d701-410d-bf4b-1a70c074718e,2026-07-11 16:58:41,RC Mini Monster Truck,Toys,7,28.0,196.0,credit_card,South America
2651,29890880-277d-4be9-a070-b6a198e52499,2025-11-30 09:53:34,Novelty Chilli Chocolates 250g,Confectionery,4,8.5,34.0,bank_transfer,South America
2652,4ebfa5c3-cae9-44a7-aa79-ea680f44704f,2026-01-26 18:30:41,Developer Flashing Fish Hat,Novelty Items,5,18.75,93.75,bank_transfer,Africa
2653,06a241af-1d0a-47f7-b5e4-a4713fe68c9c,2026-03-21 08:27:22,RC Mini Monster Truck,Toys,2,28.0,56.0,debit_card,North America
2654,8fddbebc-f7ff-48d4-b509-f08a2c988bca,2025-10-06 06:14:25,Air Cushion Machine,Packaging,2,1850.0,3700.0,paypal,Europe
2655,3ce915e7-c9d6-463b-8a3c-6f5f5bb5c40c,2026-06-01 10:06:01,USB Food Flash Drive - Chocolate,Novelty Items,10,12.0,120.0,credit_card,Europe
2656,69be173a-850e-40ad-9872-f72ee5b4a1ae,2026-02-19 16:08:36,RC Mini Monster Truck,Toys,2,28.0,56.0,credit_card,Middle East
2657,9feefdff-c566-4a81-b15e-54f6d4d30795,2026-01-07 01:52:51,Ride On Dinosaur Costume,Costumes,3,145.0,435.0,cash,Europe
2658,0c6b7074-ab10-4c9b-9168-2e09f1f7d904,2026-05-15 06:37:51,Magic Flashing Fruit Bowl,Novelty Items,3,34.0,102.0,bank_transfer,South America
2659,fc737d92-11ab-4d11-a4eb-8000ef40d162,2026-03-16 10:21:04,RC Mini Monster Truck,Toys,5,28.0,140.0,paypal,Europe
2660,aca2b148-da33-4aa1-941c-dfcdda0d4a5f,2025-12-17 09:33:06,RC Mini Monster Truck,Toys,2,28.0,56.0,bank_transfer,Africa
2661,53c93ae7-7cf0-4bb3-b343-d9eb7466ef02,2026-06-20 16:02:56,Developer Flashing Fish Hat,Novelty Items,5,18.75,93.75,credit_card,North America
2662,93267d25-234b-4562-98af-5cca6b11b7cb,2026-06-22 03:52:26,Superhero Mask (Red),Costumes,3,11.25,33.75,debit_card,Europe
2663,09ce3cfb-2339-4a19-a563-7cc3ca97ebf5,2025-11-07 21:38:22,Ride On Dinosaur Costume,Costumes,7,145.0,1015.0,bank_transfer,North America
2664,29890880-277d-4be9-a070-b6a198e52499,2026-04-26 22:53:21,USB Food Flash Drive - Chocolate,Novelty Items,10,12.0,120.0,paypal,South America
2665,83f4a9a9-48a6-49d0-95b5-2908a8aa7158,2026-02-22 16:43:49,USB Food Flash Drive - Chocolate,Novelty Items,6,12.0,72.0,debit_card,Asia Pacific
2666,491b90e9-9ca3-4bb3-bf11-c8ba36ee1640,2025-10-31 22:28:36,Developer Flashing Fish Hat,Novelty Items,6,18.75,112.5,bank_transfer,Asia Pacific
2667,725d4259-3c4b-4eec-a231-ee7342c2d2eb,2026-04-27 22:53:20,50mm Double Sided Tape,Packaging,7,5.75,40.25,paypal,South America
2668,6de59332-9364-43d0-9024-bdc6dcb33df3,2026-05-04 22:52:16,Furry Gloves (Black) S,Clothing,4,15.5,62.0,bank_transfer,Middle East
2669,7f8e5483-28ca-4a1d-835b-ec2c3098f7b2,2026-04-20 16:17:47,Ergonomic Keyboard,Electronics,9,65.0,585.0,bank_transfer,Middle East
2670,4a1dab32-6aed-4dc7-a3e0-5309b5a1b949,2026-08-07 01:33:14,Packaging Tape Dispenser,Packaging,4,22.5,90.0,credit_card,Middle East
2671,586a346a-dc5b-47d1-bcef-1972bbf483ce,2026-04-20 19:02:42,50mm Double Sided Tape,Packaging,7,5.75,40.25,cash,Africa
2672,299656e2-4c9d-4907-93b2-2cecedcabf94,2026-05-08 20:43:49,Furry Gloves (Black) S,Clothing,4,15.5,62.0,credit_card,South America
2673,4639447b-2067-4dac-88bd-13d1b540b30e,2025-10-13 13:11:21,Developer Flashing Fish Hat,Novelty Items,1,18.75,18.75,credit_card,Europe
2674,d08012b8-96c5-4fe7-aa60-4892392612e9,2026-03-06 06:57:08,Packaging Tape Dispenser,Packaging,8,22.5,180.0,debit_card,North America
2675,c4767556-f97b-42dd-8f9b-72aed85c16bd,2026-09-09 19:41:55,Novelty Chilli Chocolates 250g,Confectionery,6,8.5,51.0,debit_card,Europe
2676,249204c7-ad58-4b1b-be31-537aa43e558c,2026-04-06 05:38:10,Ergonomic Keyboard,Electronics,3,65.0,195.0,cash,Asia Pacific
2677,13f3cade-7a10-413f-b6a2-c52b00473139,2025-10-22 13:25:47,Air Cushion Machine,Packaging,4,1850.0,7400.0,debit_card,North America
2678,f2e9702d-11e9-4daa-ae69-81a35d3d9e56,2026-06-09 12:32:27,50mm Double Sided Tape,Packaging,3,5.75,17.25,debit_card,Asia Pacific
2679,f94d8fcb-dba3-496f-ba32-3f6990dbfad6,2026-03-04 21:39:17,50mm Double Sided Tape,Packaging,1,5.75,5.75,bank_transfer,Europe
2680,7a9a8ef5-c11b-41c4-bfe3-f366bf337a15,2026-02-27 15:05:24,Novelty Chilli Chocolates 250g,Confectionery,2,8.5,17.0,cash,North America
2681,5c311464-82c2-49f0-b487-d7727f0386fa,2026-01-12 03:51:05,Ergonomic Keyboard,Electronics,10,65.0,650.0,debit_card,North America
2682,7337c599-7984-4388-9c8a-ee30be6033f7,2026-07-22 21:09:18,Ride On Dinosaur Costume,Costumes,6,145.0,870.0,credit_card,South America
2683,3990e2c9-4c6a-40f4-8ede-c44d476cf68c,2025-10-11 23:02:53,USB Food Flash Drive - Chocolate,Novelty Items,1,12.0,12.0,bank_transfer,South America
2684,a59b457f-c0d7-4c73-895f-fa8140d92bce,2026-02-21 08:00:57,Furry Gloves (Black) S,Clothing,3,15.5,46.5,debit_card,Africa
2685,a59b457f-c0d7-4c73-895f-fa8140d92bce,2026-08-07 21:11:56,Packaging Tape Dispenser,Packaging,5,22.5,112.5,bank_transfer,Africa
2686,02740f73-f3ab-4a0d-9be9-fdb3dd92dd7c,2025-10-31 21:21:37,Developer Flashing Fish Hat,Novelty Items,8,18.75,150.0,credit_card,Europe
2687,134c6c92-ec5b-427c-9fde-4fbf3ff350bf,2026-02-16 13:27:06,USB Food Flash Drive - Chocolate,Novelty Items,3,12.0,36.0,credit_card,Middle East
2688,8d38bbd8-fba6-4bf7-8dbc-c65377a7e8b7,2026-01-07 07:06:58,Furry Gloves (Black) S,Clothing,3,15.5,46.5,debit_card,North America
2689,a175a9c3-d7b1-42a9-a332-a50e6992896e,2026-07-17 07:09:54,Clear Ethernet Cable 2m,Electronics,7,9.99,69.93,bank_transfer,Middle East
2690,329fc417-1081-4d45-bf45-f8a20594b24f,2026-06-17 20:18:59,50mm Double Sided Tape,Packaging,5,5.75,28.75,cash,Middle East
2691,7c7c404e-c422-403e-b29a-6339577bc55a,2026-06-06 15:26:20,Alien Egg Fidget Ball,Novelty Items,4,6.25,25.0,debit_card,Europe
2692,53ffd3a2-4a19-4501-8169-b9fcc3a00c6f,2025-11-14 21:52:37,USB Food Flash Drive - Chocolate,Novelty Items,9,12.0,108.0,debit_card,Africa
2693,21c71aa3-7414-43b5-8e3e-25f2cf0671c7,2026-08-01 06:34:25,Air Cushion Machine,Packaging,7,1850.0,12950.0,credit_card,South America
2694,28b2bf21-4d47-4ed6-a666-3769e1d46f82,2026-05-19 15:23:30,Clear Ethernet Cable 2m,Electronics,3,9.99,29.97,cash,Middle East
2695,216e9fe5-93f3-4596-8c1c-8b0556771f36,2026-07-18 04:05:56,Superhero Mask (Red),Costumes,2,11.25,22.5,bank_transfer,Asia Pacific
2696,13f3cade-7a10-413f-b6a2-c52b00473139,2026-07-26 12:25:06,Developer Flashing Fish Hat,Novelty Items,7,18.75,131.25,bank_transfer,South America
2697,8e4c3ab5-6d5d-4477-adc2-9178a0411612,2026-02-11 18:57:28,Novelty Chilli Chocolates 250g,Confectionery,6,8.5,51.0,bank_transfer,South America
2698,cd5f4822-6966-48aa-ae49-f329c84a7b28,2025-11-26 11:07:38,Alien Egg Fidget Ball,Novelty Items,2,6.25,12.5,credit_card,Europe
2699,a0a04dc4-2720-4bdf-9c11-f735dc713d96,2025-10-22 20:53:53,Magic Flashing Fruit Bowl,Novelty Items,6,34.0,204.0,debit_card,Europe
2700,eb1fa9f2-d10b-41d0-b317-347038f16a81,2026-02-19 11:19:29,Ride On Dinosaur Costume,Costumes,9,145.0,1305.0,credit_card,South America
2701,7490adeb-57d3-47d3-8fd8-0bbb592c1107,2026-05-05 16:52:36,Magic Flashing Fruit Bowl,Novelty Items,1,34.0,34.0,paypal,South America
2702,19d45deb-1139-4a12-b4c1-c3ea3d9c4e64,2026-02-14 03:08:55,Packaging Tape Dispenser,Packaging,4,22.5,90.0,credit_card,South America
2703,35102852-b474-4349-89fc-2cd8c56bad4c,2026-08-17 14:06:42,Alien Egg Fidget Ball,Novelty Items,2,6.25,12.5,cash,North America
2704,fec21bbe-6624-4bfa-8fcc-a39ab683d2e6,2026-06-12 06:56:56,Magic Flashing Fruit Bowl,Novelty Items,8,34.0,272.0,credit_card,Europe
2705,18c26797-6142-4a7d-97be-31111a2a73ed,2025-12-12 15:36:31,USB Food Flash Drive - Chocolate,Novelty Items,5,12.0,60.0,paypal,Europe
2706,5e781fd7-94e0-43ba-a9f9-48b24e6384bb,2026-08-24 03:23:46,Clear Ethernet Cable 2m,Electronics,9,9.99,89.91,paypal,Asia Pacific
2707,e34f76b4-2b8c-43bf-9780-be1712fecc2b,2026-08-04 05:47:42,50mm Double Sided Tape,Packaging,6,5.75,34.5,debit_card,Africa
2708,2cabd7e7-cc6b-46e5-802a-df9c8a4b8f7c,2026-06-28 13:21:49,Giant Chocolate Snake 1.2m,Confectionery,2,45.0,90.0,bank_transfer,Africa
2709,5c63b6f3-06ba-4cd3-be78-38c9ca55e38b,2026-04-04 02:15:32,Packaging Tape Dispenser,Packaging,2,22.5,45.0,debit_card,North America
2710,6cac028c-ba22-4065-9526-0718cd180a82,2026-07-02 17:09:26,Magic Flashing Fruit Bowl,Novelty Items,7,34.0,238.0,cash,North America
2711,e4429ebb-da7b-4095-a3d6-2a39c0e3befd,2026-04-09 11:53:36,Alien Egg Fidget Ball,Novelty Items,3,6.25,18.75,bank_transfer,North America
2712,b45c9a54-5fa3-4531-9291-6e60f5e72daf,2026-06-07 23:51:52,RC Mini Monster Truck,Toys,2,28.0,56.0,debit_card,South America
2713,df3a098a-ccac-4fb5-9a0c-6c0493cd1291,2025-12-15 10:36:49,Furry Gloves (Black) S,Clothing,3,15.5,46.5,debit_card,Middle East
2714,24f43c62-b523-40de-9b87-d29c4cfd0fc1,2026-08-16 19:21:58,Packaging Tape Dispenser,Packaging,10,22.5,225.0,cash,Europe
2715,07f97d05-f6ca-4b8b-a4b1-f99175424646,2025-11-27 00:34:36,Ergonomic Keyboard,Electronics,3,65.0,195.0,paypal,Europe
2716,e0c53cb8-3da9-42a9-8ed4-2f1a3d4cbf37,2025-10-30 03:47:57,Magic Flashing Fruit Bowl,Novelty Items,7,34.0,238.0,bank_transfer,South America
2717,ea87855e-a382-45d3-9e0e-f546b0b6dedf,2026-07-10 17:41:00,Air Cushion Machine,Packaging,10,1850.0,18500.0,credit_card,South America
2718,4eea04e7-0ab5-4bde-a0a0-45026e068097,2026-08-03 02:16:42,Magic Flashing Fruit Bowl,Novelty Items,8,34.0,272.0,credit_card,South America
2719,09f64405-0b99-4034-8a4e-255280051b10,2026-04-01 09:32:33,Furry Gloves (Black) S,Clothing,5,15.5,77.5,credit_card,Asia Pacific
2720,23c86d30-1dde-4969-a886-13dba6348e78,2025-10-20 00:22:25,USB Food Flash Drive - Chocolate,Novelty Items,8,12.0,96.0,debit_card,Europe
2721,ae8a7813-90e0-495b-a97c-392387fa841a,2026-01-27 14:44:33,Ride On Dinosaur Costume,Costumes,2,145.0,290.0,cash,Europe
2722,7a0ecfea-958c-49ba-8cd6-20c20ea2622b,2025-12-22 22:37:26,Developer Flashing Fish Hat,Novelty Items,2,18.75,37.5,debit_card,Africa
2723,89e06ab3-7250-4e18-a60a-5962dd81b7f5,2025-10-22 15:57:49,Furry Gloves (Black) S,Clothing,8,15.5,124.0,bank_transfer,Europe
2724,605fb1eb-4cc5-4e0d-a633-20186883ac6e,2026-08-08 21:19:55,Furry Gloves (Black) S,Clothing,8,15.5,124.0,debit_card,North America
2725,e0c53cb8-3da9-42a9-8ed4-2f1a3d4cbf37,2025-12-22 02:51:11,Magic Flashing Fruit Bowl,Novelty Items,8,34.0,272.0,paypal,Europe
2726,1519fd38-66fb-471d-b3a9-dcaa6c6f6d2e,2026-09-14 15:49:28,Clear Ethernet Cable 2m,Electronics,7,9.99,69.93,cash,Africa
2727,3712f2d1-87cd-46a1-bf01-2e32177d6e7e,2025-10-21 22:15:05,Ride On Dinosaur Costume,Costumes,8,145.0,1160.0,cash,Middle East
2728,b41b3143-8b10-450c-9570-4f32702cdd20,2026-02-05 05:13:33,Developer Flashing Fish Hat,Novelty Items,6,18.75,112.5,bank_transfer,Middle East
2729,b6ca1127-e9f8-4970-8d98-f9e28d888beb,2026-10-03 03:18:28,Ergonomic Keyboard,Electronics,5,65.0,325.0,credit_card,Middle East
2730,cb881c32-cbb0-4a8b-9908-a121d1a7ba20,2026-02-03 01:46:35,Giant Chocolate Snake 1.2m,Confectionery,1,45.0,45.0,debit_card,Africa
2731,18c26797-6142-4a7d-97be-31111a2a73ed,2026-04-23 19:22:58,Superhero Mask (Red),Costumes,9,11.25,101.25,debit_card,North America
2732,dde9f863-22bd-4388-adb9-9102a48b3dbe,2026-03-09 07:22:36,Alien Egg Fidget Ball,Novelty Items,7,6.25,43.75,cash,Asia Pacific
2733,ca8f3653-c9af-48f8-83b9-da13ec856f37,2026-08-18 07:47:42,Superhero Mask (Red),Costumes,2,11.25,22.5,bank_transfer,Asia Pacific
2734,6d4067f4-5003-4b35-9857-8bafbac7e2b9,2026-05-04 13:04:21,Giant Chocolate Snake 1.2m,Confectionery,2,45.0,90.0,bank_transfer,Asia Pacific
2735,3c9d128a-2176-4930-b6d7-0248a995ecc3,2026-04-07 12:03:55,Giant Chocolate Snake 1.2m,Confectionery,9,45.0,405.0,bank_transfer,North America
2736,f280df1d-9a6c-4db9-9217-1c884ce953a7,2026-01-12 00:42:54,USB Food Flash Drive - Chocolate,Novelty Items,3,12.0,36.0,credit_card,Asia Pacific
2737,7bf47042-bd15-41c8-b764-fbda3108d448,2025-10-19 20:59:24,Furry Gloves (Black) S,Clothing,7,15.5,108.5,bank_transfer,Europe
2738,5275eb94-14ae-4f5c-a636-58c912d0498d,2026-07-25 04:50:23,USB Food Flash Drive - Chocolate,Novelty Items,6,12.0,72.0,cash,Asia Pacific
2739,6fb78271-504d-481f-8953-5b63ba81edd9,2026-06-13 21:12:33,Air Cushion Machine,Packaging,8,1850.0,14800.0,paypal,Asia Pacific
2740,77a6e17c-d72b-4108-aa40-5f12b963f37f,2025-12-18 20:52:22,Novelty Chilli Chocolates 250g,Confectionery,9,8.5,76.5,bank_transfer,South America
2741,08601833-479d-4cda-b396-ea37f065c817,2026-01-24 18:24:23,Giant Chocolate Snake 1.2m,Confectionery,4,45.0,180.0,cash,North America
2742,8a63f881-ffd0-49d5-a6f2-f7b80cf35b58,2026-02-21 06:54:00,Magic Flashing Fruit Bowl,Novelty Items,7,34.0,238.0,paypal,Asia Pacific
2743,a8b317fa-18d0-452b-9825-bc5430beb45f,2026-09-05 11:22:23,Ergonomic Keyboard,Electronics,4,65.0,260.0,debit_card,North America
2744,65c17795-b155-46bc-9f8d-ed9756abf2f1,2026-08-04 21:37:50,Furry Gloves (Black) S,Clothing,7,15.5,108.5,paypal,Africa
2745,a33dc7af-d701-410d-bf4b-1a70c074718e,2025-10-24 05:13:32,Ride On Dinosaur Costume,Costumes,2,145.0,290.0,credit_card,Europe
2746,e8dd5e5a-1712-4b16-a1a4-344fbb7bee03,2026-09-06 21:29:04,Clear Ethernet Cable 2m,Electronics,2,9.99,19.98,bank_transfer,Asia Pacific
2747,0bb401e7-69f7-43f1-901b-a8515ee68495,2026-06-17 07:31:08,Packaging Tape Dispenser,Packaging,4,22.5,90.0,paypal,South America
2748,c56811cd-5563-4616-80e8-5ece0b49452d,2026-02-11 13:25:19,Superhero Mask (Red),Costumes,1,11.25,11.25,bank_transfer,Europe
2749,c7fee39f-1190-4938-a66f-d7f739669fa7,2026-01-19 18:13:23,Furry Gloves (Black) S,Clothing,5,15.5,77.5,debit_card,Europe
2750,7f072cb9-2fd3-40c0-b945-f2fd56cb1ab0,2025-11-22 23:51:03,Clear Ethernet Cable 2m,Electronics,8,9.99,79.92,cash,Africa
2751,a39c3bd5-ab86-4afd-b57e-c883d2586d90,2026-08-12 02:04:15,Furry Gloves (Black) S,Clothing,3,15.5,46.5,bank_transfer,Europe
2752,beed10b6-4f6e-474b-9eda-b0276550f74a,2026-02-25 13:50:49,RC Mini Monster Truck,Toys,10,28.0,280.0,credit_card,Middle East
2753,892e6161-be2d-440a-9e9b-23bc50c7c006,2026-03-24 08:20:30,Furry Gloves (Black) S,Clothing,10,15.5,155.0,credit_card,Africa
2754,1dc1e7eb-711c-4673-8535-1a69dabf984e,2026-09-16 02:16:29,Giant Chocolate Snake 1.2m,Confectionery,10,45.0,450.0,debit_card,Europe
2755,19db3ad0-ddd1-4fb2-bb98-2ef8daf61a26,2026-03-10 00:07:58,Giant Chocolate Snake 1.2m,Confectionery,6,45.0,270.0,debit_card,Asia Pacific
2756,28524385-d9f2-4d0d-8cc9-f5f2e42e5037,2026-07-21 07:47:22,RC Mini Monster Truck,Toys,3,28.0,84.0,paypal,North America
2757,b489d070-7914-48a8-bea4-ff31517400f8,2026-03-25 10:18:07,Furry Gloves (Black) S,Clothing,7,15.5,108.5,cash,Africa
2758,b4157cea-0738-4ba4-9770-a3dbe9fa97e2,2026-09-18 02:17:07,Novelty Chilli Chocolates 250g,Confectionery,8,8.5,68.0,debit_card,Africa
2759,4eea04e7-0ab5-4bde-a0a0-45026e068097,2026-03-04 19:27:00,Ergonomic Keyboard,Electronics,10,65.0,650.0,credit_card,South America
2760,b3ecb951-ab8c-4f97-a0b7-1785d02ce0c1,2026-02-14 07:42:36,50mm Double Sided Tape,Packaging,4,5.75,23.0,cash,South America
2761,0f6b40d0-9efb-458b-9191-b3634e2d6645,2025-12-17 04:55:20,Magic Flashing Fruit Bowl,Novelty Items,7,34.0,238.0,paypal,South America
2762,7cb923f5-f5ed-4382-a3a6-ef83cab63107,2026-04-16 08:36:32,Air Cushion Machine,Packaging,10,1850.0,18500.0,credit_card,Europe
2763,35a240ae-5af3-4553-9ec4-2e0829a3b2e9,2026-07-01 10:12:20,Superhero Mask (Red),Costumes,6,11.25,67.5,paypal,Europe
2764,a879d8f8-9042-4eb7-8b04-0f53e63949d4,2026-04-16 20:54:49,Packaging Tape Dispenser,Packaging,2,22.5,45.0,bank_transfer,Africa
2765,28a39779-9c1c-4517-85d2-d0a686295b5d,2026-02-25 07:34:52,Ergonomic Keyboard,Electronics,7,65.0,455.0,paypal,Europe
2766,c42cbc39-e05b-46c5-9636-3094a97431db,2026-09-29 14:51:27,Superhero Mask (Red),Costumes,9,11.25,101.25,cash,Europe
2767,8b48f496-86ab-44e7-b412-436011536e99,2026-08-11 06:56:57,USB Food Flash Drive - Chocolate,Novelty Items,3,12.0,36.0,bank_transfer,Europe
2768,a5f60735-757b-4b29-bb2a-a1462999394c,2026-04-25 07:39:41,Ride On Dinosaur Costume,Costumes,9,145.0,1305.0,debit_card,Middle East
2769,8beddb12-ad77-482f-89a2-3a89e6b5a92c,2026-01-17 05:40:36,Clear Ethernet Cable 2m,Electronics,7,9.99,69.93,bank_transfer,Africa
2770,3dbc3093-a828-4442-bf73-8f5019a2676f,2026-08-12 18:54:04,Alien Egg Fidget Ball,Novelty Items,10,6.25,62.5,credit_card,North America
2771,da587e8a-a25d-4b29-afff-cfd2341ef40b,2025-11-06 17:39:17,Furry Gloves (Black) S,Clothing,2,15.5,31.0,credit_card,Middle East
2772,cd5f4822-6966-48aa-ae49-f329c84a7b28,2026-07-15 00:32:55,RC Mini Monster Truck,Toys,7,28.0,196.0,bank_transfer,Africa
2773,69785221-7fb7-4c57-8b8c-031fa5b40983,2026-03-19 12:17:00,Furry Gloves (Black) S,Clothing,10,15.5,155.0,cash,North America
2774,8d38bbd8-fba6-4bf7-8dbc-c65377a7e8b7,2025-11-05 07:18:45,Giant Chocolate Snake 1.2m,Confectionery,8,45.0,360.0,cash,North America
2775,2c3aacdc-aed5-4a46-8bde-005b5d8babd7,2026-03-21 21:12:33,Giant Chocolate Snake 1.2m,Confectionery,5,45.0,225.0,bank_transfer,South America
2776,bd44089d-9dd2-49de-bd98-fe336498abe9,2026-05-27 14:55:53,Air Cushion Machine,Packaging,8,1850.0,14800.0,bank_transfer,North America
2777,962c04dd-25d0-4461-859c-15740f3f0f48,2026-08-21 00:26:09,Air Cushion Machine,Packaging,8,1850.0,14800.0,credit_card,Europe
2778,990f0c5b-adcc-4daf-969f-3ab3c6435300,2025-12-14 17:38:09,Furry Gloves (Black) S,Clothing,8,15.5,124.0,bank_transfer,North America
2779,a4704d48-5128-49b1-b8ed-e0ca20156a72,2026-05-05 11:50:58,Developer Flashing Fish Hat,Novelty Items,4,18.75,75.0,paypal,Europe
2780,03902c5d-6502-46a2-8a6a-2224171e16cc,2026-01-27 17:45:40,RC Mini Monster Truck,Toys,5,28.0,140.0,bank_transfer,Africa
2781,3c9d128a-2176-4930-b6d7-0248a995ecc3,2026-02-07 09:34:02,Air Cushion Machine,Packaging,1,1850.0,1850.0,bank_transfer,North America
2782,6f92f25e-45df-46b6-b82c-043f7cfc9b79,2025-11-14 11:56:29,Novelty Chilli Chocolates 250g,Confectionery,1,8.5,8.5,paypal,Middle East
2783,278ed00d-ba02-46ef-be05-5787965befdf,2025-11-05 17:57:21,Superhero Mask (Red),Costumes,10,11.25,112.5,paypal,South America
2784,764414fd-8ae7-49ed-9e8e-de0ba85c6e4a,2026-02-10 00:05:41,Magic Flashing Fruit Bowl,Novelty Items,7,34.0,238.0,cash,Asia Pacific
2785,ac2b0cfc-c5c5-4060-9911-21e793d563ae,2026-06-19 07:52:24,Air Cushion Machine,Packaging,10,1850.0,18500.0,bank_transfer,North America
2786,692e07b6-0b2f-4d5c-b00b-5d5fb89f72f3,2026-01-28 11:13:25,Furry Gloves (Black) S,Clothing,10,15.5,155.0,debit_card,Africa
2787,fa34d2e8-dd3f-4d7e-a508-dc9513a4a492,2026-02-01 16:24:29,Clear Ethernet Cable 2m,Electronics,3,9.99,29.97,paypal,Middle East
2788,ac9ed156-f63f-4e41-ba9a-ca5e176132ed,2026-03-27 19:53:45,Ride On Dinosaur Costume,Costumes,7,145.0,1015.0,credit_card,Africa
2789,10d4de39-1612-47c9-a25d-f9a89ca8a5c4,2026-05-27 16:30:01,Furry Gloves (Black) S,Clothing,3,15.5,46.5,credit_card,Africa
2790,b89f3a92-999a-4d86-99db-13028dab66d3,2026-07-11 08:45:46,Magic Flashing Fruit Bowl,Novelty Items,7,34.0,238.0,paypal,Middle East
2791,4639447b-2067-4dac-88bd-13d1b540b30e,2026-03-20 03:20:57,Ride On Dinosaur Costume,Costumes,6,145.0,870.0,credit_card,North America
2792,d453dd32-4b0d-4b41-8d52-88f1142c3fe8,2025-12-09 08:54:05,Novelty Chilli Chocolates 250g,Confectionery,7,8.5,59.5,cash,South America
2793,9d264599-c4dd-4df5-9aec-56a857311609,2026-06-30 12:44:01,Novelty Chilli Chocolates 250g,Confectionery,10,8.5,85.0,cash,North America
2794,e5d7b875-6dad-46c7-95a7-6d79bf3c4c06,2026-03-27 01:11:08,Magic Flashing Fruit Bowl,Novelty Items,7,34.0,238.0,debit_card,Asia Pacific
2795,533420e6-d9d8-4b8d-be8a-dee70758e201,2026-02-19 04:18:54,Giant Chocolate Snake 1.2m,Confectionery,6,45.0,270.0,debit_card,Africa
2796,088a93ec-70d9-49f8-89e2-60744f1639a0,2026-03-28 07:12:36,RC Mini Monster Truck,Toys,4,28.0,112.0,debit_card,Middle East
2797,7bf69552-4cbc-4044-abcd-5ce746a56fe8,2025-10-22 02:26:18,Superhero Mask (Red),Costumes,4,11.25,45.0,bank_transfer,Europe
2798,1723199d-bf2c-44a0-ba3c-8a71ff574e2b,2026-07-14 22:03:39,Giant Chocolate Snake 1.2m,Confectionery,1,45.0,45.0,credit_card,South America
2799,19d45deb-1139-4a12-b4c1-c3ea3d9c4e64,2026-09-08 12:59:38,Giant Chocolate Snake 1.2m,Confectionery,1,45.0,45.0,cash,North America
2800,69785221-7fb7-4c57-8b8c-031fa5b40983,2026-09-24 16:27:17,USB Food Flash Drive - Chocolate,Novelty Items,8,12.0,96.0,cash,North America
2801,4104a8b5-a34d-47c5-b60d-ebbb3b70b3a1,2026-02-19 13:45:02,USB Food Flash Drive - Chocolate,Novelty Items,3,12.0,36.0,paypal,South America
2802,491b90e9-9ca3-4bb3-bf11-c8ba36ee1640,2026-06-01 10:29:27,USB Food Flash Drive - Chocolate,Novelty Items,2,12.0,24.0,paypal,South America
2803,507b9072-65e5-4f34-9df0-6e8c878aaed9,2026-03-23 13:35:56,Clear Ethernet Cable 2m,Electronics,2,9.99,19.98,credit_card,Asia Pacific
2804,0075d3d5-ba94-4a66-ad7e-4a452099e71f,2026-01-20 06:42:04,USB Food Flash Drive - Chocolate,Novelty Items,8,12.0,96.0,credit_card,South America
2805,0e0630cd-996d-4c50-bc04-a168652ffb49,2026-06-10 23:56:44,Giant Chocolate Snake 1.2m,Confectionery,7,45.0,315.0,paypal,Africa
2806,73b5bad5-600b-4b35-aa0a-a7d5a0b85755,2026-08-09 00:46:03,RC Mini Monster Truck,Toys,8,28.0,224.0,debit_card,South America
2807,95af6d0c-c528-4425-87a9-f33c22d839d3,2025-10-27 22:16:32,Alien Egg Fidget Ball,Novelty Items,1,6.25,6.25,debit_card,Africa
2808,f2dcb12b-0f7a-4302-ac2e-28150a3217d2,2025-11-03 19:05:38,Magic Flashing Fruit Bowl,Novelty Items,10,34.0,340.0,credit_card,North America
2809,67fd64c4-a334-458a-abd2-b5121335e5db,2026-06-23 07:32:49,Developer Flashing Fish Hat,Novelty Items,6,18.75,112.5,cash,Middle East
2810,dde9f863-22bd-4388-adb9-9102a48b3dbe,2026-06-10 05:42:26,Packaging Tape Dispenser,Packaging,1,22.5,22.5,cash,Africa
2811,72bb912d-7da6-4785-b63b-4dc3a559e463,2026-03-12 09:48:48,Alien Egg Fidget Ball,Novelty Items,2,6.25,12.5,cash,North America
2812,0a8bb5b4-9049-4583-ac86-a890d7b00bdc,2026-02-23 17:57:53,Packaging Tape Dispenser,Packaging,1,22.5,22.5,cash,South America
2813,6fb78271-504d-481f-8953-5b63ba81edd9,2026-04-22 21:58:04,Air Cushion Machine,Packaging,6,1850.0,11100.0,debit_card,North America
2814,980402a2-b07a-4066-b354-35ea68949b8d,2026-08-12 18:24:55,Developer Flashing Fish Hat,Novelty Items,3,18.75,56.25,credit_card,Africa
2815,def57689-68f4-4bce-a4e7-5e8eb8f21423,2026-07-23 21:12:55,50mm Double Sided Tape,Packaging,3,5.75,17.25,paypal,Asia Pacific
2816,66132e69-7418-4109-93d1-bf0f56c438e4,2026-06-26 12:13:32,Air Cushion Machine,Packaging,2,1850.0,3700.0,cash,Africa
2817,f7eae66e-ca6c-4f9b-8969-71018b2c550a,2025-12-06 18:50:38,Alien Egg Fidget Ball,Novelty Items,8,6.25,50.0,bank_transfer,Asia Pacific
2818,6ee35607-92ea-4324-ac93-e5962b015723,2025-10-17 17:54:40,Packaging Tape Dispenser,Packaging,7,22.5,157.5,debit_card,Europe
2819,261e2555-863e-4f2a-98a8-06efeb053fc4,2025-11-30 02:27:38,Ride On Dinosaur Costume,Costumes,4,145.0,580.0,paypal,Asia Pacific
2820,0840405a-ffd2-4491-9ff3-89aa4c36a70c,2026-08-31 05:49:51,USB Food Flash Drive - Chocolate,Novelty Items,10,12.0,120.0,cash,Europe
2821,4d407b28-5628-4dcd-99dd-3e8c96053035,2026-05-29 14:38:58,Ride On Dinosaur Costume,Costumes,4,145.0,580.0,bank_transfer,Asia Pacific
2822,7c7c404e-c422-403e-b29a-6339577bc55a,2026-06-25 23:54:21,RC Mini Monster Truck,Toys,8,28.0,224.0,cash,Africa
2823,6c776e95-0b98-4ccd-92b2-102d940c3503,2026-08-05 02:00:54,Alien Egg Fidget Ball,Novelty Items,6,6.25,37.5,credit_card,Middle East
2824,7bf47042-bd15-41c8-b764-fbda3108d448,2026-03-24 19:43:35,Clear Ethernet Cable 2m,Electronics,7,9.99,69.93,cash,Europe
2825,41843b03-04dd-4054-9448-23f7e7e646c7,2025-10-19 04:00:34,Developer Flashing Fish Hat,Novelty Items,2,18.75,37.5,debit_card,North America
2826,88ffbd40-3b72-486d-92fa-675fa6fd0cb1,2025-11-23 16:12:31,Packaging Tape Dispenser,Packaging,5,22.5,112.5,bank_transfer,Europe
2827,6e8f75a1-17dd-4d81-95da-705cd4ef00aa,2025-10-31 18:19:12,Magic Flashing Fruit Bowl,Novelty Items,9,34.0,306.0,bank_transfer,North America
2828,c4d598f7-e14f-4093-8b6a-d0c7a2356dd4,2026-01-05 07:17:45,USB Food Flash Drive - Chocolate,Novelty Items,3,12.0,36.0,paypal,Asia Pacific
2829,39681c81-7b70-43b8-a81f-dec3279c658a,2026-08-03 23:56:56,Furry Gloves (Black) S,Clothing,3,15.5,46.5,debit_card,North America
2830,6a07f213-7129-4ec7-9b69-554d7c54535f,2026-06-13 05:00:48,Air Cushion Machine,Packaging,6,1850.0,11100.0,debit_card,Europe
2831,7d45d8ef-d56c-48ea-9959-7b5aa7a8f636,2026-02-24 22:05:18,USB Food Flash Drive - Chocolate,Novelty Items,1,12.0,12.0,credit_card,Africa
2832,a1b970d0-7a81-44de-b205-07bbfb16f757,2026-02-23 07:08:52,Developer Flashing Fish Hat,Novelty Items,4,18.75,75.0,cash,Europe
2833,690e7e62-3432-4ec6-b0c4-a01c69b7c0fa,2026-03-03 08:07:16,RC Mini Monster Truck,Toys,4,28.0,112.0,credit_card,Asia Pacific
2834,1e52d770-3f89-4142-be71-6b1415ce6a66,2026-05-13 22:45:46,Alien Egg Fidget Ball,Novelty Items,10,6.25,62.5,cash,South America
2835,0e5dd462-cbd0-4ef2-930a-37df0bc61066,2025-10-18 05:30:46,USB Food Flash Drive - Chocolate,Novelty Items,9,12.0,108.0,cash,Africa
2836,3cf88d20-fbad-493f-87a1-ec0234879e41,2026-05-28 15:33:08,USB Food Flash Drive - Chocolate,Novelty Items,10,12.0,120.0,bank_transfer,Africa
2837,278ed00d-ba02-46ef-be05-5787965befdf,2025-12-04 05:48:25,Furry Gloves (Black) S,Clothing,7,15.5,108.5,paypal,South America
2838,dba6fdf8-f3d0-4ffb-8470-9848929ecc92,2026-06-26 08:58:36,Air Cushion Machine,Packaging,1,1850.0,1850.0,bank_transfer,Asia Pacific
2839,822c4d32-6c64-4c15-aba3-01cba561e1e9,2026-03-29 09:14:31,Novelty Chilli Chocolates 250g,Confectionery,5,8.5,42.5,credit_card,North America
2840,3f800385-ef92-40b6-92d7-8f107a3a6e96,2026-02-26 17:17:58,Ergonomic Keyboard,Electronics,3,65.0,195.0,paypal,Middle East
2841,33baba88-36c7-46fa-baa4-f052bf519362,2026-02-27 03:04:32,Clear Ethernet Cable 2m,Electronics,4,9.99,39.96,credit_card,Europe
2842,a65ed389-b74d-4fb1-b2e7-06298fadc1a6,2026-03-27 01:28:25,Novelty Chilli Chocolates 250g,Confectionery,10,8.5,85.0,bank_transfer,Europe
2843,295b4715-c333-4861-9fb8-d16c2720797d,2026-07-29 00:07:21,Ride On Dinosaur Costume,Costumes,7,145.0,1015.0,cash,Middle East
2844,24acb722-e052-4739-8d40-6f1b3ca5be29,2025-11-04 12:17:01,Novelty Chilli Chocolates 250g,Confectionery,6,8.5,51.0,credit_card,North America
2845,57f479b5-b212-46ee-8210-63710260a123,2026-05-16 12:59:54,Ergonomic Keyboard,Electronics,2,65.0,130.0,bank_transfer,Africa
2846,aba4fc03-5efa-4c5b-b421-ff46637e4b01,2025-11-28 03:04:16,Alien Egg Fidget Ball,Novelty Items,5,6.25,31.25,paypal,Asia Pacific
2847,15b24e1d-9715-4633-9d4e-db71eb2ec80e,2026-04-29 06:35:00,USB Food Flash Drive - Chocolate,Novelty Items,9,12.0,108.0,paypal,Asia Pacific
2848,4187222b-257d-4e52-9a51-65ca3c7c1d85,2026-02-25 03:52:52,Magic Flashing Fruit Bowl,Novelty Items,1,34.0,34.0,paypal,Africa
2849,873dc8bd-122d-47be-980b-c81ea3595d1f,2026-03-09 05:36:21,Ergonomic Keyboard,Electronics,8,65.0,520.0,credit_card,Europe
2850,98ae4334-6c12-4ce8-ae34-0454cac5b68c,2026-02-04 17:56:39,Magic Flashing Fruit Bowl,Novelty Items,2,34.0,68.0,debit_card,North America
2851,714c7df4-e434-4d51-8158-1092f335cba3,2026-06-14 22:00:16,Superhero Mask (Red),Costumes,1,11.25,11.25,credit_card,Europe
2852,4ebfa5c3-cae9-44a7-aa79-ea680f44704f,2026-01-21 21:14:11,Superhero Mask (Red),Costumes,7,11.25,78.75,debit_card,North America
2853,d40e53ce-52a7-4a41-84be-d4867ea5a387,2026-01-10 14:12:32,Air Cushion Machine,Packaging,6,1850.0,11100.0,cash,North America
2854,c34b9fbb-8d4a-45b8-951a-c8ea585a0afa,2025-11-18 17:04:38,RC Mini Monster Truck,Toys,1,28.0,28.0,credit_card,North America
2855,9e8fc965-0a2c-427e-9832-685694340a03,2025-10-15 17:11:22,Novelty Chilli Chocolates 250g,Confectionery,5,8.5,42.5,paypal,Europe
2856,6cd6f011-fd61-413b-b7f2-5d368bddcee3,2026-07-18 08:38:47,50mm Double Sided Tape,Packaging,10,5.75,57.5,bank_transfer,Europe
2857,e2280fe3-722d-4e13-87a4-8c4246653497,2025-12-16 21:45:11,50mm Double Sided Tape,Packaging,3,5.75,17.25,debit_card,Middle East
2858,e6b3c944-cb32-4e35-b922-bac282dc4c8e,2026-04-17 11:05:11,Ergonomic Keyboard,Electronics,2,65.0,130.0,paypal,South America
2859,c2aef674-8beb-4e78-a683-73a3bb82b796,2026-04-24 17:23:43,Furry Gloves (Black) S,Clothing,10,15.5,155.0,bank_transfer,Africa
2860,7ba24588-4d56-4a3d-b4e7-069aa4540937,2026-03-04 22:38:36,Ergonomic Keyboard,Electronics,2,65.0,130.0,cash,South America
2861,bdd151b0-f64a-46ec-b0a5-648eefe9b3d0,2026-09-25 10:29:34,Magic Flashing Fruit Bowl,Novelty Items,8,34.0,272.0,bank_transfer,Europe
2862,4ebfa5c3-cae9-44a7-aa79-ea680f44704f,2026-05-11 18:49:43,Developer Flashing Fish Hat,Novelty Items,8,18.75,150.0,credit_card,Europe
2863,a921cb4c-95fb-4976-ae00-7b7e2f8c83e5,2025-11-20 09:16:18,Furry Gloves (Black) S,Clothing,5,15.5,77.5,credit_card,Europe
2864,e8334da5-de95-4695-b579-c1437ab99428,2026-01-15 07:35:42,Packaging Tape Dispenser,Packaging,4,22.5,90.0,debit_card,Africa
2865,cc9803de-12de-4e5a-b387-928a29a3db6d,2026-08-02 14:51:08,USB Food Flash Drive - Chocolate,Novelty Items,2,12.0,24.0,bank_transfer,North America
2866,42c21797-0426-4cc9-a55b-30e2bdc2b74b,2026-01-14 17:44:10,Air Cushion Machine,Packaging,1,1850.0,1850.0,debit_card,Asia Pacific
2867,cc3ebdde-5ad5-4f06-b64d-7c877cd0129d,2026-07-06 01:46:03,Superhero Mask (Red),Costumes,7,11.25,78.75,bank_transfer,North America
2868,88d00abd-cbb1-4c79-9036-708dd9a09007,2026-03-27 23:13:35,Developer Flashing Fish Hat,Novelty Items,4,18.75,75.0,cash,Middle East
2869,a5e15b55-57d3-44dd-9963-dc7205c8234b,2025-12-27 23:36:03,Packaging Tape Dispenser,Packaging,6,22.5,135.0,paypal,Africa
2870,3db788a6-1cdc-44c2-a2c9-65b27eb0f62a,2026-05-31 06:46:06,Ergonomic Keyboard,Electronics,3,65.0,195.0,cash,North America
2871,2812859a-1337-439e-8d4f-5d272c7f0b79,2026-01-24 13:25:44,RC Mini Monster Truck,Toys,3,28.0,84.0,paypal,Asia Pacific
2872,84d67c4f-f0df-4684-b28e-41225894f7f1,2026-07-02 04:01:41,Ergonomic Keyboard,Electronics,10,65.0,650.0,debit_card,Asia Pacific
2873,0e5dd462-cbd0-4ef2-930a-37df0bc61066,2026-09-26 13:51:44,Air Cushion Machine,Packaging,2,1850.0,3700.0,bank_transfer,South America
2874,86bb42c7-d8b2-48b6-9c65-4aa2c63ce21d,2026-04-14 09:58:38,Giant Chocolate Snake 1.2m,Confectionery,5,45.0,225.0,cash,Africa
2875,5844f9fc-114b-4547-89dc-72b85b6a8102,2025-12-22 09:27:25,USB Food Flash Drive - Chocolate,Novelty Items,3,12.0,36.0,credit_card,Africa
2876,35a240ae-5af3-4553-9ec4-2e0829a3b2e9,2025-11-22 06:43:24,USB Food Flash Drive - Chocolate,Novelty Items,4,12.0,48.0,bank_transfer,South America
2877,84ef4324-cc1b-4157-ac9f-9c545e0a72ab,2025-11-27 08:44:24,Alien Egg Fidget Ball,Novelty Items,1,6.25,6.25,cash,Asia Pacific
2878,d9178793-a9d3-42e6-905c-c6869f871ce7,2026-09-01 20:34:36,Developer Flashing Fish Hat,Novelty Items,5,18.75,93.75,cash,North America
2879,1e52d770-3f89-4142-be71-6b1415ce6a66,2025-11-03 09:52:29,Developer Flashing Fish Hat,Novelty Items,7,18.75,131.25,debit_card,Asia Pacific
2880,8471b4b0-ae1b-4f69-b740-d83173318749,2026-03-30 05:00:10,Packaging Tape Dispenser,Packaging,7,22.5,157.5,paypal,North America
2881,284c03d2-27d4-45b6-8d77-c5a0e222b6a6,2025-12-11 16:56:01,Ergonomic Keyboard,Electronics,5,65.0,325.0,credit_card,North America
2882,f280df1d-9a6c-4db9-9217-1c884ce953a7,2026-09-19 15:57:19,Giant Chocolate Snake 1.2m,Confectionery,7,45.0,315.0,bank_transfer,South America
2883,fa34d2e8-dd3f-4d7e-a508-dc9513a4a492,2026-07-09 16:44:56,Alien Egg Fidget Ball,Novelty Items,4,6.25,25.0,debit_card,Middle East
2884,3818cfd3-3889-436a-9d58-17e85e175b66,2026-03-27 12:23:48,Alien Egg Fidget Ball,Novelty Items,9,6.25,56.25,bank_transfer,Middle East
2885,02571851-26a9-4100-b509-109b116658ce,2025-11-08 17:55:43,Clear Ethernet Cable 2m,Electronics,2,9.99,19.98,credit_card,Africa
2886,2812859a-1337-439e-8d4f-5d272c7f0b79,2026-08-16 10:11:25,Air Cushion Machine,Packaging,2,1850.0,3700.0,credit_card,North America
2887,a7edc8d8-713f-4f8c-ac8b-e53758ab4778,2026-06-27 11:42:03,RC Mini Monster Truck,Toys,1,28.0,28.0,paypal,South America
2888,2790cebd-bfdd-43d9-9ee3-ac2af94d6204,2026-08-30 00:29:19,USB Food Flash Drive - Chocolate,Novelty Items,9,12.0,108.0,paypal,South America
2889,a879d8f8-9042-4eb7-8b04-0f53e63949d4,2026-02-06 18:26:01,RC Mini Monster Truck,Toys,10,28.0,280.0,bank_transfer,Asia Pacific
2890,980402a2-b07a-4066-b354-35ea68949b8d,2026-06-22 00:22:39,Clear Ethernet Cable 2m,Electronics,2,9.99,19.98,paypal,Asia Pacific
2891,4ac66780-3874-4f3c-82d4-9b56cbbed980,2026-02-17 13:53:53,Air Cushion Machine,Packaging,3,1850.0,5550.0,debit_card,Europe
2892,588a3f87-f96d-40f8-bed6-3da08033f5c2,2026-07-08 05:03:23,Giant Chocolate Snake 1.2m,Confectionery,5,45.0,225.0,cash,Europe
2893,8f9797b0-6d7c-43c9-b4a6-9f3c8d3aed99,2025-10-30 20:56:08,50mm Double Sided Tape,Packaging,1,5.75,5.75,debit_card,Middle East
2894,6cac028c-ba22-4065-9526-0718cd180a82,2026-05-07 06:00:16,RC Mini Monster Truck,Toys,10,28.0,280.0,paypal,Africa
2895,fef518a6-4dea-4645-8986-bbebf23e323d,2026-05-04 05:03:47,Air Cushion Machine,Packaging,3,1850.0,5550.0,credit_card,South America
2896,3c9d128a-2176-4930-b6d7-0248a995ecc3,2026-01-26 10:01:56,Ride On Dinosaur Costume,Costumes,6,145.0,870.0,bank_transfer,South America
2897,9feefdff-c566-4a81-b15e-54f6d4d30795,2026-09-16 19:28:23,Novelty Chilli Chocolates 250g,Confectionery,8,8.5,68.0,paypal,North America
2898,8409c5ea-cde9-48b3-b922-a7e42de982f8,2026-01-30 03:27:30,Ride On Dinosaur Costume,Costumes,5,145.0,725.0,credit_card,South America
2899,1cd66b09-cf0e-4d2b-b15c-167a45d8a6ad,2026-09-01 06:55:45,Giant Chocolate Snake 1.2m,Confectionery,1,45.0,45.0,paypal,Asia Pacific
2900,732e2016-add7-42c9-a747-b93c9ae77eab,2025-12-05 19:42:54,Magic Flashing Fruit Bowl,Novelty Items,1,34.0,34.0,debit_card,Asia Pacific
2901,c8acffcf-a04d-4d14-997d-bae10bc2ea72,2026-07-09 02:12:05,USB Food Flash Drive - Chocolate,Novelty Items,1,12.0,12.0,credit_card,Middle East
2902,249204c7-ad58-4b1b-be31-537aa43e558c,2026-07-08 05:16:24,Giant Chocolate Snake 1.2m,Confectionery,5,45.0,225.0,debit_card,Middle East
2903,baeb286b-f0d0-470f-94d1-3d551db6b844,2026-09-30 18:57:00,Packaging Tape Dispenser,Packaging,3,22.5,67.5,debit_card,North America
2904,46feacd4-fe13-43cd-8f2d-5c15eb346d3a,2026-07-04 14:10:34,USB Food Flash Drive - Chocolate,Novelty Items,5,12.0,60.0,paypal,Asia Pacific
2905,8ece1128-56ce-4b42-bc9e-1dcbcb7e6268,2026-06-10 07:27:17,Ergonomic Keyboard,Electronics,6,65.0,390.0,paypal,Africa
2906,a847bce7-90fa-4b57-a4ac-2130deaf528d,2025-12-12 06:18:19,Ergonomic Keyboard,Electronics,5,65.0,325.0,bank_transfer,North America
2907,45c45a3e-e9da-484a-8075-9f1f87e5f0fe,2026-08-09 21:26:46,Superhero Mask (Red),Costumes,6,11.25,67.5,paypal,Middle East
2908,67fd64c4-a334-458a-abd2-b5121335e5db,2026-02-23 01:00:39,Furry Gloves (Black) S,Clothing,10,15.5,155.0,credit_card,Europe
2909,75366b9f-320f-42c0-9dde-01889803b22e,2026-04-21 05:36:25,Giant Chocolate Snake 1.2m,Confectionery,9,45.0,405.0,credit_card,South America
2910,e8334da5-de95-4695-b579-c1437ab99428,2025-12-31 17:44:35,Clear Ethernet Cable 2m,Electronics,4,9.99,39.96,debit_card,Europe
2911,ed7bf656-218a-4536-8c99-a894445dcc38,2025-11-21 18:50:23,Ergonomic Keyboard,Electronics,1,65.0,65.0,cash,Africa
2912,39e58ff0-92f8-47d4-8750-3f1dc33a1f6c,2025-12-22 16:55:57,50mm Double Sided Tape,Packaging,7,5.75,40.25,debit_card,Africa
2913,e7b33085-178b-4968-a0f8-7ba2cf2e3296,2026-08-09 06:14:48,USB Food Flash Drive - Chocolate,Novelty Items,4,12.0,48.0,bank_transfer,Africa
2914,b6ca1127-e9f8-4970-8d98-f9e28d888beb,2025-11-28 14:05:09,USB Food Flash Drive - Chocolate,Novelty Items,5,12.0,60.0,cash,Asia Pacific
2915,4d3485c5-c5c1-4eb4-b27b-3d901a16342c,2026-01-05 14:12:03,RC Mini Monster Truck,Toys,9,28.0,252.0,paypal,Africa
2916,87d5b7be-1d30-4990-a21b-030782af085c,2026-08-08 14:28:14,Developer Flashing Fish Hat,Novelty Items,6,18.75,112.5,cash,Asia Pacific
2917,680bac63-b856-4035-bdc9-829015eabb27,2026-04-15 12:16:40,Alien Egg Fidget Ball,Novelty Items,5,6.25,31.25,credit_card,Middle East
2918,dfdf0e05-c0ce-431b-9038-e153c601818b,2025-10-15 20:38:40,Packaging Tape Dispenser,Packaging,6,22.5,135.0,cash,North America
2919,c5a11f5c-ad05-4912-9ab2-8d4a8bd88fcd,2026-02-22 19:27:32,Clear Ethernet Cable 2m,Electronics,8,9.99,79.92,paypal,Europe
2920,109fd8ee-b5a4-4200-98f0-dd23aaf78c67,2026-05-08 19:30:49,USB Food Flash Drive - Chocolate,Novelty Items,1,12.0,12.0,debit_card,Asia Pacific
2921,67f5ae02-af5b-4f47-8eae-71cfce000af0,2026-05-15 21:40:18,Giant Chocolate Snake 1.2m,Confectionery,3,45.0,135.0,paypal,Middle East
2922,bf1e8366-4b8e-43d4-8e76-07adf7a67b94,2026-02-25 22:09:39,Packaging Tape Dispenser,Packaging,3,22.5,67.5,bank_transfer,Europe
2923,d58842de-a2bc-472f-b412-b29347294739,2026-04-05 04:11:52,USB Food Flash Drive - Chocolate,Novelty Items,5,12.0,60.0,bank_transfer,North America
2924,4e35da80-a027-4a18-a576-a4100d41ee47,2026-08-13 18:19:47,Air Cushion Machine,Packaging,5,1850.0,9250.0,cash,North America
2925,8eac0a33-cdf9-44a7-9882-b5c1f79efd70,2026-05-07 21:22:54,Novelty Chilli Chocolates 250g,Confectionery,8,8.5,68.0,credit_card,Asia Pacific
2926,080aadfb-e7c9-4b26-9141-25c63a9bedd4,2025-11-25 01:12:54,Developer Flashing Fish Hat,Novelty Items,1,18.75,18.75,paypal,South America
2927,4ac66780-3874-4f3c-82d4-9b56cbbed980,2026-05-31 07:25:54,Developer Flashing Fish Hat,Novelty Items,5,18.75,93.75,cash,Africa
2928,ab3b4d37-560c-45ee-a38c-254c076e2bba,2026-09-14 01:26:02,Furry Gloves (Black) S,Clothing,9,15.5,139.5,credit_card,Africa
2929,f6ee5cdb-2d79-42d1-906e-50c77aa061e9,2025-11-08 03:14:46,Alien Egg Fidget Ball,Novelty Items,3,6.25,18.75,debit_card,Asia Pacific
2930,a881bfd3-d47d-477b-ba5a-91ca059dd55d,2025-10-31 04:28:35,Magic Flashing Fruit Bowl,Novelty Items,2,34.0,68.0,debit_card,North America
2931,3985fb62-17dc-4eff-a872-13f98d605936,2026-02-02 18:27:29,Ergonomic Keyboard,Electronics,6,65.0,390.0,bank_transfer,Asia Pacific
2932,3cf88d20-fbad-493f-87a1-ec0234879e41,2026-03-09 06:46:46,Clear Ethernet Cable 2m,Electronics,2,9.99,19.98,paypal,Europe
2933,32c5bd89-b70b-4420-b104-3785658b2523,2026-07-11 01:57:54,Magic Flashing Fruit Bowl,Novelty Items,5,34.0,170.0,cash,Asia Pacific
2934,46feacd4-fe13-43cd-8f2d-5c15eb346d3a,2026-07-11 20:00:38,Giant Chocolate Snake 1.2m,Confectionery,6,45.0,270.0,cash,South America
2935,4ab7706e-b773-40ca-aec2-59dc7f95897c,2026-04-09 13:08:30,Giant Chocolate Snake 1.2m,Confectionery,4,45.0,180.0,debit_card,Asia Pacific
2936,45c45a3e-e9da-484a-8075-9f1f87e5f0fe,2026-04-27 19:29:54,Packaging Tape Dispenser,Packaging,4,22.5,90.0,paypal,North America
2937,69785221-7fb7-4c57-8b8c-031fa5b40983,2026-03-14 04:32:51,Alien Egg Fidget Ball,Novelty Items,10,6.25,62.5,bank_transfer,Middle East
2938,624a2a50-d0b1-4de0-b1f3-f0c022f3f068,2026-07-31 08:47:34,Ride On Dinosaur Costume,Costumes,7,145.0,1015.0,bank_transfer,North America
2939,38d77b9a-e916-4a57-b248-23ab177a8a5f,2026-03-13 15:51:24,Ride On Dinosaur Costume,Costumes,9,145.0,1305.0,paypal,Middle East
2940,eef16694-50ca-432d-8aba-590ee2c328aa,2026-08-21 09:44:20,RC Mini Monster Truck,Toys,6,28.0,168.0,paypal,Asia Pacific
2941,ebc92914-5176-49d1-9a36-24d62e9ce8ff,2026-05-16 22:07:15,Ergonomic Keyboard,Electronics,7,65.0,455.0,bank_transfer,Asia Pacific
2942,c17af08a-1745-46d8-be57-0ddf827050a8,2025-11-03 07:03:58,Novelty Chilli Chocolates 250g,Confectionery,9,8.5,76.5,bank_transfer,North America
2943,8167999f-e723-4da3-8c32-bdb2d42a895e,2025-11-23 07:47:23,Furry Gloves (Black) S,Clothing,3,15.5,46.5,paypal,South America
2944,ad9fb00d-4882-473c-9c63-45ab6e0ed1e8,2026-02-05 18:34:18,Magic Flashing Fruit Bowl,Novelty Items,9,34.0,306.0,debit_card,Middle East
2945,b6ca1127-e9f8-4970-8d98-f9e28d888beb,2026-06-12 02:41:21,Packaging Tape Dispenser,Packaging,10,22.5,225.0,paypal,North America
2946,acf5e81e-7131-4269-b118-e36477097749,2025-11-03 10:55:40,Furry Gloves (Black) S,Clothing,7,15.5,108.5,bank_transfer,Africa
2947,a1e518a2-93d2-48d4-a465-5c397d4d2add,2026-03-29 09:43:33,Novelty Chilli Chocolates 250g,Confectionery,8,8.5,68.0,cash,Asia Pacific
2948,ce9e1a11-fcbb-4e59-bbdd-cf7c9c96e9ec,2026-04-04 13:32:23,Superhero Mask (Red),Costumes,1,11.25,11.25,credit_card,Europe
2949,3ce915e7-c9d6-463b-8a3c-6f5f5bb5c40c,2026-06-26 18:44:05,Superhero Mask (Red),Costumes,2,11.25,22.5,cash,North America
2950,75ac824c-2c55-4ef7-b4e9-573450521700,2026-04-24 13:48:16,Superhero Mask (Red),Costumes,5,11.25,56.25,bank_transfer,Africa
2951,6ba25efe-311c-4eb6-a095-eef68dedf9fb,2026-02-16 10:46:12,Developer Flashing Fish Hat,Novelty Items,1,18.75,18.75,cash,Africa
2952,24e9bcfd-9647-4f9f-b508-507af622d842,2025-11-24 11:49:29,Packaging Tape Dispenser,Packaging,1,22.5,22.5,debit_card,Middle East
2953,cb881c32-cbb0-4a8b-9908-a121d1a7ba20,2026-09-11 14:50:29,Ride On Dinosaur Costume,Costumes,9,145.0,1305.0,bank_transfer,South America
2954,45c45a3e-e9da-484a-8075-9f1f87e5f0fe,2026-08-23 15:00:01,Air Cushion Machine,Packaging,3,1850.0,5550.0,paypal,Africa
2955,3fead90a-21f8-472d-9db7-570eb390b059,2026-08-04 16:14:14,RC Mini Monster Truck,Toys,1,28.0,28.0,bank_transfer,Middle East
2956,6fb78271-504d-481f-8953-5b63ba81edd9,2026-05-07 18:10:48,50mm Double Sided Tape,Packaging,4,5.75,23.0,credit_card,North America
2957,e6e59b32-ac5f-42ef-8085-c1471e910f36,2026-06-11 02:58:16,Ride On Dinosaur Costume,Costumes,10,145.0,1450.0,credit_card,Middle East
2958,4ac9778d-8da8-4ee4-8df5-6ac6f96b648a,2026-05-21 22:13:20,USB Food Flash Drive - Chocolate,Novelty Items,4,12.0,48.0,credit_card,Asia Pacific
2959,5fbbf0b1-8083-49c8-a57e-01c90da23e5c,2025-12-15 07:40:44,Novelty Chilli Chocolates 250g,Confectionery,9,8.5,76.5,bank_transfer,North America
2960,e05fb8bc-8a16-406c-8958-e75e21d53971,2026-07-30 19:54:11,RC Mini Monster Truck,Toys,2,28.0,56.0,bank_transfer,Asia Pacific
2961,50834fef-6dec-4bbd-b697-77a159fe3d53,2025-11-24 18:20:02,Ride On Dinosaur Costume,Costumes,4,145.0,580.0,cash,Europe
2962,02571851-26a9-4100-b509-109b116658ce,2026-03-22 15:57:15,Superhero Mask (Red),Costumes,10,11.25,112.5,bank_transfer,Africa
2963,4f3949a8-3d3a-4582-88b4-f4743be79df4,2026-04-18 22:41:23,Magic Flashing Fruit Bowl,Novelty Items,2,34.0,68.0,debit_card,Africa
2964,a33dc7af-d701-410d-bf4b-1a70c074718e,2026-09-24 08:06:47,Novelty Chilli Chocolates 250g,Confectionery,3,8.5,25.5,debit_card,South America
2965,c29cfc0c-fa02-4aec-96ef-2ad6b97e6703,2026-09-07 19:58:43,Packaging Tape Dispenser,Packaging,9,22.5,202.5,bank_transfer,Asia Pacific
2966,fb37afae-cd85-43ca-993e-638d774c0afa,2025-10-27 04:08:41,Alien Egg Fidget Ball,Novelty Items,5,6.25,31.25,credit_card,Middle East
2967,fb37afae-cd85-43ca-993e-638d774c0afa,2026-08-24 12:47:01,Ergonomic Keyboard,Electronics,6,65.0,390.0,paypal,Asia Pacific
2968,d49405f0-2cd2-4404-a48e-40f1d0421dfa,2025-11-22 20:55:30,Clear Ethernet Cable 2m,Electronics,2,9.99,19.98,bank_transfer,Asia Pacific
2969,e61ede90-0267-4eb3-aab6-12c9415d174a,2026-04-24 20:43:17,Ride On Dinosaur Costume,Costumes,1,145.0,145.0,bank_transfer,North America
2970,d453dd32-4b0d-4b41-8d52-88f1142c3fe8,2025-12-04 01:52:02,Magic Flashing Fruit Bowl,Novelty Items,7,34.0,238.0,cash,Europe
2971,5ffa46ef-14e4-480c-be99-36a362dbc850,2026-01-31 18:18:21,Novelty Chilli Chocolates 250g,Confectionery,10,8.5,85.0,credit_card,Europe
2972,e0827f76-11a5-49b4-a6a3-02d6f43e8c48,2025-12-08 14:22:29,Ride On Dinosaur Costume,Costumes,8,145.0,1160.0,bank_transfer,Europe
2973,39681c81-7b70-43b8-a81f-dec3279c658a,2025-12-07 13:18:04,Novelty Chilli Chocolates 250g,Confectionery,3,8.5,25.5,cash,Middle East
2974,131eb723-3bcd-4203-859e-e67473e7f042,2026-02-07 23:04:33,Air Cushion Machine,Packaging,6,1850.0,11100.0,cash,Asia Pacific
2975,a092f52a-d4a0-47a7-b0cc-1b3b9793b9b4,2026-10-03 16:02:52,Packaging Tape Dispenser,Packaging,2,22.5,45.0,debit_card,Europe
2976,07f97d05-f6ca-4b8b-a4b1-f99175424646,2026-07-08 03:06:51,Giant Chocolate Snake 1.2m,Confectionery,10,45.0,450.0,bank_transfer,Africa
2977,25440fe0-6e41-4d47-9ff5-95ea5bc440f1,2026-01-01 05:11:42,Superhero Mask (Red),Costumes,3,11.25,33.75,paypal,Asia Pacific
2978,36136e15-f200-4261-8d29-d1ab345512f7,2026-02-17 00:49:42,USB Food Flash Drive - Chocolate,Novelty Items,8,12.0,96.0,bank_transfer,Middle East
2979,a7edc8d8-713f-4f8c-ac8b-e53758ab4778,2026-04-25 04:08:15,Giant Chocolate Snake 1.2m,Confectionery,3,45.0,135.0,cash,Africa
2980,ce7ae7f6-3982-4cff-8f77-a665ac3c5640,2026-09-18 04:58:25,Packaging Tape Dispenser,Packaging,5,22.5,112.5,paypal,Middle East
2981,c1836315-330f-4be1-a689-b4247a3a10e1,2026-01-23 23:10:54,Magic Flashing Fruit Bowl,Novelty Items,6,34.0,204.0,cash,Asia Pacific
2982,ff01cf99-988c-44c9-a1b1-cd2262801c45,2026-08-30 04:20:00,USB Food Flash Drive - Chocolate,Novelty Items,1,12.0,12.0,debit_card,South America
2983,28524385-d9f2-4d0d-8cc9-f5f2e42e5037,2025-11-05 06:41:14,USB Food Flash Drive - Chocolate,Novelty Items,2,12.0,24.0,bank_transfer,Europe
2984,647dc392-9c7e-4575-a37d-dcd698d3148b,2026-01-10 23:28:13,Furry Gloves (Black) S,Clothing,4,15.5,62.0,debit_card,North America
2985,75366b9f-320f-42c0-9dde-01889803b22e,2025-12-20 21:19:34,RC Mini Monster Truck,Toys,3,28.0,84.0,bank_transfer,Asia Pacific
2986,8a63f881-ffd0-49d5-a6f2-f7b80cf35b58,2026-06-09 06:49:14,RC Mini Monster Truck,Toys,2,28.0,56.0,cash,Europe
2987,f4655a21-cb35-497a-a5dd-98f1c8a738ab,2026-05-07 13:52:25,USB Food Flash Drive - Chocolate,Novelty Items,1,12.0,12.0,credit_card,Asia Pacific
2988,ea87855e-a382-45d3-9e0e-f546b0b6dedf,2026-01-20 05:43:43,Furry Gloves (Black) S,Clothing,6,15.5,93.0,credit_card,South America
2989,13087974-ec95-43ac-8beb-7c3445667c48,2025-11-23 06:19:53,Developer Flashing Fish Hat,Novelty Items,2,18.75,37.5,bank_transfer,Asia Pacific
2990,f791f1e5-43f9-4d6b-b97e-be8798cf1188,2026-06-05 09:17:25,Ride On Dinosaur Costume,Costumes,10,145.0,1450.0,debit_card,South America
2991,ef2ddcc4-8df6-41da-9f07-c1a5dfc620ce,2026-01-31 06:11:22,Alien Egg Fidget Ball,Novelty Items,8,6.25,50.0,paypal,South America
2992,c7332304-4822-4120-84f9-eccd7630a8a7,2026-06-01 06:32:46,Air Cushion Machine,Packaging,3,1850.0,5550.0,cash,South America
2993,3f22faf8-23be-401d-83cf-2fde24933b83,2026-04-30 20:02:07,USB Food Flash Drive - Chocolate,Novelty Items,10,12.0,120.0,credit_card,South America
2994,3cf88d20-fbad-493f-87a1-ec0234879e41,2025-11-10 22:28:32,Novelty Chilli Chocolates 250g,Confectionery,3,8.5,25.5,credit_card,Europe
2995,f5141058-3138-4975-bbf3-3a349c2dfa97,2026-04-18 19:58:51,Furry Gloves (Black) S,Clothing,7,15.5,108.5,cash,North America
2996,0f79a8a7-5f8a-44bd-b4bd-0c938177b661,2026-06-11 14:05:44,Developer Flashing Fish Hat,Novelty Items,3,18.75,56.25,cash,Asia Pacific
2997,8f7c1d59-594b-4a3a-bad4-65a15129950d,2025-12-10 03:27:36,Air Cushion Machine,Packaging,4,1850.0,7400.0,bank_transfer,Middle East
2998,21c71aa3-7414-43b5-8e3e-25f2cf0671c7,2026-05-23 11:42:51,Developer Flashing Fish Hat,Novelty Items,6,18.75,112.5,cash,South America
2999,d9e604b3-8412-4335-988c-656db61e5fdb,2026-05-19 03:40:38,Furry Gloves (Black) S,Clothing,2,15.5,31.0,bank_transfer,Africa
3000,3990e2c9-4c6a-40f4-8ede-c44d476cf68c,2025-12-04 12:51:16,Clear Ethernet Cable 2m,Electronics,2,9.99,19.98,credit_card,South America
3001,e8dd5e5a-1712-4b16-a1a4-344fbb7bee03,2025-12-11 03:21:54,Furry Gloves (Black) S,Clothing,9,15.5,139.5,credit_card,North America
3002,474a493b-3ced-4f2d-839f-bc501223b513,2026-06-18 11:29:42,Ergonomic Keyboard,Electronics,4,65.0,260.0,cash,Middle East
3003,398d1ca6-8b68-40b5-9d61-fac36cd5e859,2026-06-05 04:13:39,Developer Flashing Fish Hat,Novelty Items,1,18.75,18.75,paypal,Europe
3004,bb026576-f512-44c3-b253-d2186c4a37ea,2026-07-12 12:26:38,Clear Ethernet Cable 2m,Electronics,6,9.99,59.94,debit_card,Europe
3005,a7edc8d8-713f-4f8c-ac8b-e53758ab4778,2026-09-20 22:55:02,USB Food Flash Drive - Chocolate,Novelty Items,9,12.0,108.0,debit_card,Middle East
3006,3967e60a-823d-4107-9c8a-c066cb2fafa3,2026-05-28 15:57:47,RC Mini Monster Truck,Toys,10,28.0,280.0,paypal,Asia Pacific
3007,9a3b0319-32f5-4510-a4ee-b4a6c14565c7,2026-02-13 18:30:08,Magic Flashing Fruit Bowl,Novelty Items,1,34.0,34.0,credit_card,Middle East
3008,69a53b4f-8ff8-469d-8ec0-713dea2c7a51,2026-08-28 20:36:30,Ergonomic Keyboard,Electronics,5,65.0,325.0,credit_card,North America
3009,9261549d-3d22-4c30-b28f-41defb140bc3,2026-09-29 11:18:32,Developer Flashing Fish Hat,Novelty Items,7,18.75,131.25,debit_card,Europe
3010,714c7df4-e434-4d51-8158-1092f335cba3,2026-05-12 12:57:38,RC Mini Monster Truck,Toys,1,28.0,28.0,debit_card,Middle East
3011,e886a011-36f7-426c-9a9c-06792c3d17e2,2025-10-21 15:37:06,Superhero Mask (Red),Costumes,6,11.25,67.5,credit_card,South America
3012,3fead90a-21f8-472d-9db7-570eb390b059,2026-08-22 03:25:09,Ergonomic Keyboard,Electronics,2,65.0,130.0,cash,Middle East
3013,da509fed-1d4a-4d81-b3a7-d0e0cb08587d,2026-09-06 02:41:02,50mm Double Sided Tape,Packaging,1,5.75,5.75,credit_card,Asia Pacific
3014,e2789642-a484-4035-b30f-aaa36b52f93c,2025-10-16 16:07:11,Magic Flashing Fruit Bowl,Novelty Items,10,34.0,340.0,credit_card,Middle East
3015,aca2b148-da33-4aa1-941c-dfcdda0d4a5f,2025-11-06 04:42:41,Ergonomic Keyboard,Electronics,3,65.0,195.0,credit_card,North America
3016,a4704d48-5128-49b1-b8ed-e0ca20156a72,2025-10-23 07:23:39,Novelty Chilli Chocolates 250g,Confectionery,8,8.5,68.0,debit_card,Africa
3017,d284f54e-febe-40db-9a3a-61036e3c4532,2026-06-11 18:26:30,Developer Flashing Fish Hat,Novelty Items,7,18.75,131.25,paypal,South America
3018,ff5e9ff0-ff50-4de4-b825-67b85cabcc97,2026-08-01 02:06:32,Novelty Chilli Chocolates 250g,Confectionery,1,8.5,8.5,debit_card,Middle East
3019,0f79a8a7-5f8a-44bd-b4bd-0c938177b661,2026-05-17 15:33:26,Magic Flashing Fruit Bowl,Novelty Items,7,34.0,238.0,credit_card,Middle East
3020,1b19d8b8-d830-4081-afcc-57dd168fae12,2026-01-16 10:25:53,Ergonomic Keyboard,Electronics,1,65.0,65.0,bank_transfer,Africa
3021,24e9bcfd-9647-4f9f-b508-507af622d842,2026-06-15 12:37:51,Ride On Dinosaur Costume,Costumes,7,145.0,1015.0,bank_transfer,Middle East
3022,ef2ddcc4-8df6-41da-9f07-c1a5dfc620ce,2025-12-26 12:32:10,Ride On Dinosaur Costume,Costumes,2,145.0,290.0,credit_card,Middle East
3023,6e8f75a1-17dd-4d81-95da-705cd4ef00aa,2026-07-30 12:14:08,RC Mini Monster Truck,Toys,6,28.0,168.0,debit_card,Europe
3024,7ed70ed7-b194-490b-a961-929e546e035a,2026-05-15 20:21:53,Clear Ethernet Cable 2m,Electronics,1,9.99,9.99,debit_card,North America
3025,b04d3376-77fc-4703-9fd5-a423706c5c56,2026-03-16 10:31:47,Magic Flashing Fruit Bowl,Novelty Items,1,34.0,34.0,bank_transfer,Africa
3026,f5141058-3138-4975-bbf3-3a349c2dfa97,2026-06-02 16:50:52,Furry Gloves (Black) S,Clothing,9,15.5,139.5,credit_card,North America
3027,a284e8fd-755c-4e2a-b8de-d777bb1e5ae8,2026-06-10 19:29:21,Superhero Mask (Red),Costumes,4,11.25,45.0,credit_card,North America
3028,d9e604b3-8412-4335-988c-656db61e5fdb,2025-10-17 09:56:41,Novelty Chilli Chocolates 250g,Confectionery,3,8.5,25.5,debit_card,Europe
3029,f41ea3ac-5fd2-4109-8140-752caa448259,2026-04-17 01:42:39,Novelty Chilli Chocolates 250g,Confectionery,6,8.5,51.0,cash,Africa
3030,7f2984f5-bec3-4a37-9b3d-74bde91e314e,2026-09-15 21:42:40,RC Mini Monster Truck,Toys,4,28.0,112.0,debit_card,Middle East
3031,9adf4709-ac75-4344-a08e-149e44b9e602,2026-06-06 05:15:07,Clear Ethernet Cable 2m,Electronics,8,9.99,79.92,credit_card,Africa
3032,4ab7706e-b773-40ca-aec2-59dc7f95897c,2026-05-05 12:48:37,USB Food Flash Drive - Chocolate,Novelty Items,2,12.0,24.0,cash,South America
3033,d1e91691-a320-4116-a22d-f6a48163b6ce,2026-01-26 03:35:42,Ergonomic Keyboard,Electronics,6,65.0,390.0,debit_card,Asia Pacific
3034,5168bbf2-97af-4bde-bc8e-9d782d14e9f4,2026-06-11 22:40:09,50mm Double Sided Tape,Packaging,5,5.75,28.75,paypal,Middle East
3035,586a346a-dc5b-47d1-bcef-1972bbf483ce,2026-01-30 23:22:51,Alien Egg Fidget Ball,Novelty Items,4,6.25,25.0,paypal,Europe
3036,8d38bbd8-fba6-4bf7-8dbc-c65377a7e8b7,2026-04-11 05:01:54,50mm Double Sided Tape,Packaging,9,5.75,51.75,credit_card,North America
3037,588a3f87-f96d-40f8-bed6-3da08033f5c2,2026-01-08 18:05:14,Developer Flashing Fish Hat,Novelty Items,7,18.75,131.25,cash,Asia Pacific
3038,4639447b-2067-4dac-88bd-13d1b540b30e,2026-08-14 03:53:48,Alien Egg Fidget Ball,Novelty Items,2,6.25,12.5,debit_card,Middle East
3039,a2224f96-23a1-4e20-bfd2-55eeac484366,2026-08-15 04:42:02,Air Cushion Machine,Packaging,5,1850.0,9250.0,cash,South America
3040,2ace1aa9-1032-46b3-a55b-fc1c7e3d5ee4,2026-06-28 16:14:13,USB Food Flash Drive - Chocolate,Novelty Items,6,12.0,72.0,debit_card,North America
3041,605fb1eb-4cc5-4e0d-a633-20186883ac6e,2026-03-12 08:42:59,Air Cushion Machine,Packaging,8,1850.0,14800.0,bank_transfer,North America
3042,9c3de1b0-022b-4683-9033-da6587cf63fd,2026-01-29 03:56:39,Novelty Chilli Chocolates 250g,Confectionery,8,8.5,68.0,credit_card,Europe
3043,4a1dab32-6aed-4dc7-a3e0-5309b5a1b949,2026-03-30 18:59:50,Alien Egg Fidget Ball,Novelty Items,10,6.25,62.5,paypal,North America
3044,f2dcb12b-0f7a-4302-ac2e-28150a3217d2,2025-11-02 23:49:03,Novelty Chilli Chocolates 250g,Confectionery,5,8.5,42.5,cash,Asia Pacific
3045,9bdc70d1-9cbf-4b8c-b410-2d5d1db14bfc,2026-06-30 02:00:12,Ergonomic Keyboard,Electronics,1,65.0,65.0,bank_transfer,Asia Pacific
3046,398d1ca6-8b68-40b5-9d61-fac36cd5e859,2025-10-28 22:05:22,Ergonomic Keyboard,Electronics,1,65.0,65.0,debit_card,Asia Pacific
3047,93e34c35-ef0a-473d-93d2-d56dd0401587,2025-12-06 01:04:34,Ride On Dinosaur Costume,Costumes,7,145.0,1015.0,credit_card,Africa
3048,31d4ee09-8fd3-4afc-91fd-fa4f0d18ab95,2026-03-25 09:04:47,Alien Egg Fidget Ball,Novelty Items,1,6.25,6.25,paypal,North America
3049,f633cc2d-eba9-40e1-aa7d-5d964ba17233,2026-03-16 01:32:06,RC Mini Monster Truck,Toys,10,28.0,280.0,paypal,Europe
3050,0f6b40d0-9efb-458b-9191-b3634e2d6645,2026-04-11 17:12:26,Furry Gloves (Black) S,Clothing,10,15.5,155.0,credit_card,Europe
3051,c7332304-4822-4120-84f9-eccd7630a8a7,2026-04-04 00:34:27,50mm Double Sided Tape,Packaging,10,5.75,57.5,bank_transfer,Africa
3052,a1e518a2-93d2-48d4-a465-5c397d4d2add,2025-12-23 21:17:31,RC Mini Monster Truck,Toys,1,28.0,28.0,credit_card,Middle East
3053,8950ddd6-27c6-4bb1-8edd-069df96c9a0a,2026-02-14 18:29:03,Clear Ethernet Cable 2m,Electronics,5,9.99,49.95,cash,Asia Pacific
3054,5a9a206a-16f1-42a2-86b9-19aa1a7167c7,2026-05-29 06:08:35,Clear Ethernet Cable 2m,Electronics,10,9.99,99.9,cash,Middle East
3055,f7164b73-c555-43ed-be89-56c8d9cb3540,2025-11-30 10:44:56,Alien Egg Fidget Ball,Novelty Items,3,6.25,18.75,bank_transfer,Asia Pacific
3056,935f2b0a-a138-4ddc-a2d9-de5d6a18ce4c,2026-02-04 01:08:23,50mm Double Sided Tape,Packaging,4,5.75,23.0,credit_card,Europe
3057,4ca415ea-8dfa-4a56-912d-bc9aaaf91531,2026-09-05 05:16:57,Furry Gloves (Black) S,Clothing,5,15.5,77.5,debit_card,Middle East
3058,8f7c1d59-594b-4a3a-bad4-65a15129950d,2026-07-11 15:17:13,Alien Egg Fidget Ball,Novelty Items,6,6.25,37.5,bank_transfer,North America
3059,d4578ad9-a867-4096-add8-77c89be71737,2026-02-06 15:54:15,Magic Flashing Fruit Bowl,Novelty Items,5,34.0,170.0,paypal,Africa
3060,11ce5dd2-b45e-41f0-b139-d32c93cd59bf,2026-07-17 18:53:50,Alien Egg Fidget Ball,Novelty Items,10,6.25,62.5,credit_card,Europe
3061,9c3de1b0-022b-4683-9033-da6587cf63fd,2026-09-04 22:41:10,Magic Flashing Fruit Bowl,Novelty Items,6,34.0,204.0,paypal,South America
3062,a5e5a5ab-aefc-4ad8-afc8-9849b3aa7efe,2026-02-16 18:44:47,Ergonomic Keyboard,Electronics,8,65.0,520.0,bank_transfer,North America
3063,35adde88-43e4-4668-82ea-d2df725656e3,2026-03-09 11:58:04,Ergonomic Keyboard,Electronics,1,65.0,65.0,paypal,Asia Pacific
3064,2834e4c0-14c8-43b4-a911-d19243bfd931,2025-11-25 10:29:18,Giant Chocolate Snake 1.2m,Confectionery,9,45.0,405.0,bank_transfer,North America
3065,4ca9cf07-b1aa-4f6a-aa96-e1e27194eae2,2026-07-28 01:34:16,Magic Flashing Fruit Bowl,Novelty Items,2,34.0,68.0,cash,Middle East
3066,25b8a42f-836b-45c7-a7c2-25da73069588,2026-02-26 13:20:40,Developer Flashing Fish Hat,Novelty Items,2,18.75,37.5,debit_card,Europe
3067,c34b9fbb-8d4a-45b8-951a-c8ea585a0afa,2026-04-23 15:37:20,Furry Gloves (Black) S,Clothing,5,15.5,77.5,bank_transfer,South America
3068,6a34c854-1071-4d51-b6c5-9dacb4d7e28e,2026-05-11 18:37:42,Air Cushion Machine,Packaging,3,1850.0,5550.0,cash,Africa
3069,6fb78271-504d-481f-8953-5b63ba81edd9,2025-11-15 21:21:56,Novelty Chilli Chocolates 250g,Confectionery,4,8.5,34.0,credit_card,South America
3070,bade8d5d-6fff-45cc-b2dc-6c344f67448e,2026-02-06 14:02:07,Giant Chocolate Snake 1.2m,Confectionery,9,45.0,405.0,bank_transfer,Middle East
3071,79928faa-4cbf-431d-901b-cdefb56ff8ce,2026-01-07 12:49:11,Developer Flashing Fish Hat,Novelty Items,1,18.75,18.75,debit_card,North America
3072,8c0b393a-1333-4bc9-bb63-5ff529310971,2026-04-04 19:29:57,50mm Double Sided Tape,Packaging,5,5.75,28.75,paypal,North America
3073,0b95017c-5dae-4201-a73b-a8bdc38c1dec,2025-11-22 05:38:48,Giant Chocolate Snake 1.2m,Confectionery,6,45.0,270.0,credit_card,Middle East
3074,3170f437-a8f7-4f5a-860e-df5b39118497,2026-01-17 12:40:35,Air Cushion Machine,Packaging,6,1850.0,11100.0,credit_card,Middle East
3075,272c0588-84a2-476c-9fc9-05f8d4d60735,2026-03-29 06:11:53,Ergonomic Keyboard,Electronics,2,65.0,130.0,credit_card,South America
3076,8f7c1d59-594b-4a3a-bad4-65a15129950d,2026-01-09 22:25:52,Air Cushion Machine,Packaging,6,1850.0,11100.0,paypal,Africa
3077,4a0d2b73-fe54-4e4b-80ff-517323dfecd7,2025-11-29 08:44:04,Clear Ethernet Cable 2m,Electronics,2,9.99,19.98,bank_transfer,Europe
3078,3e5a87e3-5560-4b22-896b-5edb0cf2b69b,2025-11-12 06:00:35,Ride On Dinosaur Costume,Costumes,1,145.0,145.0,cash,Europe
3079,15bc2a3e-bf76-45d7-b97c-6c3c755d814b,2025-10-25 07:20:06,Developer Flashing Fish Hat,Novelty Items,7,18.75,131.25,paypal,Asia Pacific
3080,8da0365b-f898-47b9-805c-acec877409a9,2026-01-26 08:37:53,Alien Egg Fidget Ball,Novelty Items,10,6.25,62.5,debit_card,Europe
3081,8b2d158a-cd5a-4324-be7c-80e9a1791e93,2026-03-03 20:11:44,Novelty Chilli Chocolates 250g,Confectionery,5,8.5,42.5,debit_card,Middle East
3082,bf6b8cdf-7479-4b61-a737-2b527a6a2107,2026-09-06 06:15:02,Novelty Chilli Chocolates 250g,Confectionery,2,8.5,17.0,debit_card,Europe
3083,6a66c184-7de1-4f5d-af48-47f068bd075b,2026-06-01 15:23:35,Packaging Tape Dispenser,Packaging,9,22.5,202.5,cash,Africa
3084,6e3f683a-bf3c-4140-bf54-a51101fa964e,2026-03-17 00:57:28,Developer Flashing Fish Hat,Novelty Items,4,18.75,75.0,cash,North America
3085,bdf66ba5-dc9c-46de-a5a6-74c212738a23,2026-01-10 01:42:23,Giant Chocolate Snake 1.2m,Confectionery,3,45.0,135.0,credit_card,North America
3086,8685abaa-7a76-4555-a987-b218ff84faef,2026-09-06 16:54:36,RC Mini Monster Truck,Toys,4,28.0,112.0,cash,Middle East
3087,bc20b9f2-4a9c-489e-91b3-0182f7fe604f,2026-09-21 01:48:22,Giant Chocolate Snake 1.2m,Confectionery,9,45.0,405.0,bank_transfer,Middle East
3088,f4655a21-cb35-497a-a5dd-98f1c8a738ab,2025-12-06 16:10:06,50mm Double Sided Tape,Packaging,2,5.75,11.5,cash,North America
3089,e8334da5-de95-4695-b579-c1437ab99428,2026-08-17 13:49:22,Magic Flashing Fruit Bowl,Novelty Items,8,34.0,272.0,cash,Middle East
3090,f81dbaa1-c812-4a8e-b830-89301327f1bc,2026-02-09 19:34:57,Ergonomic Keyboard,Electronics,6,65.0,390.0,debit_card,Middle East
3091,dea45c19-d024-4d72-b748-967f961d33ba,2026-10-03 06:51:17,Alien Egg Fidget Ball,Novelty Items,4,6.25,25.0,debit_card,Europe
3092,fef518a6-4dea-4645-8986-bbebf23e323d,2026-05-18 00:05:35,Air Cushion Machine,Packaging,8,1850.0,14800.0,credit_card,Africa
3093,f6ee5cdb-2d79-42d1-906e-50c77aa061e9,2026-07-12 17:03:49,Air Cushion Machine,Packaging,8,1850.0,14800.0,bank_transfer,Europe
3094,1c221cea-b355-46a5-b2bd-92f29293f705,2026-02-04 02:22:26,USB Food Flash Drive - Chocolate,Novelty Items,6,12.0,72.0,cash,North America
3095,636f6e5c-2253-4706-87ad-8b268eaa5841,2025-12-18 09:02:30,RC Mini Monster Truck,Toys,6,28.0,168.0,bank_transfer,Middle East
3096,49e64c22-89a0-47eb-b98f-569b465cc2cb,2026-07-29 00:27:59,Air Cushion Machine,Packaging,8,1850.0,14800.0,bank_transfer,South America
3097,e2280fe3-722d-4e13-87a4-8c4246653497,2025-12-06 12:50:19,Magic Flashing Fruit Bowl,Novelty Items,3,34.0,102.0,cash,South America
3098,7d1645a0-d253-4966-836b-9a0a41e02a89,2026-04-17 03:49:52,Furry Gloves (Black) S,Clothing,7,15.5,108.5,cash,Africa
3099,de9e3757-5260-401e-aecf-67d2749176f4,2026-04-23 13:14:34,Ride On Dinosaur Costume,Costumes,10,145.0,1450.0,paypal,Europe
3100,e1805081-5958-4499-aeea-163e21e8ac68,2026-04-04 22:41:31,Developer Flashing Fish Hat,Novelty Items,2,18.75,37.5,bank_transfer,Asia Pacific
3101,a7edc8d8-713f-4f8c-ac8b-e53758ab4778,2026-04-17 08:26:13,Packaging Tape Dispenser,Packaging,3,22.5,67.5,bank_transfer,Africa
3102,3c9d128a-2176-4930-b6d7-0248a995ecc3,2026-09-12 01:14:19,RC Mini Monster Truck,Toys,4,28.0,112.0,debit_card,Asia Pacific
3103,6703b636-5380-4904-a88c-7015aab97e49,2026-02-02 11:27:55,Novelty Chilli Chocolates 250g,Confectionery,3,8.5,25.5,bank_transfer,Europe
3104,a921cb4c-95fb-4976-ae00-7b7e2f8c83e5,2026-04-16 19:29:12,Furry Gloves (Black) S,Clothing,9,15.5,139.5,bank_transfer,Africa
3105,939f71a2-f99c-4a5c-b65a-d0f14350ab06,2025-10-14 15:40:42,USB Food Flash Drive - Chocolate,Novelty Items,3,12.0,36.0,credit_card,Asia Pacific
3106,acdabacc-1165-4210-9854-3881118a9d29,2025-11-09 14:58:41,Novelty Chilli Chocolates 250g,Confectionery,3,8.5,25.5,debit_card,Middle East
3107,eadc9960-4242-41e2-960b-e0f495132c22,2026-03-07 08:56:33,Superhero Mask (Red),Costumes,9,11.25,101.25,bank_transfer,Asia Pacific
3108,d4ea120a-5e65-4654-8e90-58b609a0a0f6,2026-04-19 22:44:36,Developer Flashing Fish Hat,Novelty Items,3,18.75,56.25,cash,South America
3109,d9178793-a9d3-42e6-905c-c6869f871ce7,2026-04-01 05:21:29,50mm Double Sided Tape,Packaging,5,5.75,28.75,paypal,Europe
3110,1dc1e7eb-711c-4673-8535-1a69dabf984e,2026-01-07 03:24:47,Magic Flashing Fruit Bowl,Novelty Items,10,34.0,340.0,credit_card,Africa
3111,f166cdcf-762c-4fbc-ba2a-a7baf3f81c31,2025-12-28 04:57:03,Novelty Chilli Chocolates 250g,Confectionery,2,8.5,17.0,paypal,Asia Pacific
3112,1e5ebe54-5907-4299-9c3b-bdd8a74e02a9,2026-05-20 04:49:15,RC Mini Monster Truck,Toys,7,28.0,196.0,bank_transfer,Africa
3113,4bbe4aff-9326-4ffd-9be4-bf5192698698,2026-02-19 16:52:49,Superhero Mask (Red),Costumes,7,11.25,78.75,bank_transfer,Africa
3114,4d16f049-44d7-4f9a-a38b-05b72b64777c,2025-10-24 13:11:11,Ride On Dinosaur Costume,Costumes,3,145.0,435.0,cash,Middle East
3115,69be173a-850e-40ad-9872-f72ee5b4a1ae,2025-10-25 06:43:49,USB Food Flash Drive - Chocolate,Novelty Items,3,12.0,36.0,credit_card,Middle East
3116,7d1645a0-d253-4966-836b-9a0a41e02a89,2026-01-22 22:05:27,Magic Flashing Fruit Bowl,Novelty Items,6,34.0,204.0,bank_transfer,Asia Pacific
3117,c85aca46-90e0-44a0-bbdd-3933cbd58bf6,2026-04-15 20:24:28,Developer Flashing Fish Hat,Novelty Items,8,18.75,150.0,cash,Africa
3118,e1b243cc-cf76-4343-bced-f994d631c383,2026-05-25 16:56:17,Magic Flashing Fruit Bowl,Novelty Items,5,34.0,170.0,credit_card,South America
3119,b65feea9-7d82-4264-9ba3-62e7afa415e5,2026-09-13 07:39:34,Alien Egg Fidget Ball,Novelty Items,8,6.25,50.0,credit_card,Middle East
3120,e7ba26ac-ab7a-4d1c-8cfe-f6833e11bafe,2026-08-28 23:35:16,Packaging Tape Dispenser,Packaging,9,22.5,202.5,cash,Asia Pacific
3121,4a1dab32-6aed-4dc7-a3e0-5309b5a1b949,2026-06-16 17:48:18,Alien Egg Fidget Ball,Novelty Items,6,6.25,37.5,paypal,South America
3122,88d00abd-cbb1-4c79-9036-708dd9a09007,2026-06-23 20:00:21,Ride On Dinosaur Costume,Costumes,1,145.0,145.0,debit_card,Asia Pacific
3123,b6d1f6bb-f48f-409c-89a2-24410ac4de85,2026-04-06 09:50:49,Packaging Tape Dispenser,Packaging,5,22.5,112.5,cash,Europe
3124,8beddb12-ad77-482f-89a2-3a89e6b5a92c,2026-01-24 15:01:39,USB Food Flash Drive - Chocolate,Novelty Items,6,12.0,72.0,debit_card,North America
3125,3c6a3174-1136-44a5-a050-9c6208e895d7,2026-05-02 01:58:48,Alien Egg Fidget Ball,Novelty Items,5,6.25,31.25,bank_transfer,South America
3126,3cb98350-1b4d-40fe-bbb3-8605da743152,2025-10-08 19:52:43,RC Mini Monster Truck,Toys,3,28.0,84.0,paypal,Middle East
3127,e886a011-36f7-426c-9a9c-06792c3d17e2,2026-08-30 15:52:42,Furry Gloves (Black) S,Clothing,2,15.5,31.0,debit_card,Africa
3128,5e84f058-d5a8-44eb-8939-23de8babce3b,2025-11-16 09:36:18,Alien Egg Fidget Ball,Novelty Items,3,6.25,18.75,debit_card,Middle East
3129,f633cc2d-eba9-40e1-aa7d-5d964ba17233,2026-03-22 00:11:51,Superhero Mask (Red),Costumes,9,11.25,101.25,debit_card,North America
3130,0075d3d5-ba94-4a66-ad7e-4a452099e71f,2025-11-26 16:01:25,Magic Flashing Fruit Bowl,Novelty Items,1,34.0,34.0,cash,Middle East
3131,b2b9437a-28df-4ec4-8e4a-2bbdc241330b,2026-09-13 08:44:35,Furry Gloves (Black) S,Clothing,4,15.5,62.0,bank_transfer,North America
3132,7f671eec-3da7-4577-aee1-e86b9ea556aa,2026-01-16 08:43:32,Developer Flashing Fish Hat,Novelty Items,4,18.75,75.0,cash,Asia Pacific
3133,7f7f6c0a-07c0-4116-a394-ed549e3c5a88,2026-07-15 04:31:34,50mm Double Sided Tape,Packaging,8,5.75,46.0,debit_card,Asia Pacific
3134,4eea9db8-f165-4779-8154-7950176de21f,2026-02-24 16:57:15,Alien Egg Fidget Ball,Novelty Items,2,6.25,12.5,credit_card,Asia Pacific
3135,b43bd27f-42a2-49a6-8664-12854303cbc1,2026-07-29 07:19:14,RC Mini Monster Truck,Toys,7,28.0,196.0,paypal,North America
3136,25440fe0-6e41-4d47-9ff5-95ea5bc440f1,2026-03-11 06:15:36,Superhero Mask (Red),Costumes,3,11.25,33.75,credit_card,Europe
3137,81b15db9-88cc-4d49-a69b-29b8950df1a0,2026-02-24 18:26:35,Furry Gloves (Black) S,Clothing,2,15.5,31.0,debit_card,Africa
3138,06e745f9-88bc-439c-9f4c-3b79fb10987f,2025-10-23 05:20:57,USB Food Flash Drive - Chocolate,Novelty Items,6,12.0,72.0,cash,Europe
3139,1e5ebe54-5907-4299-9c3b-bdd8a74e02a9,2026-03-10 05:21:03,Alien Egg Fidget Ball,Novelty Items,8,6.25,50.0,cash,Africa
3140,d6b361e4-3b6d-4a0d-afe5-040b1901ef87,2025-10-25 12:29:02,Furry Gloves (Black) S,Clothing,2,15.5,31.0,paypal,North America
3141,7c13f47a-c80c-4195-8b65-84ce7acc9970,2026-05-15 03:04:11,Clear Ethernet Cable 2m,Electronics,2,9.99,19.98,cash,Europe
3142,03ece8ff-e8b3-4763-b4ff-3f3a4d9dbaeb,2026-05-11 20:10:20,Air Cushion Machine,Packaging,9,1850.0,16650.0,credit_card,Africa
3143,7c16128d-b2c0-4394-a17f-29e170286046,2025-12-20 05:58:43,Giant Chocolate Snake 1.2m,Confectionery,1,45.0,45.0,debit_card,Middle East
3144,af521b94-f186-447a-a794-63208cf6e8b8,2026-02-23 10:37:34,Clear Ethernet Cable 2m,Electronics,4,9.99,39.96,debit_card,Europe
3145,adedda80-bff9-407d-8d14-a03e83599af6,2026-05-08 12:04:16,Ergonomic Keyboard,Electronics,3,65.0,195.0,debit_card,Africa
3146,12a4def0-c4bb-47a9-9988-68dd9c7c7377,2026-01-25 17:37:21,Ergonomic Keyboard,Electronics,5,65.0,325.0,debit_card,Africa
3147,962c04dd-25d0-4461-859c-15740f3f0f48,2025-11-03 05:01:31,RC Mini Monster Truck,Toys,2,28.0,56.0,cash,Africa
3148,9a1de644-815e-46d1-bb8f-aa1837f8a88b,2026-03-04 16:41:30,50mm Double Sided Tape,Packaging,4,5.75,23.0,bank_transfer,North America
3149,aa0217d0-cd4f-4b2b-899a-c252c1e1b94a,2026-04-19 11:39:42,Ergonomic Keyboard,Electronics,9,65.0,585.0,debit_card,Africa
3150,f020e992-b576-455e-9854-9f222102f9c9,2026-03-29 13:16:00,Ride On Dinosaur Costume,Costumes,1,145.0,145.0,paypal,Middle East
3151,6f962882-95d8-4980-bf37-d19c2e76128b,2026-07-29 12:25:20,Clear Ethernet Cable 2m,Electronics,10,9.99,99.9,paypal,Asia Pacific
3152,b6ca1127-e9f8-4970-8d98-f9e28d888beb,2026-05-07 04:41:57,Packaging Tape Dispenser,Packaging,3,22.5,67.5,paypal,South America
3153,ea11905b-51fa-4efa-96f8-9f7ac2fa1da8,2026-01-22 06:50:43,RC Mini Monster Truck,Toys,5,28.0,140.0,bank_transfer,Asia Pacific
3154,a383889a-db2c-4ac8-9c67-83932ced3c0d,2026-08-22 04:07:07,Furry Gloves (Black) S,Clothing,7,15.5,108.5,paypal,Middle East
3155,5e84f058-d5a8-44eb-8939-23de8babce3b,2026-06-04 16:41:32,Ergonomic Keyboard,Electronics,5,65.0,325.0,debit_card,North America
3156,a4bbf962-606e-4e1c-8f15-84494f40c22f,2026-06-26 21:26:04,RC Mini Monster Truck,Toys,5,28.0,140.0,bank_transfer,Europe
3157,30a900ad-939b-462d-a645-f129629c2ae3,2026-05-30 22:59:40,Air Cushion Machine,Packaging,7,1850.0,12950.0,debit_card,Asia Pacific
3158,3a7e8e14-e359-4ee1-b399-1a476e191042,2025-11-20 19:03:31,Developer Flashing Fish Hat,Novelty Items,2,18.75,37.5,bank_transfer,Africa
3159,96ee50e5-1f87-4b46-80a0-473a23d7e6a1,2025-11-24 14:53:21,Ride On Dinosaur Costume,Costumes,8,145.0,1160.0,bank_transfer,Middle East
3160,98ae4334-6c12-4ce8-ae34-0454cac5b68c,2025-11-12 04:47:47,Clear Ethernet Cable 2m,Electronics,4,9.99,39.96,paypal,Europe
3161,a2cd1590-58af-493c-8aa2-b4c93ba5bd76,2026-03-07 15:06:30,Packaging Tape Dispenser,Packaging,4,22.5,90.0,bank_transfer,North America
3162,9261549d-3d22-4c30-b28f-41defb140bc3,2026-02-27 14:07:13,Packaging Tape Dispenser,Packaging,6,22.5,135.0,paypal,Asia Pacific
3163,19e45c6a-c9c2-4e69-982c-75654bb907ec,2026-08-10 08:38:19,Clear Ethernet Cable 2m,Electronics,8,9.99,79.92,bank_transfer,Europe
3164,def57689-68f4-4bce-a4e7-5e8eb8f21423,2026-02-14 08:09:49,RC Mini Monster Truck,Toys,1,28.0,28.0,bank_transfer,Africa
3165,effa2002-3040-413c-8690-fb1527b608dc,2026-05-10 07:01:45,Air Cushion Machine,Packaging,6,1850.0,11100.0,credit_card,Europe
3166,49c13de7-3b42-46c5-885b-15fb4a8ff810,2026-10-05 07:17:40,Ergonomic Keyboard,Electronics,7,65.0,455.0,cash,South America
3167,49f1137d-7d59-4e19-aab7-b2ef8e0ec033,2026-02-24 15:21:29,Packaging Tape Dispenser,Packaging,4,22.5,90.0,credit_card,Middle East
3168,ce7ae7f6-3982-4cff-8f77-a665ac3c5640,2026-07-25 20:26:42,Magic Flashing Fruit Bowl,Novelty Items,6,34.0,204.0,cash,Middle East
3169,dba6fdf8-f3d0-4ffb-8470-9848929ecc92,2025-11-30 16:19:44,Novelty Chilli Chocolates 250g,Confectionery,1,8.5,8.5,bank_transfer,North America
3170,2c82989f-fd9c-4bb0-91f1-6485429a4a7c,2025-12-21 23:00:49,Furry Gloves (Black) S,Clothing,6,15.5,93.0,paypal,Middle East
3171,a4364fcd-f2d3-4761-8ba3-627914cb0564,2026-05-27 15:01:17,USB Food Flash Drive - Chocolate,Novelty Items,1,12.0,12.0,debit_card,Europe
3172,06e745f9-88bc-439c-9f4c-3b79fb10987f,2026-04-21 09:01:31,Packaging Tape Dispenser,Packaging,4,22.5,90.0,cash,Asia Pacific
3173,a881bfd3-d47d-477b-ba5a-91ca059dd55d,2026-03-10 12:51:30,Superhero Mask (Red),Costumes,4,11.25,45.0,debit_card,Europe
3174,fd72b050-96a9-454f-9c33-e1f94c1f55ab,2026-04-17 20:43:25,Developer Flashing Fish Hat,Novelty Items,7,18.75,131.25,cash,Africa
3175,d777a477-4c66-40a8-a013-ac6ededa4e16,2025-10-21 06:51:45,Air Cushion Machine,Packaging,1,1850.0,1850.0,credit_card,Middle East
3176,50ee7a92-a091-41e0-b891-b0c3dd3f487e,2025-10-23 05:55:03,USB Food Flash Drive - Chocolate,Novelty Items,9,12.0,108.0,bank_transfer,North America
3177,45c45a3e-e9da-484a-8075-9f1f87e5f0fe,2025-10-20 18:21:51,Ride On Dinosaur Costume,Costumes,5,145.0,725.0,credit_card,South America
3178,00d4af59-7427-4ca3-a87d-06ca6f4cc69a,2025-11-27 20:55:52,Giant Chocolate Snake 1.2m,Confectionery,4,45.0,180.0,paypal,Africa
3179,5efeef4f-d8dd-4bc0-b325-3aa3ec170298,2026-07-09 18:49:04,USB Food Flash Drive - Chocolate,Novelty Items,7,12.0,84.0,bank_transfer,South America
3180,ecb4678c-1612-4aa6-be96-39ba0ed2ec9d,2026-02-11 23:49:26,Superhero Mask (Red),Costumes,5,11.25,56.25,credit_card,North America
3181,e7bbaefc-8f3d-497f-a6b0-da0ab98f5dbe,2026-08-13 21:09:52,USB Food Flash Drive - Chocolate,Novelty Items,9,12.0,108.0,bank_transfer,North America
3182,77242041-1e43-4bd2-aaf4-07f70fe76149,2026-04-07 15:16:30,Novelty Chilli Chocolates 250g,Confectionery,9,8.5,76.5,debit_card,North America
3183,c0582da5-a757-475b-947f-83b1bc69c155,2026-04-25 08:11:29,50mm Double Sided Tape,Packaging,10,5.75,57.5,bank_transfer,South America
3184,8950ddd6-27c6-4bb1-8edd-069df96c9a0a,2026-04-01 03:06:06,Superhero Mask (Red),Costumes,10,11.25,112.5,paypal,Europe
3185,72f60958-12ef-4101-a082-786fca00ef58,2025-12-02 11:53:14,Clear Ethernet Cable 2m,Electronics,9,9.99,89.91,credit_card,Europe
3186,4d6168bd-2def-4193-9c62-b3a23a3c563e,2026-05-29 02:25:02,Alien Egg Fidget Ball,Novelty Items,8,6.25,50.0,credit_card,Europe
3187,c7e53bbb-dcb5-4c53-9b62-a8df493e904d,2026-09-17 12:15:01,Giant Chocolate Snake 1.2m,Confectionery,10,45.0,450.0,bank_transfer,Europe
3188,1238d630-743b-45a2-9c0f-2fcfb3f6fe0d,2026-04-23 20:31:17,Clear Ethernet Cable 2m,Electronics,2,9.99,19.98,bank_transfer,Middle East
3189,8beddb12-ad77-482f-89a2-3a89e6b5a92c,2025-11-28 22:30:46,Alien Egg Fidget Ball,Novelty Items,8,6.25,50.0,cash,Middle East
3190,a5e5a5ab-aefc-4ad8-afc8-9849b3aa7efe,2026-02-10 00:31:22,Air Cushion Machine,Packaging,7,1850.0,12950.0,bank_transfer,Africa
3191,76492e64-f55d-4e6d-ad26-8b378f5242d3,2026-10-02 08:38:43,Clear Ethernet Cable 2m,Electronics,6,9.99,59.94,cash,Africa
3192,398d1ca6-8b68-40b5-9d61-fac36cd5e859,2026-05-31 17:52:07,USB Food Flash Drive - Chocolate,Novelty Items,8,12.0,96.0,cash,North America
3193,09ce3cfb-2339-4a19-a563-7cc3ca97ebf5,2026-02-06 08:34:29,Clear Ethernet Cable 2m,Electronics,4,9.99,39.96,paypal,Asia Pacific
3194,937bf79b-bb44-4adc-aa98-fef8d0d75e37,2025-12-07 18:17:18,Magic Flashing Fruit Bowl,Novelty Items,2,34.0,68.0,paypal,Europe
3195,e21342b0-f1ee-4ba3-9343-2e611ca3c448,2026-03-07 06:15:42,Ride On Dinosaur Costume,Costumes,2,145.0,290.0,cash,South America
3196,d9df0d0e-225a-4d6c-b045-8043e3a68a70,2026-06-02 01:51:38,Air Cushion Machine,Packaging,8,1850.0,14800.0,debit_card,North America
3197,1dc1e7eb-711c-4673-8535-1a69dabf984e,2026-07-19 18:36:56,Ride On Dinosaur Costume,Costumes,7,145.0,1015.0,bank_transfer,Middle East
3198,a5e15b55-57d3-44dd-9963-dc7205c8234b,2026-08-28 21:16:44,50mm Double Sided Tape,Packaging,10,5.75,57.5,debit_card,North America
3199,25074181-8d1f-4540-b4ef-f5453e652603,2026-01-29 20:43:33,Furry Gloves (Black) S,Clothing,8,15.5,124.0,bank_transfer,Europe
3200,dfdf0e05-c0ce-431b-9038-e153c601818b,2026-05-24 05:34:28,50mm Double Sided Tape,Packaging,6,5.75,34.5,debit_card,North America
3201,53f30073-83e9-4ef4-ad7d-f5d0d3b59af7,2026-02-13 06:53:15,Developer Flashing Fish Hat,Novelty Items,10,18.75,187.5,bank_transfer,North America
3202,baeb286b-f0d0-470f-94d1-3d551db6b844,2026-04-20 16:10:41,Alien Egg Fidget Ball,Novelty Items,4,6.25,25.0,cash,Asia Pacific
3203,e8cda0cc-76da-4ca0-92e8-2f38a2a9d4d8,2026-08-23 07:52:34,Packaging Tape Dispenser,Packaging,8,22.5,180.0,debit_card,Europe
3204,3240d7a1-4027-4b7d-9430-29a9d88f1c94,2026-04-21 14:32:22,Ergonomic Keyboard,Electronics,8,65.0,520.0,cash,Africa
3205,7603c36c-f139-4e3c-8aee-25571f5df912,2026-04-30 09:25:35,50mm Double Sided Tape,Packaging,2,5.75,11.5,credit_card,Asia Pacific
3206,0e0630cd-996d-4c50-bc04-a168652ffb49,2026-04-13 21:21:41,50mm Double Sided Tape,Packaging,2,5.75,11.5,debit_card,North America
3207,0b570720-9cd8-458b-a5a1-c8252a9528c3,2026-07-07 21:35:36,Ride On Dinosaur Costume,Costumes,9,145.0,1305.0,credit_card,South America
3208,939f71a2-f99c-4a5c-b65a-d0f14350ab06,2026-05-12 06:29:38,Air Cushion Machine,Packaging,8,1850.0,14800.0,credit_card,North America
3209,da52d2ee-22bf-48f5-9f65-2a87333ee344,2026-01-30 01:54:37,RC Mini Monster Truck,Toys,7,28.0,196.0,debit_card,Africa
3210,3c6a3174-1136-44a5-a050-9c6208e895d7,2026-04-08 01:58:46,Furry Gloves (Black) S,Clothing,9,15.5,139.5,debit_card,Africa
3211,f020e992-b576-455e-9854-9f222102f9c9,2026-08-18 10:59:23,Superhero Mask (Red),Costumes,9,11.25,101.25,bank_transfer,North America
3212,f75d599f-6b2d-4b09-8707-9ad480be7e35,2025-10-12 02:43:38,Alien Egg Fidget Ball,Novelty Items,2,6.25,12.5,paypal,Africa
3213,67f5ae02-af5b-4f47-8eae-71cfce000af0,2026-02-25 17:00:12,RC Mini Monster Truck,Toys,5,28.0,140.0,paypal,Middle East
3214,35145890-84c8-4c46-a359-5fa4b4adaf89,2026-02-11 07:02:11,RC Mini Monster Truck,Toys,6,28.0,168.0,debit_card,South America
3215,0463750e-4964-4b96-ba3c-1628892621df,2026-06-24 07:59:25,Alien Egg Fidget Ball,Novelty Items,9,6.25,56.25,debit_card,Middle East
3216,a4364fcd-f2d3-4761-8ba3-627914cb0564,2025-11-17 05:14:54,50mm Double Sided Tape,Packaging,6,5.75,34.5,cash,Europe
3217,0db95301-afbb-411a-a123-5a8c93b7a886,2026-03-16 10:05:47,Ergonomic Keyboard,Electronics,8,65.0,520.0,paypal,Africa
3218,c7fee39f-1190-4938-a66f-d7f739669fa7,2026-05-20 08:09:28,50mm Double Sided Tape,Packaging,3,5.75,17.25,cash,Africa
3219,1ff49b78-8946-4e85-b59c-de66bacfb3d0,2026-02-02 03:25:29,Superhero Mask (Red),Costumes,8,11.25,90.0,paypal,Asia Pacific
3220,a59b457f-c0d7-4c73-895f-fa8140d92bce,2026-08-11 01:57:10,Ride On Dinosaur Costume,Costumes,3,145.0,435.0,credit_card,North America
3221,7bf47042-bd15-41c8-b764-fbda3108d448,2026-09-19 16:46:34,Alien Egg Fidget Ball,Novelty Items,4,6.25,25.0,credit_card,Middle East
3222,8f9797b0-6d7c-43c9-b4a6-9f3c8d3aed99,2026-07-14 08:10:16,Ergonomic Keyboard,Electronics,6,65.0,390.0,credit_card,Middle East
3223,06e745f9-88bc-439c-9f4c-3b79fb10987f,2026-09-09 08:12:45,Ergonomic Keyboard,Electronics,10,65.0,650.0,credit_card,Europe
3224,d847dc53-c605-458a-8845-4343ddb449dc,2026-06-29 20:41:28,Giant Chocolate Snake 1.2m,Confectionery,9,45.0,405.0,debit_card,Europe
3225,620d4a1f-479f-4628-9674-eb650f9c5300,2026-06-07 00:47:33,Giant Chocolate Snake 1.2m,Confectionery,1,45.0,45.0,debit_card,Europe
3226,c1836315-330f-4be1-a689-b4247a3a10e1,2025-10-16 00:01:45,Alien Egg Fidget Ball,Novelty Items,7,6.25,43.75,paypal,Europe
3227,51a1f5df-06ac-4010-ae08-69c1453b45fe,2026-05-25 11:15:38,Magic Flashing Fruit Bowl,Novelty Items,7,34.0,238.0,paypal,Middle East
3228,21813d25-6552-48a6-83ff-50113d1a85dd,2026-04-07 23:09:40,Packaging Tape Dispenser,Packaging,4,22.5,90.0,cash,South America
3229,ae8a7813-90e0-495b-a97c-392387fa841a,2026-01-16 18:34:57,USB Food Flash Drive - Chocolate,Novelty Items,4,12.0,48.0,debit_card,Europe
3230,e6b3c944-cb32-4e35-b922-bac282dc4c8e,2026-06-17 06:12:37,Magic Flashing Fruit Bowl,Novelty Items,2,34.0,68.0,cash,Middle East
3231,250a4578-fbe9-4499-9bc0-80fd46fb7bf3,2026-08-05 16:51:13,Giant Chocolate Snake 1.2m,Confectionery,7,45.0,315.0,cash,Middle East
3232,35adde88-43e4-4668-82ea-d2df725656e3,2026-08-03 02:00:50,Magic Flashing Fruit Bowl,Novelty Items,5,34.0,170.0,cash,Africa
3233,7de31a51-6694-4343-90ba-58e3d2762bdc,2026-05-18 07:25:52,RC Mini Monster Truck,Toys,8,28.0,224.0,debit_card,North America
3234,0f6b40d0-9efb-458b-9191-b3634e2d6645,2026-05-17 23:36:09,Furry Gloves (Black) S,Clothing,4,15.5,62.0,credit_card,Middle East
3235,c7fee39f-1190-4938-a66f-d7f739669fa7,2026-01-02 00:30:58,Ride On Dinosaur Costume,Costumes,3,145.0,435.0,bank_transfer,North America
3236,69be173a-850e-40ad-9872-f72ee5b4a1ae,2026-07-12 19:35:46,Developer Flashing Fish Hat,Novelty Items,2,18.75,37.5,credit_card,South America
3237,19e45c6a-c9c2-4e69-982c-75654bb907ec,2025-10-25 14:19:28,Packaging Tape Dispenser,Packaging,8,22.5,180.0,bank_transfer,Europe
3238,a5e15b55-57d3-44dd-9963-dc7205c8234b,2026-05-20 06:29:27,Alien Egg Fidget Ball,Novelty Items,9,6.25,56.25,credit_card,South America
3239,53ffd3a2-4a19-4501-8169-b9fcc3a00c6f,2026-04-10 05:46:01,Packaging Tape Dispenser,Packaging,7,22.5,157.5,bank_transfer,Africa
3240,a5cc8bf7-38ab-454c-9c2e-58deea4e3617,2025-12-10 20:56:50,Ergonomic Keyboard,Electronics,6,65.0,390.0,cash,Europe
3241,d847dc53-c605-458a-8845-4343ddb449dc,2026-04-27 05:51:33,Packaging Tape Dispenser,Packaging,2,22.5,45.0,cash,South America
3242,a921cb4c-95fb-4976-ae00-7b7e2f8c83e5,2026-06-06 22:35:59,Ride On Dinosaur Costume,Costumes,5,145.0,725.0,debit_card,Asia Pacific
3243,13aec376-c359-410a-b1a6-014c5f3c44dc,2026-07-12 17:34:15,Packaging Tape Dispenser,Packaging,8,22.5,180.0,paypal,Africa
3244,3c9d128a-2176-4930-b6d7-0248a995ecc3,2026-06-03 08:00:57,USB Food Flash Drive - Chocolate,Novelty Items,9,12.0,108.0,bank_transfer,Africa
3245,e5d7b875-6dad-46c7-95a7-6d79bf3c4c06,2026-08-02 11:30:43,Developer Flashing Fish Hat,Novelty Items,3,18.75,56.25,paypal,Asia Pacific
3246,75366b9f-320f-42c0-9dde-01889803b22e,2026-08-28 07:54:20,Furry Gloves (Black) S,Clothing,6,15.5,93.0,bank_transfer,South America
3247,db842660-f5d8-4b91-ae60-81ac2dd0622e,2026-03-02 07:17:25,Magic Flashing Fruit Bowl,Novelty Items,9,34.0,306.0,debit_card,Asia Pacific
3248,5254aad3-809c-4839-90ce-82e8e9a53368,2025-12-02 01:01:44,Developer Flashing Fish Hat,Novelty Items,3,18.75,56.25,credit_card,South America
3249,5005680f-24c7-48a5-9b4e-164b5716dc2e,2026-08-20 18:05:52,Ergonomic Keyboard,Electronics,6,65.0,390.0,debit_card,North America
3250,dea45c19-d024-4d72-b748-967f961d33ba,2026-06-27 00:29:39,Magic Flashing Fruit Bowl,Novelty Items,5,34.0,170.0,credit_card,Europe
3251,5c63b6f3-06ba-4cd3-be78-38c9ca55e38b,2026-01-07 17:05:43,RC Mini Monster Truck,Toys,5,28.0,140.0,credit_card,Middle East
3252,8e4c3ab5-6d5d-4477-adc2-9178a0411612,2025-10-17 21:55:05,Alien Egg Fidget Ball,Novelty Items,1,6.25,6.25,paypal,Africa
3253,9b49bd26-df57-459a-8715-a10343dac043,2026-05-16 00:24:05,Ergonomic Keyboard,Electronics,7,65.0,455.0,paypal,Europe
3254,c9ea356a-7abf-4ebf-942c-b1ae19f738cb,2026-07-04 16:59:16,Giant Chocolate Snake 1.2m,Confectionery,1,45.0,45.0,cash,North America
3255,3818cfd3-3889-436a-9d58-17e85e175b66,2025-11-17 07:57:36,Superhero Mask (Red),Costumes,8,11.25,90.0,bank_transfer,Asia Pacific
3256,f73936e9-54e3-4579-80af-d193f780ef2f,2025-12-18 17:53:54,Ride On Dinosaur Costume,Costumes,8,145.0,1160.0,cash,North America
3257,98ae4334-6c12-4ce8-ae34-0454cac5b68c,2025-10-13 00:10:07,Novelty Chilli Chocolates 250g,Confectionery,6,8.5,51.0,cash,Africa
3258,5c311464-82c2-49f0-b487-d7727f0386fa,2026-03-25 22:26:13,Ride On Dinosaur Costume,Costumes,3,145.0,435.0,debit_card,North America
3259,a56c0941-fbf2-4050-a748-dbcfac619e63,2026-02-04 11:29:08,Clear Ethernet Cable 2m,Electronics,2,9.99,19.98,bank_transfer,Africa
3260,23c86d30-1dde-4969-a886-13dba6348e78,2026-03-17 06:58:30,50mm Double Sided Tape,Packaging,1,5.75,5.75,credit_card,Middle East
3261,a58e83dd-548c-4d84-b40d-e04941476506,2025-12-03 11:06:04,Alien Egg Fidget Ball,Novelty Items,4,6.25,25.0,cash,Africa
3262,368acd40-b8f1-4e3c-99e7-703a70aa5b0d,2026-03-15 00:43:36,Novelty Chilli Chocolates 250g,Confectionery,6,8.5,51.0,paypal,Africa
3263,e7bbaefc-8f3d-497f-a6b0-da0ab98f5dbe,2026-06-30 19:35:19,Ride On Dinosaur Costume,Costumes,10,145.0,1450.0,paypal,Middle East
3264,a9e27ba9-952e-4abb-94dd-5061555736f8,2025-12-23 20:04:04,Novelty Chilli Chocolates 250g,Confectionery,7,8.5,59.5,credit_card,North America
3265,6a702e2f-7746-40ba-8ae8-905b54b4a482,2026-03-14 00:39:15,Air Cushion Machine,Packaging,9,1850.0,16650.0,paypal,North America
3266,8a0f4efb-edcd-465e-b638-6821f6e07cc0,2026-04-18 12:57:23,Ride On Dinosaur Costume,Costumes,8,145.0,1160.0,paypal,Middle East
3267,7010ed13-b526-422d-bf6c-21f70a0537f0,2026-08-02 14:55:30,Air Cushion Machine,Packaging,9,1850.0,16650.0,debit_card,Africa
3268,8fb864e4-f173-4856-a25d-36eb9e9a9f83,2026-05-31 03:02:53,50mm Double Sided Tape,Packaging,1,5.75,5.75,paypal,Middle East
3269,b65feea9-7d82-4264-9ba3-62e7afa415e5,2026-09-28 03:32:12,Developer Flashing Fish Hat,Novelty Items,2,18.75,37.5,bank_transfer,Middle East
3270,75ac824c-2c55-4ef7-b4e9-573450521700,2026-04-06 19:20:28,Superhero Mask (Red),Costumes,2,11.25,22.5,bank_transfer,North America
3271,89c5b31a-eb6c-4016-8ee6-24d09dac6e83,2026-09-09 14:54:37,USB Food Flash Drive - Chocolate,Novelty Items,2,12.0,24.0,credit_card,South America
3272,bab2b77d-fa74-4cc8-a43a-fb7ac40d4874,2026-08-31 03:06:23,Developer Flashing Fish Hat,Novelty Items,10,18.75,187.5,credit_card,South America
3273,a021c0ca-3531-468d-8342-bd2bf295456e,2026-07-18 10:09:36,Furry Gloves (Black) S,Clothing,1,15.5,15.5,paypal,Asia Pacific
3274,5e5ba13d-746c-4b77-9fa3-82e8895ccd99,2026-07-15 03:32:19,USB Food Flash Drive - Chocolate,Novelty Items,4,12.0,48.0,debit_card,Africa
3275,78b2b549-3bdb-409e-acc2-16a01bbc91f7,2025-10-29 20:09:48,Furry Gloves (Black) S,Clothing,3,15.5,46.5,credit_card,Asia Pacific
3276,575aed2c-a5c5-450c-8186-a57611a72609,2026-07-06 17:57:42,50mm Double Sided Tape,Packaging,5,5.75,28.75,paypal,South America
3277,55ab946d-a5b5-4dc2-a181-c85eca0ac6ac,2025-11-28 06:40:54,Magic Flashing Fruit Bowl,Novelty Items,6,34.0,204.0,debit_card,South America
3278,a9597663-6daa-4e68-8861-fe1858e25888,2026-04-25 02:08:15,Alien Egg Fidget Ball,Novelty Items,4,6.25,25.0,paypal,Europe
3279,cada4f80-a9e7-42d4-bd08-b32c62d60e93,2025-12-25 04:13:28,50mm Double Sided Tape,Packaging,8,5.75,46.0,credit_card,Asia Pacific
3280,01902620-59dc-4bd0-96fe-bfb9ebe9e207,2026-05-11 11:30:12,Developer Flashing Fish Hat,Novelty Items,10,18.75,187.5,paypal,Africa
3281,57f479b5-b212-46ee-8210-63710260a123,2026-02-08 21:20:27,Packaging Tape Dispenser,Packaging,8,22.5,180.0,debit_card,North America
3282,532401fc-f758-4ce2-8556-daea67b03283,2026-06-19 20:03:39,Superhero Mask (Red),Costumes,10,11.25,112.5,debit_card,Middle East
3283,299656e2-4c9d-4907-93b2-2cecedcabf94,2026-04-09 10:24:01,Magic Flashing Fruit Bowl,Novelty Items,4,34.0,136.0,bank_transfer,Europe
3284,2f32751e-5738-411d-b0c2-903f7a8d03aa,2026-04-27 17:27:42,Giant Chocolate Snake 1.2m,Confectionery,5,45.0,225.0,paypal,Africa
3285,57f479b5-b212-46ee-8210-63710260a123,2026-02-28 23:55:16,Packaging Tape Dispenser,Packaging,9,22.5,202.5,paypal,North America
3286,89e06ab3-7250-4e18-a60a-5962dd81b7f5,2026-02-04 12:02:45,Packaging Tape Dispenser,Packaging,4,22.5,90.0,debit_card,Asia Pacific
3287,6ee35607-92ea-4324-ac93-e5962b015723,2025-12-11 21:50:12,Alien Egg Fidget Ball,Novelty Items,1,6.25,6.25,credit_card,Middle East
3288,7f072cb9-2fd3-40c0-b945-f2fd56cb1ab0,2026-04-02 04:02:03,Giant Chocolate Snake 1.2m,Confectionery,3,45.0,135.0,debit_card,Asia Pacific
3289,1d2324e6-8329-40b7-8143-f426372f871a,2026-09-24 21:16:23,Magic Flashing Fruit Bowl,Novelty Items,6,34.0,204.0,cash,Asia Pacific
3290,ed1115d7-50a4-4c85-99d5-7b0242d04d55,2026-04-30 16:45:50,Giant Chocolate Snake 1.2m,Confectionery,10,45.0,450.0,credit_card,Europe
3291,a96b3c42-f6d2-4a7b-aec7-6a82148b4376,2026-02-15 14:22:43,50mm Double Sided Tape,Packaging,2,5.75,11.5,paypal,North America
3292,7f072cb9-2fd3-40c0-b945-f2fd56cb1ab0,2026-05-05 19:17:42,Ride On Dinosaur Costume,Costumes,7,145.0,1015.0,paypal,Europe
3293,533420e6-d9d8-4b8d-be8a-dee70758e201,2026-02-20 05:51:13,Giant Chocolate Snake 1.2m,Confectionery,2,45.0,90.0,paypal,Europe
3294,9a3b0319-32f5-4510-a4ee-b4a6c14565c7,2026-06-25 03:12:41,Ride On Dinosaur Costume,Costumes,8,145.0,1160.0,debit_card,North America
3295,92170475-3d95-4e3f-9a52-26e69d642932,2026-08-01 11:07:33,Ergonomic Keyboard,Electronics,10,65.0,650.0,cash,Middle East
3296,d0c30018-6e3c-4d4f-95b1-45e470b27304,2026-09-07 14:47:05,50mm Double Sided Tape,Packaging,7,5.75,40.25,bank_transfer,Asia Pacific
3297,25074181-8d1f-4540-b4ef-f5453e652603,2026-07-12 15:09:49,Superhero Mask (Red),Costumes,4,11.25,45.0,paypal,Middle East
3298,d8c128e7-d6cd-4155-88a8-ac7f862138ad,2026-06-27 00:40:16,Developer Flashing Fish Hat,Novelty Items,8,18.75,150.0,bank_transfer,Europe
3299,76492e64-f55d-4e6d-ad26-8b378f5242d3,2026-06-12 11:44:06,Novelty Chilli Chocolates 250g,Confectionery,4,8.5,34.0,cash,North America
3300,ccf4ffb0-b4bb-473f-ac70-51d1d051267f,2026-08-13 18:14:39,Clear Ethernet Cable 2m,Electronics,7,9.99,69.93,paypal,Middle East
3301,98ae4334-6c12-4ce8-ae34-0454cac5b68c,2026-07-01 21:48:29,Clear Ethernet Cable 2m,Electronics,10,9.99,99.9,debit_card,Middle East
3302,76c3e642-3e19-4c1d-9f6a-6a65bd54da04,2026-01-16 07:41:37,Ride On Dinosaur Costume,Costumes,5,145.0,725.0,cash,Africa
3303,86bb42c7-d8b2-48b6-9c65-4aa2c63ce21d,2026-05-30 13:59:08,Packaging Tape Dispenser,Packaging,4,22.5,90.0,cash,South America
3304,929d6377-1cfb-455f-82c4-2e488cbadae5,2026-04-11 16:32:43,Ride On Dinosaur Costume,Costumes,6,145.0,870.0,credit_card,North America
3305,4aea1b8f-b43c-4e0a-ba9f-c10e52daf681,2025-12-19 07:41:29,Alien Egg Fidget Ball,Novelty Items,3,6.25,18.75,paypal,Asia Pacific
3306,bf5023f4-40ef-4935-9f90-bed6fb25664d,2026-01-09 09:23:04,Clear Ethernet Cable 2m,Electronics,3,9.99,29.97,credit_card,Africa
3307,d847dc53-c605-458a-8845-4343ddb449dc,2026-01-22 00:11:16,Ride On Dinosaur Costume,Costumes,4,145.0,580.0,debit_card,Europe
3308,3e6dd58b-7367-428d-a1b2-94de4767d76c,2026-05-10 09:24:15,Alien Egg Fidget Ball,Novelty Items,2,6.25,12.5,debit_card,South America
3309,4d16f049-44d7-4f9a-a38b-05b72b64777c,2026-01-29 13:52:24,Clear Ethernet Cable 2m,Electronics,2,9.99,19.98,debit_card,South America
3310,82701238-9b5f-4f39-848b-34f034981735,2025-12-31 23:34:20,Giant Chocolate Snake 1.2m,Confectionery,9,45.0,405.0,paypal,North America
3311,87d292a6-98ee-4c2b-be9f-ecaa6182f347,2026-01-29 05:37:42,Ergonomic Keyboard,Electronics,3,65.0,195.0,credit_card,Asia Pacific
3312,13087974-ec95-43ac-8beb-7c3445667c48,2026-08-01 03:31:29,Packaging Tape Dispenser,Packaging,7,22.5,157.5,debit_card,Asia Pacific
3313,6210def6-3a9c-4308-9221-cddf7a4a902f,2026-01-25 21:22:24,Giant Chocolate Snake 1.2m,Confectionery,7,45.0,315.0,bank_transfer,Africa
3314,1b19d8b8-d830-4081-afcc-57dd168fae12,2026-07-06 09:48:45,Air Cushion Machine,Packaging,2,1850.0,3700.0,debit_card,Europe
3315,0e614bcd-9767-4900-8651-0367cbdc4318,2025-12-25 03:37:43,Furry Gloves (Black) S,Clothing,3,15.5,46.5,paypal,Europe
3316,aca58d95-915a-4c30-8b86-b5a1ca6fbff8,2026-06-30 17:09:43,Superhero Mask (Red),Costumes,7,11.25,78.75,bank_transfer,Middle East
3317,732e2016-add7-42c9-a747-b93c9ae77eab,2026-07-06 10:37:35,USB Food Flash Drive - Chocolate,Novelty Items,6,12.0,72.0,cash,North America
3318,575aed2c-a5c5-450c-8186-a57611a72609,2026-04-13 13:29:55,Air Cushion Machine,Packaging,10,1850.0,18500.0,debit_card,Europe
3319,238d6f44-cac4-40eb-b373-730efc31a597,2026-02-05 18:41:37,Developer Flashing Fish Hat,Novelty Items,6,18.75,112.5,credit_card,Middle East
3320,cdcc2d6a-1a16-498c-b648-776e183fea70,2026-04-09 23:45:06,Magic Flashing Fruit Bowl,Novelty Items,7,34.0,238.0,credit_card,Africa
3321,28524385-d9f2-4d0d-8cc9-f5f2e42e5037,2026-02-18 02:44:27,Air Cushion Machine,Packaging,3,1850.0,5550.0,debit_card,North America
3322,f75d599f-6b2d-4b09-8707-9ad480be7e35,2026-05-11 07:46:57,Air Cushion Machine,Packaging,5,1850.0,9250.0,credit_card,Europe
3323,19e45c6a-c9c2-4e69-982c-75654bb907ec,2026-10-03 06:22:40,Clear Ethernet Cable 2m,Electronics,3,9.99,29.97,debit_card,Europe
3324,cb8383f2-bb96-4602-ab11-5c3675f8e3a8,2026-10-03 13:41:41,Alien Egg Fidget Ball,Novelty Items,7,6.25,43.75,bank_transfer,North America
3325,7d7ddbed-d284-476c-ab88-f83dd97dc9cd,2026-08-10 13:22:29,Alien Egg Fidget Ball,Novelty Items,7,6.25,43.75,debit_card,Asia Pacific
3326,dfdf0e05-c0ce-431b-9038-e153c601818b,2026-07-12 22:03:33,Giant Chocolate Snake 1.2m,Confectionery,9,45.0,405.0,credit_card,Asia Pacific
3327,da509fed-1d4a-4d81-b3a7-d0e0cb08587d,2026-01-19 20:28:07,Furry Gloves (Black) S,Clothing,2,15.5,31.0,credit_card,Africa
3328,c9230c64-c006-4b5b-b678-39b222b5f457,2026-01-25 10:03:04,Superhero Mask (Red),Costumes,7,11.25,78.75,credit_card,South America
3329,b6d1f6bb-f48f-409c-89a2-24410ac4de85,2025-11-21 23:36:31,Developer Flashing Fish Hat,Novelty Items,3,18.75,56.25,cash,Asia Pacific
3330,d453dd32-4b0d-4b41-8d52-88f1142c3fe8,2026-05-16 08:51:03,Giant Chocolate Snake 1.2m,Confectionery,8,45.0,360.0,bank_transfer,Africa
3331,2e25b5ee-4f11-48dc-9cd3-336904aac1b7,2026-06-25 10:14:10,Giant Chocolate Snake 1.2m,Confectionery,7,45.0,315.0,credit_card,Europe
3332,a2224f96-23a1-4e20-bfd2-55eeac484366,2026-05-04 14:33:56,Clear Ethernet Cable 2m,Electronics,5,9.99,49.95,credit_card,Middle East
3333,5c63b6f3-06ba-4cd3-be78-38c9ca55e38b,2026-03-02 02:39:57,Furry Gloves (Black) S,Clothing,8,15.5,124.0,paypal,Asia Pacific
3334,06ddf6ca-b0c3-4a59-b0f7-ad22c76a8e0f,2026-09-18 12:45:08,50mm Double Sided Tape,Packaging,6,5.75,34.5,cash,Europe
3335,27aa7cbc-2337-4bbc-bffe-77c839feb99c,2026-03-07 20:58:07,USB Food Flash Drive - Chocolate,Novelty Items,3,12.0,36.0,cash,Asia Pacific
3336,9360715f-c3fe-4183-a172-b725db52ca58,2026-08-19 11:29:25,Superhero Mask (Red),Costumes,2,11.25,22.5,credit_card,Europe
3337,89e06ab3-7250-4e18-a60a-5962dd81b7f5,2026-02-16 16:32:52,RC Mini Monster Truck,Toys,10,28.0,280.0,debit_card,Middle East
3338,75366b9f-320f-42c0-9dde-01889803b22e,2026-08-01 21:08:29,Superhero Mask (Red),Costumes,10,11.25,112.5,bank_transfer,Asia Pacific
3339,7f671eec-3da7-4577-aee1-e86b9ea556aa,2026-08-14 03:13:22,Novelty Chilli Chocolates 250g,Confectionery,8,8.5,68.0,credit_card,North America
3340,bf5023f4-40ef-4935-9f90-bed6fb25664d,2025-12-01 12:54:58,Superhero Mask (Red),Costumes,8,11.25,90.0,paypal,North America
3341,2de46e91-e8e6-4840-b090-f5a0ce610199,2026-01-26 10:52:28,RC Mini Monster Truck,Toys,10,28.0,280.0,paypal,Europe
3342,cb8383f2-bb96-4602-ab11-5c3675f8e3a8,2025-10-21 23:44:52,Clear Ethernet Cable 2m,Electronics,6,9.99,59.94,paypal,North America
3343,7d7ddbed-d284-476c-ab88-f83dd97dc9cd,2026-01-25 08:34:07,Packaging Tape Dispenser,Packaging,5,22.5,112.5,paypal,Europe
3344,09ce3cfb-2339-4a19-a563-7cc3ca97ebf5,2026-07-09 23:56:20,Clear Ethernet Cable 2m,Electronics,1,9.99,9.99,paypal,Europe
3345,bc92fd81-039b-458c-afaa-be0bb7f60cdf,2025-11-05 08:16:02,Giant Chocolate Snake 1.2m,Confectionery,1,45.0,45.0,credit_card,Europe
3346,e6fdd7af-dd84-4acc-b672-94643f8ea40a,2026-02-17 04:00:05,50mm Double Sided Tape,Packaging,1,5.75,5.75,bank_transfer,South America
3347,7f53a88e-4efc-4248-a10b-1a477faeb748,2026-09-29 12:03:13,Ride On Dinosaur Costume,Costumes,2,145.0,290.0,credit_card,South America
3348,4c61845e-fa7e-4d94-85d1-fb63c194f97f,2026-03-26 10:54:14,50mm Double Sided Tape,Packaging,3,5.75,17.25,bank_transfer,Asia Pacific
3349,6e218b09-9afd-4015-816b-cb9f7426b193,2026-06-17 09:45:44,RC Mini Monster Truck,Toys,5,28.0,140.0,bank_transfer,Africa
3350,eadc9960-4242-41e2-960b-e0f495132c22,2026-01-13 05:53:26,Magic Flashing Fruit Bowl,Novelty Items,4,34.0,136.0,cash,Middle East
3351,ab73295b-344a-44b8-82c1-8a62ef48e8d5,2026-07-22 21:21:33,Ergonomic Keyboard,Electronics,1,65.0,65.0,paypal,Europe
3352,bf6b8cdf-7479-4b61-a737-2b527a6a2107,2026-04-09 17:00:07,Novelty Chilli Chocolates 250g,Confectionery,3,8.5,25.5,credit_card,Asia Pacific
3353,f206c269-38b7-4c07-80fb-929673b6a09b,2025-12-27 18:09:40,Packaging Tape Dispenser,Packaging,2,22.5,45.0,paypal,Asia Pacific
3354,d4aac9a3-3ed8-456c-9a09-dfa052828d80,2025-12-23 03:04:12,Clear Ethernet Cable 2m,Electronics,1,9.99,9.99,paypal,Africa
3355,9c3de1b0-022b-4683-9033-da6587cf63fd,2026-08-23 04:43:44,Giant Chocolate Snake 1.2m,Confectionery,2,45.0,90.0,bank_transfer,North America
3356,8f7c1d59-594b-4a3a-bad4-65a15129950d,2026-05-02 19:34:11,Furry Gloves (Black) S,Clothing,4,15.5,62.0,paypal,Europe
3357,43b47ee5-e1e8-4e7e-a249-8f666e51484d,2026-01-18 22:47:59,Magic Flashing Fruit Bowl,Novelty Items,9,34.0,306.0,debit_card,Africa
3358,0ba078e8-4ef4-42c1-aac9-331686e52753,2026-10-03 00:04:23,Furry Gloves (Black) S,Clothing,1,15.5,15.5,cash,Asia Pacific
3359,1723199d-bf2c-44a0-ba3c-8a71ff574e2b,2026-05-11 22:02:50,Air Cushion Machine,Packaging,7,1850.0,12950.0,debit_card,Europe
3360,77242041-1e43-4bd2-aaf4-07f70fe76149,2026-07-03 00:26:47,Packaging Tape Dispenser,Packaging,1,22.5,22.5,bank_transfer,South America
3361,9e11d2cd-0930-4ef6-8a80-068ddf547e50,2026-01-19 03:21:19,Giant Chocolate Snake 1.2m,Confectionery,5,45.0,225.0,credit_card,Asia Pacific
3362,02740f73-f3ab-4a0d-9be9-fdb3dd92dd7c,2025-11-27 23:08:11,Air Cushion Machine,Packaging,1,1850.0,1850.0,bank_transfer,Africa
3363,74f93d17-e912-44bf-86a4-bae41986b4b2,2025-11-17 01:43:30,Ride On Dinosaur Costume,Costumes,5,145.0,725.0,bank_transfer,Middle East
3364,4eea04e7-0ab5-4bde-a0a0-45026e068097,2026-06-01 18:11:08,Furry Gloves (Black) S,Clothing,6,15.5,93.0,debit_card,South America
3365,49c13de7-3b42-46c5-885b-15fb4a8ff810,2026-07-20 09:15:50,Novelty Chilli Chocolates 250g,Confectionery,6,8.5,51.0,credit_card,Middle East
3366,b4258e19-1758-447e-a7cd-e1436de21429,2026-05-21 13:18:59,Alien Egg Fidget Ball,Novelty Items,10,6.25,62.5,bank_transfer,Middle East
3367,dea45c19-d024-4d72-b748-967f961d33ba,2026-01-06 13:55:48,Clear Ethernet Cable 2m,Electronics,10,9.99,99.9,cash,Asia Pacific
3368,11ce5dd2-b45e-41f0-b139-d32c93cd59bf,2026-01-07 19:31:56,Ergonomic Keyboard,Electronics,9,65.0,585.0,paypal,Europe
3369,28b2bf21-4d47-4ed6-a666-3769e1d46f82,2025-10-25 08:49:40,Developer Flashing Fish Hat,Novelty Items,6,18.75,112.5,bank_transfer,South America
3370,0db95301-afbb-411a-a123-5a8c93b7a886,2026-06-22 18:57:53,Ergonomic Keyboard,Electronics,8,65.0,520.0,cash,Africa
3371,81fb18b3-c9a7-491f-af2a-e71357021049,2026-09-22 04:35:16,Ride On Dinosaur Costume,Costumes,7,145.0,1015.0,bank_transfer,North America
3372,41b455b8-59b9-422c-915a-ffacb173fcdf,2026-04-29 21:19:30,Giant Chocolate Snake 1.2m,Confectionery,10,45.0,450.0,credit_card,Africa
3373,6e218b09-9afd-4015-816b-cb9f7426b193,2026-01-01 07:04:18,Ergonomic Keyboard,Electronics,9,65.0,585.0,credit_card,South America
3374,284c03d2-27d4-45b6-8d77-c5a0e222b6a6,2026-06-10 09:44:02,50mm Double Sided Tape,Packaging,9,5.75,51.75,paypal,Europe
3375,3cd5fd7f-49c1-4669-86b3-3fe61c76bdf6,2026-01-04 01:51:13,Furry Gloves (Black) S,Clothing,6,15.5,93.0,bank_transfer,North America
3376,c1836315-330f-4be1-a689-b4247a3a10e1,2025-10-26 00:54:44,Ride On Dinosaur Costume,Costumes,10,145.0,1450.0,debit_card,Middle East
3377,bfa016c2-c09c-4506-88f1-096d9c4ffb46,2025-11-13 13:34:20,Developer Flashing Fish Hat,Novelty Items,10,18.75,187.5,bank_transfer,North America
3378,f791f1e5-43f9-4d6b-b97e-be8798cf1188,2026-03-15 03:54:27,Furry Gloves (Black) S,Clothing,5,15.5,77.5,bank_transfer,South America
3379,12a4def0-c4bb-47a9-9988-68dd9c7c7377,2026-02-10 22:13:09,Clear Ethernet Cable 2m,Electronics,9,9.99,89.91,bank_transfer,Middle East
3380,4eea04e7-0ab5-4bde-a0a0-45026e068097,2026-07-11 05:55:17,Superhero Mask (Red),Costumes,2,11.25,22.5,bank_transfer,South America
3381,8f7c1d59-594b-4a3a-bad4-65a15129950d,2026-04-07 02:46:59,Air Cushion Machine,Packaging,2,1850.0,3700.0,paypal,South America
3382,0123a348-638a-4df6-adf7-2cd3979aa051,2025-11-13 16:48:22,Superhero Mask (Red),Costumes,3,11.25,33.75,bank_transfer,Middle East
3383,8ed8a80d-84cf-4e39-bf31-c29f82bbad84,2026-06-27 04:49:45,Clear Ethernet Cable 2m,Electronics,6,9.99,59.94,debit_card,Asia Pacific
3384,25440fe0-6e41-4d47-9ff5-95ea5bc440f1,2026-07-31 23:43:12,RC Mini Monster Truck,Toys,10,28.0,280.0,paypal,Europe
3385,52555c75-8d55-419e-bd44-cb2cea45ba41,2025-11-28 00:56:43,Giant Chocolate Snake 1.2m,Confectionery,2,45.0,90.0,paypal,Middle East
3386,59e1ac09-5970-4859-86b6-e4ade7ea8d5a,2025-10-07 15:57:15,Packaging Tape Dispenser,Packaging,9,22.5,202.5,debit_card,Asia Pacific
3387,b0b862ef-6c9f-42b9-b647-8986a3917c99,2026-05-07 09:19:02,Ergonomic Keyboard,Electronics,8,65.0,520.0,bank_transfer,South America
3388,0e614bcd-9767-4900-8651-0367cbdc4318,2026-10-01 11:29:47,RC Mini Monster Truck,Toys,3,28.0,84.0,paypal,North America
3389,76492e64-f55d-4e6d-ad26-8b378f5242d3,2025-12-05 23:46:38,Packaging Tape Dispenser,Packaging,6,22.5,135.0,bank_transfer,Africa
3390,6de59332-9364-43d0-9024-bdc6dcb33df3,2026-03-12 16:18:43,Ride On Dinosaur Costume,Costumes,2,145.0,290.0,cash,Africa
3391,28a39779-9c1c-4517-85d2-d0a686295b5d,2026-06-16 05:03:41,Clear Ethernet Cable 2m,Electronics,7,9.99,69.93,debit_card,Africa
3392,398d1ca6-8b68-40b5-9d61-fac36cd5e859,2026-10-03 18:47:25,Novelty Chilli Chocolates 250g,Confectionery,10,8.5,85.0,debit_card,Middle East
3393,8181a8cc-3691-47eb-89a2-688b12c136e0,2026-09-12 15:53:20,Magic Flashing Fruit Bowl,Novelty Items,9,34.0,306.0,cash,Middle East
3394,7d8d3ddd-2cf1-49cb-8f1e-1a378ac8ad93,2026-09-11 18:56:15,50mm Double Sided Tape,Packaging,7,5.75,40.25,credit_card,Europe
3395,2702878b-9f0f-4a8d-8537-9ff6d6d7b3b8,2026-04-08 09:30:06,Magic Flashing Fruit Bowl,Novelty Items,4,34.0,136.0,cash,Africa
3396,86bb42c7-d8b2-48b6-9c65-4aa2c63ce21d,2026-04-09 01:48:08,Ergonomic Keyboard,Electronics,2,65.0,130.0,paypal,North America
3397,d847dc53-c605-458a-8845-4343ddb449dc,2026-06-15 07:07:11,50mm Double Sided Tape,Packaging,10,5.75,57.5,bank_transfer,Middle East
3398,51045a16-ef15-4b72-9c70-ee97fca45567,2025-12-22 02:43:26,Packaging Tape Dispenser,Packaging,4,22.5,90.0,debit_card,Asia Pacific
3399,4d3485c5-c5c1-4eb4-b27b-3d901a16342c,2026-07-26 05:15:41,Developer Flashing Fish Hat,Novelty Items,4,18.75,75.0,bank_transfer,Africa
3400,a5135ea0-fa53-434d-a6d5-901d8b621d41,2026-01-25 04:58:39,RC Mini Monster Truck,Toys,4,28.0,112.0,debit_card,Europe
3401,48ca7651-92f5-4f7b-8323-d342df6a8f93,2026-02-07 09:09:34,USB Food Flash Drive - Chocolate,Novelty Items,1,12.0,12.0,cash,Asia Pacific
3402,b8e19f56-8787-4a21-8448-2a220308aa5e,2026-01-24 11:55:24,Ergonomic Keyboard,Electronics,4,65.0,260.0,cash,Asia Pacific
3403,42d943ee-5197-4e75-8523-d4fd4b7f2183,2026-06-13 11:51:52,Air Cushion Machine,Packaging,3,1850.0,5550.0,bank_transfer,Middle East
3404,c9230c64-c006-4b5b-b678-39b222b5f457,2025-10-28 15:05:41,Giant Chocolate Snake 1.2m,Confectionery,2,45.0,90.0,cash,Europe
3405,ed7bf656-218a-4536-8c99-a894445dcc38,2026-09-23 06:14:43,Superhero Mask (Red),Costumes,3,11.25,33.75,bank_transfer,Africa
3406,0b570720-9cd8-458b-a5a1-c8252a9528c3,2026-07-31 04:41:45,USB Food Flash Drive - Chocolate,Novelty Items,1,12.0,12.0,credit_card,Africa
3407,bff15840-207e-463f-9f32-d5d82abe1585,2025-11-09 09:29:38,Giant Chocolate Snake 1.2m,Confectionery,7,45.0,315.0,cash,Asia Pacific
3408,7a0ecfea-958c-49ba-8cd6-20c20ea2622b,2026-06-15 23:31:28,Superhero Mask (Red),Costumes,7,11.25,78.75,bank_transfer,Europe
3409,6703b636-5380-4904-a88c-7015aab97e49,2026-05-16 14:58:13,RC Mini Monster Truck,Toys,9,28.0,252.0,cash,Africa
3410,d9e604b3-8412-4335-988c-656db61e5fdb,2026-01-03 20:06:31,Packaging Tape Dispenser,Packaging,1,22.5,22.5,bank_transfer,Africa
3411,bb93cd40-d8df-4535-862d-baeade70bd30,2026-05-01 11:38:25,Novelty Chilli Chocolates 250g,Confectionery,5,8.5,42.5,bank_transfer,Africa
3412,01902620-59dc-4bd0-96fe-bfb9ebe9e207,2026-07-19 12:43:01,Furry Gloves (Black) S,Clothing,1,15.5,15.5,bank_transfer,Africa
3413,a96b3c42-f6d2-4a7b-aec7-6a82148b4376,2026-07-13 11:36:17,RC Mini Monster Truck,Toys,9,28.0,252.0,bank_transfer,Asia Pacific
3414,cd5f4822-6966-48aa-ae49-f329c84a7b28,2026-08-31 21:20:19,Furry Gloves (Black) S,Clothing,2,15.5,31.0,debit_card,Europe
3415,7b96e2d1-0649-4cf6-bf69-723d584fc85b,2026-10-04 10:03:04,Furry Gloves (Black) S,Clothing,10,15.5,155.0,credit_card,Africa
3416,990f0c5b-adcc-4daf-969f-3ab3c6435300,2025-10-20 03:18:16,Ride On Dinosaur Costume,Costumes,6,145.0,870.0,paypal,South America
3417,1e0d02b5-fe74-42cd-9d83-ad037066e289,2026-09-25 07:34:39,RC Mini Monster Truck,Toys,4,28.0,112.0,bank_transfer,South America
3418,c9e48e8c-25c6-4c45-863d-04ee541c7a86,2026-09-28 12:23:27,Alien Egg Fidget Ball,Novelty Items,2,6.25,12.5,credit_card,Asia Pacific
3419,768b4f7e-6421-4e66-9fc6-4cd0721e8b1f,2025-12-12 15:22:54,RC Mini Monster Truck,Toys,8,28.0,224.0,debit_card,Europe
3420,143a9aff-659b-4105-8b80-f288446f64dd,2026-03-16 22:37:48,Developer Flashing Fish Hat,Novelty Items,5,18.75,93.75,bank_transfer,Europe
3421,a879d8f8-9042-4eb7-8b04-0f53e63949d4,2026-09-13 06:46:43,Furry Gloves (Black) S,Clothing,8,15.5,124.0,paypal,Middle East
3422,d777a477-4c66-40a8-a013-ac6ededa4e16,2026-08-26 22:42:11,Alien Egg Fidget Ball,Novelty Items,10,6.25,62.5,debit_card,South America
3423,ff5e9ff0-ff50-4de4-b825-67b85cabcc97,2025-12-12 22:07:45,Packaging Tape Dispenser,Packaging,5,22.5,112.5,debit_card,Europe
3424,4499d0a6-1500-4170-92d1-5585b68e47fa,2026-10-03 08:26:57,Magic Flashing Fruit Bowl,Novelty Items,6,34.0,204.0,paypal,Europe
3425,f5141058-3138-4975-bbf3-3a349c2dfa97,2026-09-27 19:16:38,50mm Double Sided Tape,Packaging,3,5.75,17.25,paypal,Asia Pacific
3426,af521b94-f186-447a-a794-63208cf6e8b8,2025-10-19 18:22:17,50mm Double Sided Tape,Packaging,8,5.75,46.0,paypal,South America
3427,6a34c854-1071-4d51-b6c5-9dacb4d7e28e,2026-08-26 09:38:18,50mm Double Sided Tape,Packaging,3,5.75,17.25,cash,Europe
3428,ffb8102d-9475-4bc9-9641-8cedd664d264,2026-03-08 19:55:02,Superhero Mask (Red),Costumes,7,11.25,78.75,debit_card,North America
3429,e1721c83-ef5e-4376-a723-fb72682b163a,2026-08-07 15:59:06,Superhero Mask (Red),Costumes,4,11.25,45.0,paypal,South America
3430,c34b9fbb-8d4a-45b8-951a-c8ea585a0afa,2026-04-16 00:58:20,Magic Flashing Fruit Bowl,Novelty Items,1,34.0,34.0,paypal,Africa
3431,925817b7-cf50-4889-a8b7-7f7b7321bf6b,2025-12-17 00:12:35,Packaging Tape Dispenser,Packaging,9,22.5,202.5,bank_transfer,Middle East
3432,cc9803de-12de-4e5a-b387-928a29a3db6d,2026-10-04 09:29:09,RC Mini Monster Truck,Toys,3,28.0,84.0,paypal,Africa
3433,12af97e4-c536-466e-bcc4-091bf45707c6,2026-07-23 12:52:31,Ride On Dinosaur Costume,Costumes,10,145.0,1450.0,cash,Europe
3434,6e3f683a-bf3c-4140-bf54-a51101fa964e,2026-09-09 09:59:53,Packaging Tape Dispenser,Packaging,6,22.5,135.0,bank_transfer,Africa
3435,ba108217-0ad7-49a2-b277-16ec59fefbbc,2026-09-30 06:58:31,Ride On Dinosaur Costume,Costumes,9,145.0,1305.0,debit_card,Asia Pacific
3436,19db3ad0-ddd1-4fb2-bb98-2ef8daf61a26,2026-01-26 01:41:14,RC Mini Monster Truck,Toys,7,28.0,196.0,credit_card,Europe
3437,48ca7651-92f5-4f7b-8323-d342df6a8f93,2026-09-11 03:29:54,Air Cushion Machine,Packaging,5,1850.0,9250.0,debit_card,South America
3438,93267d25-234b-4562-98af-5cca6b11b7cb,2025-10-20 04:52:11,Alien Egg Fidget Ball,Novelty Items,10,6.25,62.5,credit_card,Africa
3439,109fd8ee-b5a4-4200-98f0-dd23aaf78c67,2025-10-09 06:02:09,Air Cushion Machine,Packaging,6,1850.0,11100.0,bank_transfer,Middle East
3440,96ee50e5-1f87-4b46-80a0-473a23d7e6a1,2026-01-29 12:52:36,RC Mini Monster Truck,Toys,1,28.0,28.0,cash,South America
3441,01902620-59dc-4bd0-96fe-bfb9ebe9e207,2026-05-14 05:26:52,50mm Double Sided Tape,Packaging,4,5.75,23.0,credit_card,Asia Pacific
3442,86bb42c7-d8b2-48b6-9c65-4aa2c63ce21d,2026-05-27 18:00:15,Giant Chocolate Snake 1.2m,Confectionery,2,45.0,90.0,paypal,Middle East
3443,79928faa-4cbf-431d-901b-cdefb56ff8ce,2025-11-16 07:46:28,USB Food Flash Drive - Chocolate,Novelty Items,5,12.0,60.0,cash,Africa
3444,59ea4936-60f3-4ebc-a1bb-b8cd7e3a9f07,2026-10-01 05:29:09,Packaging Tape Dispenser,Packaging,2,22.5,45.0,credit_card,Asia Pacific
3445,8d03c91e-4f8d-4238-a88b-78b5b5b453ca,2026-02-12 18:28:42,Magic Flashing Fruit Bowl,Novelty Items,9,34.0,306.0,debit_card,Europe
3446,90a3fbbf-7580-4050-a7f1-698cf5948a54,2026-01-24 03:57:59,Furry Gloves (Black) S,Clothing,3,15.5,46.5,debit_card,South America
3447,a9597663-6daa-4e68-8861-fe1858e25888,2026-03-31 02:30:00,50mm Double Sided Tape,Packaging,8,5.75,46.0,credit_card,Middle East
3448,0e5dd462-cbd0-4ef2-930a-37df0bc61066,2026-06-11 17:07:28,Alien Egg Fidget Ball,Novelty Items,9,6.25,56.25,credit_card,Africa
3449,893259f3-1ee8-4a4c-a811-34e250647c59,2026-05-04 15:35:14,Air Cushion Machine,Packaging,2,1850.0,3700.0,debit_card,Middle East
3450,2f32751e-5738-411d-b0c2-903f7a8d03aa,2026-04-27 06:39:45,Alien Egg Fidget Ball,Novelty Items,1,6.25,6.25,debit_card,South America
3451,6cac028c-ba22-4065-9526-0718cd180a82,2026-04-15 11:15:25,Magic Flashing Fruit Bowl,Novelty Items,10,34.0,340.0,bank_transfer,North America
3452,7d45d8ef-d56c-48ea-9959-7b5aa7a8f636,2026-09-16 00:09:47,Packaging Tape Dispenser,Packaging,1,22.5,22.5,credit_card,South America
3453,38d77b9a-e916-4a57-b248-23ab177a8a5f,2026-10-05 03:40:39,Ergonomic Keyboard,Electronics,2,65.0,130.0,credit_card,Asia Pacific
3454,62e7c1a6-12d2-4a06-89e1-cd138da00495,2025-11-26 18:29:37,Air Cushion Machine,Packaging,2,1850.0,3700.0,cash,South America
3455,e05fb8bc-8a16-406c-8958-e75e21d53971,2026-09-01 04:06:41,Magic Flashing Fruit Bowl,Novelty Items,8,34.0,272.0,cash,North America
3456,bade8d5d-6fff-45cc-b2dc-6c344f67448e,2026-04-19 11:15:44,Magic Flashing Fruit Bowl,Novelty Items,7,34.0,238.0,credit_card,Africa
3457,93267d25-234b-4562-98af-5cca6b11b7cb,2026-04-05 09:55:46,RC Mini Monster Truck,Toys,8,28.0,224.0,debit_card,Middle East
3458,baeb286b-f0d0-470f-94d1-3d551db6b844,2026-01-19 14:41:08,Furry Gloves (Black) S,Clothing,10,15.5,155.0,bank_transfer,North America
3459,3f800385-ef92-40b6-92d7-8f107a3a6e96,2025-12-19 12:47:31,Alien Egg Fidget Ball,Novelty Items,7,6.25,43.75,paypal,Asia Pacific
3460,dea45c19-d024-4d72-b748-967f961d33ba,2026-08-15 18:21:05,Giant Chocolate Snake 1.2m,Confectionery,3,45.0,135.0,cash,Asia Pacific
3461,86bb42c7-d8b2-48b6-9c65-4aa2c63ce21d,2025-11-18 09:36:13,Packaging Tape Dispenser,Packaging,5,22.5,112.5,paypal,Europe
3462,3985fb62-17dc-4eff-a872-13f98d605936,2026-02-11 01:51:32,Superhero Mask (Red),Costumes,9,11.25,101.25,paypal,Europe
3463,8d38bbd8-fba6-4bf7-8dbc-c65377a7e8b7,2025-12-07 18:12:57,Giant Chocolate Snake 1.2m,Confectionery,9,45.0,405.0,paypal,Africa
3464,7490adeb-57d3-47d3-8fd8-0bbb592c1107,2026-07-16 14:11:05,Ergonomic Keyboard,Electronics,2,65.0,130.0,debit_card,Asia Pacific
3465,3cf88d20-fbad-493f-87a1-ec0234879e41,2026-04-01 21:03:09,Novelty Chilli Chocolates 250g,Confectionery,6,8.5,51.0,cash,Asia Pacific
3466,7d7ddbed-d284-476c-ab88-f83dd97dc9cd,2026-06-14 10:07:01,Ergonomic Keyboard,Electronics,3,65.0,195.0,credit_card,Asia Pacific
3467,8f9797b0-6d7c-43c9-b4a6-9f3c8d3aed99,2026-01-13 13:32:31,Giant Chocolate Snake 1.2m,Confectionery,5,45.0,225.0,bank_transfer,Europe
3468,28b2bf21-4d47-4ed6-a666-3769e1d46f82,2026-07-11 17:28:48,Giant Chocolate Snake 1.2m,Confectionery,9,45.0,405.0,debit_card,South America
3469,76492e64-f55d-4e6d-ad26-8b378f5242d3,2025-12-16 23:09:39,Furry Gloves (Black) S,Clothing,2,15.5,31.0,debit_card,South America
3470,39c1e262-f76c-4ede-8110-12662408a6dc,2025-10-11 02:56:02,Alien Egg Fidget Ball,Novelty Items,9,6.25,56.25,paypal,Middle East
3471,0463750e-4964-4b96-ba3c-1628892621df,2026-07-18 17:26:10,Ergonomic Keyboard,Electronics,2,65.0,130.0,paypal,Middle East
3472,3ee82983-d557-4241-91dd-b9bf613d2de9,2026-02-13 13:46:22,Air Cushion Machine,Packaging,10,1850.0,18500.0,debit_card,Europe
3473,3283daa4-e212-4b7c-9d36-1cb6bcc57be0,2026-08-08 18:08:54,Ride On Dinosaur Costume,Costumes,4,145.0,580.0,bank_transfer,South America
3474,e9ad0e9b-8c9a-41e9-b3b2-63376a74dbb7,2026-01-28 05:29:06,Superhero Mask (Red),Costumes,3,11.25,33.75,debit_card,Europe
3475,636f6e5c-2253-4706-87ad-8b268eaa5841,2026-05-14 03:45:51,Packaging Tape Dispenser,Packaging,8,22.5,180.0,cash,Asia Pacific
3476,0a3450fc-9918-4e46-9497-d6587010f719,2026-06-24 13:32:02,Furry Gloves (Black) S,Clothing,5,15.5,77.5,paypal,Asia Pacific
3477,716fda0a-45a8-4829-94e2-86e5ac8936bc,2026-07-26 18:02:47,RC Mini Monster Truck,Toys,5,28.0,140.0,debit_card,Europe
3478,57f479b5-b212-46ee-8210-63710260a123,2025-12-19 16:03:12,Developer Flashing Fish Hat,Novelty Items,6,18.75,112.5,paypal,Asia Pacific
3479,ba370623-bc5f-44dd-992f-3c1edf70fb2a,2025-12-12 19:23:27,Alien Egg Fidget Ball,Novelty Items,7,6.25,43.75,bank_transfer,Asia Pacific
3480,778eedb3-693d-4fbc-ac6f-a6115ab33edf,2026-05-30 22:10:06,Novelty Chilli Chocolates 250g,Confectionery,7,8.5,59.5,bank_transfer,Europe
3481,8c0b393a-1333-4bc9-bb63-5ff529310971,2026-09-03 03:31:24,Giant Chocolate Snake 1.2m,Confectionery,3,45.0,135.0,bank_transfer,Europe
3482,7a4c75d4-dc99-404c-b0e9-8b3b40a26c60,2026-06-10 17:00:56,Novelty Chilli Chocolates 250g,Confectionery,4,8.5,34.0,paypal,Europe
3483,3f22faf8-23be-401d-83cf-2fde24933b83,2026-09-19 00:42:15,Superhero Mask (Red),Costumes,6,11.25,67.5,paypal,Asia Pacific
3484,a3b5cece-a446-4e72-b64c-911aa9ab364a,2026-03-12 03:06:14,Furry Gloves (Black) S,Clothing,7,15.5,108.5,cash,Middle East
3485,a1fd4187-9c3a-4e0b-b5f3-f8aadc6dafff,2026-08-22 19:45:48,50mm Double Sided Tape,Packaging,4,5.75,23.0,debit_card,Middle East
3486,b66edbf4-a0ea-4251-8957-43a281b13b80,2026-03-20 18:08:34,Packaging Tape Dispenser,Packaging,8,22.5,180.0,paypal,North America
3487,56666f9f-53ac-4ab9-b467-2cd9362f5e5c,2026-04-23 18:25:24,USB Food Flash Drive - Chocolate,Novelty Items,4,12.0,48.0,paypal,Africa
3488,a59b457f-c0d7-4c73-895f-fa8140d92bce,2026-02-10 00:09:27,Ergonomic Keyboard,Electronics,10,65.0,650.0,credit_card,Africa
3489,a5d04d53-1e12-42e3-b272-92b6762172ed,2025-11-08 08:06:51,Clear Ethernet Cable 2m,Electronics,8,9.99,79.92,paypal,Middle East
3490,474ebc19-2ef9-4276-ac00-6f6123e2fcb4,2026-03-10 07:41:46,Magic Flashing Fruit Bowl,Novelty Items,7,34.0,238.0,credit_card,North America
3491,a23d4c2f-c2a7-4689-9933-918cfa745761,2026-06-22 13:34:35,Giant Chocolate Snake 1.2m,Confectionery,6,45.0,270.0,cash,Europe
3492,6651529e-8268-490b-a438-25b559e4b671,2025-11-11 16:42:48,Ergonomic Keyboard,Electronics,5,65.0,325.0,bank_transfer,South America
3493,74685b98-d2fe-4fde-9918-b3e5f2f25eef,2025-12-16 09:56:43,RC Mini Monster Truck,Toys,2,28.0,56.0,bank_transfer,South America
3494,efc59738-2fb2-4e66-bed1-7aabc9b7c9bc,2025-11-29 06:15:26,Superhero Mask (Red),Costumes,3,11.25,33.75,paypal,Middle East
3495,35ebd32d-9ad6-40ab-8821-2ddb45b89cd9,2026-04-09 01:51:16,Air Cushion Machine,Packaging,9,1850.0,16650.0,bank_transfer,South America
3496,9a3b0319-32f5-4510-a4ee-b4a6c14565c7,2026-02-08 07:50:45,Developer Flashing Fish Hat,Novelty Items,10,18.75,187.5,paypal,Middle East
3497,90a3fbbf-7580-4050-a7f1-698cf5948a54,2026-10-04 02:11:04,Packaging Tape Dispenser,Packaging,5,22.5,112.5,credit_card,South America
3498,5c311464-82c2-49f0-b487-d7727f0386fa,2026-01-09 23:37:34,Furry Gloves (Black) S,Clothing,2,15.5,31.0,paypal,Europe
3499,a85894df-3f8c-4097-84da-2c2e1bffa279,2025-10-08 07:19:15,RC Mini Monster Truck,Toys,8,28.0,224.0,debit_card,South America
3500,45b1ed25-f153-4ae8-a70a-cc5cb321bf21,2026-01-14 22:21:16,Developer Flashing Fish Hat,Novelty Items,8,18.75,150.0,bank_transfer,Europe
3501,8ac97b01-e3ad-44d4-aab9-eb022f1dc121,2026-03-03 14:49:55,Developer Flashing Fish Hat,Novelty Items,4,18.75,75.0,paypal,Europe
3502,722764e6-8c41-461b-a827-a1b9d4a02e53,2026-01-05 02:52:36,Magic Flashing Fruit Bowl,Novelty Items,1,34.0,34.0,credit_card,Africa
3503,c2874f06-9050-47ef-8123-5c9176c5a0dc,2026-03-28 03:32:11,Clear Ethernet Cable 2m,Electronics,7,9.99,69.93,bank_transfer,North America
3504,134c6c92-ec5b-427c-9fde-4fbf3ff350bf,2026-07-25 09:10:51,Superhero Mask (Red),Costumes,9,11.25,101.25,cash,Europe
3505,a4244f23-0d5b-47cd-8000-35f0df7d0dd7,2026-01-17 08:13:37,Novelty Chilli Chocolates 250g,Confectionery,10,8.5,85.0,credit_card,Middle East
3506,0aa6fcb9-c1bc-4e59-9296-a12d8ac35ac4,2026-02-10 15:59:24,Superhero Mask (Red),Costumes,6,11.25,67.5,cash,Asia Pacific
3507,3ce915e7-c9d6-463b-8a3c-6f5f5bb5c40c,2026-01-30 21:59:56,Alien Egg Fidget Ball,Novelty Items,10,6.25,62.5,credit_card,Africa
3508,c56811cd-5563-4616-80e8-5ece0b49452d,2026-05-19 20:35:14,USB Food Flash Drive - Chocolate,Novelty Items,10,12.0,120.0,cash,North America
3509,c8ebe27a-23a4-470e-9dbc-15c02a7dc57c,2026-07-13 09:24:47,Packaging Tape Dispenser,Packaging,3,22.5,67.5,cash,North America
3510,e9ad0e9b-8c9a-41e9-b3b2-63376a74dbb7,2026-05-16 03:15:49,Magic Flashing Fruit Bowl,Novelty Items,8,34.0,272.0,debit_card,North America
3511,aebbb90e-e4e7-41de-97ff-51d9c9ce44bd,2025-10-10 02:14:54,Furry Gloves (Black) S,Clothing,7,15.5,108.5,paypal,Asia Pacific
3512,3db0174e-7938-478a-89b5-aab0c12169db,2026-01-15 05:30:42,Ergonomic Keyboard,Electronics,3,65.0,195.0,paypal,North America
3513,07f97d05-f6ca-4b8b-a4b1-f99175424646,2026-06-16 12:25:49,Ride On Dinosaur Costume,Costumes,10,145.0,1450.0,bank_transfer,Middle East
3514,68f82063-eeb1-4ad2-81a1-fb0f268b84b6,2026-02-22 06:55:41,Furry Gloves (Black) S,Clothing,7,15.5,108.5,credit_card,Asia Pacific
3515,b2b9437a-28df-4ec4-8e4a-2bbdc241330b,2026-07-01 16:43:51,Magic Flashing Fruit Bowl,Novelty Items,5,34.0,170.0,cash,Asia Pacific
3516,246998e8-d39e-498b-8400-7d5ae88da719,2026-01-05 10:09:33,Novelty Chilli Chocolates 250g,Confectionery,1,8.5,8.5,paypal,Asia Pacific
3517,b66edbf4-a0ea-4251-8957-43a281b13b80,2025-10-29 18:42:01,Ride On Dinosaur Costume,Costumes,5,145.0,725.0,debit_card,Middle East
3518,93e34c35-ef0a-473d-93d2-d56dd0401587,2026-06-21 23:52:38,Giant Chocolate Snake 1.2m,Confectionery,6,45.0,270.0,bank_transfer,Africa
3519,75220646-3273-45bf-9373-bf4d5da49cb9,2025-11-20 13:35:42,Giant Chocolate Snake 1.2m,Confectionery,4,45.0,180.0,cash,Europe
3520,8bcf53a1-bc10-4a52-bf5d-2fdf89c8d2ab,2026-04-04 09:27:19,RC Mini Monster Truck,Toys,10,28.0,280.0,debit_card,South America
3521,2d174fc9-6f7c-45ea-a72a-6d8eb5122df8,2026-02-01 19:18:07,Air Cushion Machine,Packaging,5,1850.0,9250.0,credit_card,North America
3522,e1b243cc-cf76-4343-bced-f994d631c383,2025-12-06 16:19:42,Packaging Tape Dispenser,Packaging,10,22.5,225.0,credit_card,South America
3523,bb7b6c05-2852-4ca2-b9d2-014a22ee7f07,2026-03-12 02:24:59,Packaging Tape Dispenser,Packaging,6,22.5,135.0,credit_card,Europe
3524,620d4a1f-479f-4628-9674-eb650f9c5300,2026-06-29 02:19:45,Superhero Mask (Red),Costumes,6,11.25,67.5,debit_card,Africa
3525,bf1e8366-4b8e-43d4-8e76-07adf7a67b94,2026-04-18 19:29:23,Air Cushion Machine,Packaging,4,1850.0,7400.0,debit_card,Asia Pacific
3526,78c04ed8-fdd4-4f21-8f03-f0c80effd5bd,2026-09-29 03:37:52,Alien Egg Fidget Ball,Novelty Items,4,6.25,25.0,debit_card,Europe
3527,b6ca1127-e9f8-4970-8d98-f9e28d888beb,2026-09-18 06:46:03,Novelty Chilli Chocolates 250g,Confectionery,3,8.5,25.5,bank_transfer,North America
3528,ff5e9ff0-ff50-4de4-b825-67b85cabcc97,2026-09-15 10:34:07,Superhero Mask (Red),Costumes,7,11.25,78.75,bank_transfer,Africa
3529,ab05347f-d556-437d-8f08-81ee8011316b,2026-07-05 21:17:11,Superhero Mask (Red),Costumes,4,11.25,45.0,credit_card,Asia Pacific
3530,892e6161-be2d-440a-9e9b-23bc50c7c006,2026-07-31 15:05:54,Ergonomic Keyboard,Electronics,7,65.0,455.0,debit_card,Asia Pacific
3531,295d6fbf-430f-401d-bad4-09e2a319dcb4,2026-02-03 10:11:03,Magic Flashing Fruit Bowl,Novelty Items,2,34.0,68.0,debit_card,Middle East
3532,4d16f049-44d7-4f9a-a38b-05b72b64777c,2026-06-30 17:37:56,RC Mini Monster Truck,Toys,10,28.0,280.0,cash,North America
3533,6703b636-5380-4904-a88c-7015aab97e49,2025-11-20 06:03:13,Ride On Dinosaur Costume,Costumes,4,145.0,580.0,bank_transfer,Africa
3534,f73936e9-54e3-4579-80af-d193f780ef2f,2026-06-10 16:52:50,Magic Flashing Fruit Bowl,Novelty Items,6,34.0,204.0,paypal,Asia Pacific
3535,e7c421c7-4049-4b71-bd10-6c6081627cf1,2026-09-26 10:36:49,Air Cushion Machine,Packaging,4,1850.0,7400.0,cash,Europe
3536,8471b4b0-ae1b-4f69-b740-d83173318749,2026-01-28 05:36:34,Ergonomic Keyboard,Electronics,5,65.0,325.0,credit_card,Asia Pacific
3537,ab05347f-d556-437d-8f08-81ee8011316b,2026-02-25 09:25:01,Novelty Chilli Chocolates 250g,Confectionery,1,8.5,8.5,bank_transfer,Asia Pacific
3538,5a856750-692a-4139-9f4a-8ca1ab85fd59,2026-06-01 08:23:02,Superhero Mask (Red),Costumes,2,11.25,22.5,paypal,Europe
3539,c7332304-4822-4120-84f9-eccd7630a8a7,2025-12-30 10:07:25,Superhero Mask (Red),Costumes,2,11.25,22.5,paypal,South America
3540,3db0174e-7938-478a-89b5-aab0c12169db,2025-12-29 18:05:10,50mm Double Sided Tape,Packaging,2,5.75,11.5,bank_transfer,Asia Pacific
3541,614077d3-9ec4-4a48-9773-f98d550c2fe9,2025-11-26 12:36:39,Novelty Chilli Chocolates 250g,Confectionery,5,8.5,42.5,paypal,North America
3542,a9597663-6daa-4e68-8861-fe1858e25888,2026-04-09 08:38:17,Ride On Dinosaur Costume,Costumes,4,145.0,580.0,cash,North America
3543,77a6e17c-d72b-4108-aa40-5f12b963f37f,2025-12-04 03:27:09,Ride On Dinosaur Costume,Costumes,9,145.0,1305.0,debit_card,Africa
3544,8ce21ea3-db20-456e-9c81-5fe7ceda8bbb,2026-03-31 08:22:05,Ergonomic Keyboard,Electronics,1,65.0,65.0,cash,South America
3545,6a07f213-7129-4ec7-9b69-554d7c54535f,2026-07-23 01:03:12,Superhero Mask (Red),Costumes,5,11.25,56.25,cash,Asia Pacific
3546,a4bbf962-606e-4e1c-8f15-84494f40c22f,2026-05-28 21:33:21,Superhero Mask (Red),Costumes,3,11.25,33.75,debit_card,South America
3547,a39c3bd5-ab86-4afd-b57e-c883d2586d90,2026-02-27 18:05:44,RC Mini Monster Truck,Toys,9,28.0,252.0,debit_card,Africa
3548,a847bce7-90fa-4b57-a4ac-2130deaf528d,2026-03-16 03:37:18,Furry Gloves (Black) S,Clothing,3,15.5,46.5,credit_card,South America
3549,4639447b-2067-4dac-88bd-13d1b540b30e,2026-07-05 06:13:17,Novelty Chilli Chocolates 250g,Confectionery,8,8.5,68.0,paypal,Asia Pacific
3550,4de1087b-afa1-4a55-8ebe-abaa28597b34,2026-05-06 22:53:46,Giant Chocolate Snake 1.2m,Confectionery,6,45.0,270.0,paypal,Middle East
3551,6a66c184-7de1-4f5d-af48-47f068bd075b,2026-09-25 03:32:36,Developer Flashing Fish Hat,Novelty Items,1,18.75,18.75,credit_card,Europe
3552,2dbc2134-c30f-446e-8026-695ff8cda88b,2026-04-06 12:05:43,Novelty Chilli Chocolates 250g,Confectionery,8,8.5,68.0,debit_card,Asia Pacific
3553,53ffd3a2-4a19-4501-8169-b9fcc3a00c6f,2026-07-26 18:40:41,Novelty Chilli Chocolates 250g,Confectionery,9,8.5,76.5,cash,Africa
3554,06f028ff-a9ba-4a27-907b-fe36978648f8,2026-05-02 09:41:15,Packaging Tape Dispenser,Packaging,3,22.5,67.5,credit_card,North America
3555,c56811cd-5563-4616-80e8-5ece0b49452d,2026-08-13 02:47:41,Developer Flashing Fish Hat,Novelty Items,4,18.75,75.0,bank_transfer,North America
3556,d49405f0-2cd2-4404-a48e-40f1d0421dfa,2026-06-20 13:28:06,USB Food Flash Drive - Chocolate,Novelty Items,8,12.0,96.0,bank_transfer,Middle East
3557,1519fd38-66fb-471d-b3a9-dcaa6c6f6d2e,2026-08-22 06:50:31,Ergonomic Keyboard,Electronics,3,65.0,195.0,cash,Africa
3558,84ef4324-cc1b-4157-ac9f-9c545e0a72ab,2025-12-29 11:24:12,Novelty Chilli Chocolates 250g,Confectionery,5,8.5,42.5,bank_transfer,Europe
3559,30c36756-d453-4867-b97e-6224891f6912,2026-07-28 12:42:21,Ride On Dinosaur Costume,Costumes,6,145.0,870.0,cash,Europe
3560,d284f54e-febe-40db-9a3a-61036e3c4532,2026-01-09 18:12:16,Magic Flashing Fruit Bowl,Novelty Items,2,34.0,68.0,bank_transfer,Africa
3561,6cedd15d-5800-4c02-87ea-7ff58db06746,2026-06-26 20:54:21,Superhero Mask (Red),Costumes,10,11.25,112.5,debit_card,South America
3562,3fead90a-21f8-472d-9db7-570eb390b059,2026-07-25 18:20:31,Packaging Tape Dispenser,Packaging,3,22.5,67.5,debit_card,South America
3563,72f60958-12ef-4101-a082-786fca00ef58,2026-05-25 01:03:10,Giant Chocolate Snake 1.2m,Confectionery,2,45.0,90.0,credit_card,Africa
3564,ff6ef9ed-7e4c-429f-b8cb-ab4c97790e84,2026-09-09 17:52:05,Clear Ethernet Cable 2m,Electronics,5,9.99,49.95,cash,North America
3565,4ab7706e-b773-40ca-aec2-59dc7f95897c,2026-08-07 10:29:11,Air Cushion Machine,Packaging,4,1850.0,7400.0,debit_card,Africa
3566,dea45c19-d024-4d72-b748-967f961d33ba,2025-11-06 10:44:46,Giant Chocolate Snake 1.2m,Confectionery,5,45.0,225.0,bank_transfer,Africa
3567,b87b6384-9fdd-4e2e-a8a2-b7ad2bd3cdcd,2026-04-27 17:44:12,Magic Flashing Fruit Bowl,Novelty Items,9,34.0,306.0,cash,Europe
3568,11906f50-3488-4a46-9088-2eafc9776598,2026-03-28 03:39:09,Furry Gloves (Black) S,Clothing,3,15.5,46.5,bank_transfer,Europe
3569,e7ba26ac-ab7a-4d1c-8cfe-f6833e11bafe,2026-04-28 18:35:24,Giant Chocolate Snake 1.2m,Confectionery,3,45.0,135.0,credit_card,Africa
3570,d5b6de85-3902-49d9-ba8d-ae42ba54e920,2026-07-05 23:14:07,RC Mini Monster Truck,Toys,7,28.0,196.0,credit_card,South America
3571,7c0e8cd8-8573-4793-8715-b2b9c40c5d91,2026-02-23 03:44:20,Ride On Dinosaur Costume,Costumes,1,145.0,145.0,credit_card,South America
3572,a5135ea0-fa53-434d-a6d5-901d8b621d41,2025-11-04 23:37:47,Ride On Dinosaur Costume,Costumes,7,145.0,1015.0,credit_card,Middle East
3573,143ac1c5-4f56-4ed5-9566-9e364708203b,2026-09-26 21:00:00,Ergonomic Keyboard,Electronics,8,65.0,520.0,paypal,South America
3574,925817b7-cf50-4889-a8b7-7f7b7321bf6b,2026-05-12 18:05:36,Giant Chocolate Snake 1.2m,Confectionery,10,45.0,450.0,bank_transfer,South America
3575,b489d070-7914-48a8-bea4-ff31517400f8,2025-11-18 05:31:17,Ergonomic Keyboard,Electronics,10,65.0,650.0,cash,Asia Pacific
3576,5efeef4f-d8dd-4bc0-b325-3aa3ec170298,2025-10-29 15:17:11,USB Food Flash Drive - Chocolate,Novelty Items,5,12.0,60.0,cash,Europe
3577,81fb18b3-c9a7-491f-af2a-e71357021049,2026-08-23 12:23:37,Developer Flashing Fish Hat,Novelty Items,3,18.75,56.25,paypal,Asia Pacific
3578,92170475-3d95-4e3f-9a52-26e69d642932,2026-05-06 08:07:14,Furry Gloves (Black) S,Clothing,9,15.5,139.5,credit_card,Africa
3579,76492e64-f55d-4e6d-ad26-8b378f5242d3,2026-09-21 07:11:14,Superhero Mask (Red),Costumes,6,11.25,67.5,cash,Europe
3580,c42cbc39-e05b-46c5-9636-3094a97431db,2026-04-19 23:08:26,USB Food Flash Drive - Chocolate,Novelty Items,6,12.0,72.0,credit_card,Middle East
3581,b04d3376-77fc-4703-9fd5-a423706c5c56,2025-12-23 03:53:50,Ride On Dinosaur Costume,Costumes,2,145.0,290.0,bank_transfer,North America
3582,4b9dfd58-9e5d-4c7a-85ac-c35415f00cb4,2026-05-16 01:37:34,USB Food Flash Drive - Chocolate,Novelty Items,9,12.0,108.0,paypal,South America
3583,03902c5d-6502-46a2-8a6a-2224171e16cc,2026-05-02 01:41:41,Superhero Mask (Red),Costumes,6,11.25,67.5,bank_transfer,Asia Pacific
3584,35adde88-43e4-4668-82ea-d2df725656e3,2025-12-02 20:23:06,Packaging Tape Dispenser,Packaging,2,22.5,45.0,cash,South America
3585,5e781fd7-94e0-43ba-a9f9-48b24e6384bb,2025-12-08 13:15:25,Clear Ethernet Cable 2m,Electronics,9,9.99,89.91,debit_card,Africa
3586,892e6161-be2d-440a-9e9b-23bc50c7c006,2026-02-10 01:56:15,Air Cushion Machine,Packaging,1,1850.0,1850.0,paypal,Middle East
3587,ba370623-bc5f-44dd-992f-3c1edf70fb2a,2026-09-02 12:02:47,Magic Flashing Fruit Bowl,Novelty Items,3,34.0,102.0,cash,Middle East
3588,b3e4110a-45f5-4c52-ae2f-bf77076979d6,2026-04-25 17:35:39,Novelty Chilli Chocolates 250g,Confectionery,9,8.5,76.5,cash,South America
3589,2702878b-9f0f-4a8d-8537-9ff6d6d7b3b8,2026-03-26 05:54:43,50mm Double Sided Tape,Packaging,9,5.75,51.75,paypal,South America
3590,75eb89c2-3f5c-42f3-bacb-43a3d2c7bffb,2025-11-19 19:05:42,USB Food Flash Drive - Chocolate,Novelty Items,3,12.0,36.0,cash,South America
3591,0b95017c-5dae-4201-a73b-a8bdc38c1dec,2026-06-26 20:28:15,Superhero Mask (Red),Costumes,3,11.25,33.75,cash,Asia Pacific
3592,25440fe0-6e41-4d47-9ff5-95ea5bc440f1,2025-12-24 10:08:25,Superhero Mask (Red),Costumes,4,11.25,45.0,credit_card,Asia Pacific
3593,ed1115d7-50a4-4c85-99d5-7b0242d04d55,2026-07-11 01:49:10,Alien Egg Fidget Ball,Novelty Items,7,6.25,43.75,cash,Asia Pacific
3594,eef16694-50ca-432d-8aba-590ee2c328aa,2026-05-20 02:59:24,RC Mini Monster Truck,Toys,8,28.0,224.0,paypal,South America
3595,3eb13b90-4668-4257-bdd6-40fb06671ad1,2026-04-13 11:51:59,50mm Double Sided Tape,Packaging,5,5.75,28.75,credit_card,Europe
3596,ea11905b-51fa-4efa-96f8-9f7ac2fa1da8,2025-11-09 23:17:50,50mm Double Sided Tape,Packaging,9,5.75,51.75,paypal,South America
3597,1cd66b09-cf0e-4d2b-b15c-167a45d8a6ad,2026-09-19 17:54:56,RC Mini Monster Truck,Toys,10,28.0,280.0,credit_card,North America
3598,722764e6-8c41-461b-a827-a1b9d4a02e53,2026-04-21 20:42:10,Furry Gloves (Black) S,Clothing,7,15.5,108.5,debit_card,Asia Pacific
3599,2f383b43-a137-48e4-a7b1-3040cc39b925,2026-03-27 15:51:33,Superhero Mask (Red),Costumes,3,11.25,33.75,debit_card,Asia Pacific
3600,0f9aeb70-4670-4cd6-8ced-a16469df14e9,2026-08-15 17:12:58,Furry Gloves (Black) S,Clothing,3,15.5,46.5,bank_transfer,Asia Pacific
3601,3985fb62-17dc-4eff-a872-13f98d605936,2025-10-27 06:13:22,Magic Flashing Fruit Bowl,Novelty Items,4,34.0,136.0,paypal,North America
3602,722764e6-8c41-461b-a827-a1b9d4a02e53,2026-03-30 17:57:18,Air Cushion Machine,Packaging,5,1850.0,9250.0,bank_transfer,North America
3603,e1b243cc-cf76-4343-bced-f994d631c383,2025-11-25 21:28:12,50mm Double Sided Tape,Packaging,10,5.75,57.5,debit_card,South America
3604,3ee82983-d557-4241-91dd-b9bf613d2de9,2026-04-22 23:28:34,Ergonomic Keyboard,Electronics,3,65.0,195.0,paypal,Europe
3605,7f7f6c0a-07c0-4116-a394-ed549e3c5a88,2026-03-15 23:41:50,Novelty Chilli Chocolates 250g,Confectionery,2,8.5,17.0,paypal,Middle East
3606,c7e53bbb-dcb5-4c53-9b62-a8df493e904d,2026-04-01 01:19:48,USB Food Flash Drive - Chocolate,Novelty Items,10,12.0,120.0,debit_card,Africa
3607,e8cee951-b047-4ea4-bee5-ce6933cb202e,2026-05-12 15:41:34,Ergonomic Keyboard,Electronics,5,65.0,325.0,credit_card,Middle East
3608,a1c7cc8a-0435-4b64-893a-d23298c3e3ca,2025-10-28 01:48:19,50mm Double Sided Tape,Packaging,10,5.75,57.5,debit_card,North America
3609,eb93f78c-620a-4158-9d2d-904f78c59073,2026-05-10 16:01:37,RC Mini Monster Truck,Toys,6,28.0,168.0,paypal,North America
3610,fbc9f87a-f668-4617-94a1-875d2db69edb,2026-04-03 05:20:16,Clear Ethernet Cable 2m,Electronics,5,9.99,49.95,bank_transfer,Asia Pacific
3611,db842660-f5d8-4b91-ae60-81ac2dd0622e,2026-06-23 22:18:33,Magic Flashing Fruit Bowl,Novelty Items,3,34.0,102.0,bank_transfer,Europe
3612,2dea9493-0658-463a-a98c-206fe1a47e10,2026-08-15 00:39:21,Air Cushion Machine,Packaging,9,1850.0,16650.0,credit_card,Africa
3613,23204ff5-b538-496c-833e-02f71e93d127,2026-02-02 08:00:29,Magic Flashing Fruit Bowl,Novelty Items,10,34.0,340.0,paypal,South America
3614,9c3de1b0-022b-4683-9033-da6587cf63fd,2026-07-13 13:07:07,Superhero Mask (Red),Costumes,8,11.25,90.0,bank_transfer,Asia Pacific
3615,23204ff5-b538-496c-833e-02f71e93d127,2025-10-14 02:34:30,Novelty Chilli Chocolates 250g,Confectionery,2,8.5,17.0,paypal,Africa
3616,7316ce64-2a14-4a96-9b0c-62eb27c8fc6c,2026-03-08 10:10:09,50mm Double Sided Tape,Packaging,5,5.75,28.75,paypal,Africa
3617,a4bbf962-606e-4e1c-8f15-84494f40c22f,2026-01-12 11:22:22,Packaging Tape Dispenser,Packaging,6,22.5,135.0,paypal,Europe
3618,2790cebd-bfdd-43d9-9ee3-ac2af94d6204,2026-08-18 17:33:19,USB Food Flash Drive - Chocolate,Novelty Items,1,12.0,12.0,bank_transfer,South America
3619,49c13de7-3b42-46c5-885b-15fb4a8ff810,2025-10-06 19:45:57,Magic Flashing Fruit Bowl,Novelty Items,8,34.0,272.0,cash,Asia Pacific
3620,cd5f4822-6966-48aa-ae49-f329c84a7b28,2026-07-22 07:03:40,Giant Chocolate Snake 1.2m,Confectionery,5,45.0,225.0,bank_transfer,Middle East
3621,0e0630cd-996d-4c50-bc04-a168652ffb49,2025-12-29 06:38:49,Magic Flashing Fruit Bowl,Novelty Items,10,34.0,340.0,cash,Middle East
3622,f264accc-79ac-4b1e-a8e5-6e0c20de435d,2026-05-18 05:54:41,Superhero Mask (Red),Costumes,7,11.25,78.75,cash,North America
3623,a7edc8d8-713f-4f8c-ac8b-e53758ab4778,2025-11-03 00:20:39,Magic Flashing Fruit Bowl,Novelty Items,2,34.0,68.0,credit_card,North America
3624,c4767556-f97b-42dd-8f9b-72aed85c16bd,2025-10-23 05:47:28,Furry Gloves (Black) S,Clothing,4,15.5,62.0,cash,Africa
3625,822c4d32-6c64-4c15-aba3-01cba561e1e9,2026-03-19 04:48:20,50mm Double Sided Tape,Packaging,10,5.75,57.5,bank_transfer,Africa
3626,3a7e8e14-e359-4ee1-b399-1a476e191042,2026-02-16 10:54:05,50mm Double Sided Tape,Packaging,1,5.75,5.75,bank_transfer,Asia Pacific
3627,04fc6d82-7d15-4385-92fb-e43b99546eb4,2026-07-04 15:43:11,Magic Flashing Fruit Bowl,Novelty Items,9,34.0,306.0,bank_transfer,Africa
3628,0bb401e7-69f7-43f1-901b-a8515ee68495,2025-10-30 09:56:42,50mm Double Sided Tape,Packaging,7,5.75,40.25,credit_card,South America
3629,3f22faf8-23be-401d-83cf-2fde24933b83,2026-05-03 19:40:08,Magic Flashing Fruit Bowl,Novelty Items,3,34.0,102.0,paypal,North America
3630,dba6fdf8-f3d0-4ffb-8470-9848929ecc92,2025-10-29 01:16:58,Alien Egg Fidget Ball,Novelty Items,7,6.25,43.75,credit_card,Africa
3631,5e187b24-8e67-4a01-986a-646059a1120e,2026-10-03 14:36:09,Ergonomic Keyboard,Electronics,5,65.0,325.0,paypal,Europe
3632,195d82f8-ee4a-4b5d-9195-54e307374c86,2026-09-17 22:22:47,Air Cushion Machine,Packaging,5,1850.0,9250.0,credit_card,Europe
3633,df3a098a-ccac-4fb5-9a0c-6c0493cd1291,2025-11-01 10:57:53,Ergonomic Keyboard,Electronics,5,65.0,325.0,debit_card,South America
3634,f10bce9c-582b-41ee-b8e8-035b0c00988a,2026-10-03 07:04:43,Packaging Tape Dispenser,Packaging,9,22.5,202.5,paypal,Africa
3635,7374ccbf-d78c-47d3-9088-50d32fe5b140,2026-04-06 23:40:56,Clear Ethernet Cable 2m,Electronics,6,9.99,59.94,debit_card,Asia Pacific
3636,3ce915e7-c9d6-463b-8a3c-6f5f5bb5c40c,2025-10-17 23:27:00,Superhero Mask (Red),Costumes,2,11.25,22.5,paypal,Middle East
3637,aba4fc03-5efa-4c5b-b421-ff46637e4b01,2026-01-25 03:32:20,Packaging Tape Dispenser,Packaging,4,22.5,90.0,paypal,North America
3638,b40a9181-ac09-4db7-9908-6e477249f62c,2026-03-13 10:34:32,RC Mini Monster Truck,Toys,2,28.0,56.0,bank_transfer,Europe
3639,b40a9181-ac09-4db7-9908-6e477249f62c,2025-12-14 13:12:26,Magic Flashing Fruit Bowl,Novelty Items,8,34.0,272.0,debit_card,Asia Pacific
3640,b66edbf4-a0ea-4251-8957-43a281b13b80,2026-07-31 06:59:55,Air Cushion Machine,Packaging,5,1850.0,9250.0,bank_transfer,Europe
3641,69be173a-850e-40ad-9872-f72ee5b4a1ae,2025-11-27 05:56:53,Developer Flashing Fish Hat,Novelty Items,8,18.75,150.0,paypal,South America
3642,35a240ae-5af3-4553-9ec4-2e0829a3b2e9,2026-07-30 01:41:27,Ride On Dinosaur Costume,Costumes,6,145.0,870.0,credit_card,South America
3643,4de1087b-afa1-4a55-8ebe-abaa28597b34,2026-06-11 19:06:21,Magic Flashing Fruit Bowl,Novelty Items,5,34.0,170.0,cash,Africa
3644,a0a11839-e745-4704-98df-bc3ca0d4de3d,2026-07-15 21:07:49,Giant Chocolate Snake 1.2m,Confectionery,9,45.0,405.0,cash,Middle East
3645,21c71aa3-7414-43b5-8e3e-25f2cf0671c7,2026-06-13 11:42:18,Ride On Dinosaur Costume,Costumes,7,145.0,1015.0,credit_card,South America
3646,a921cb4c-95fb-4976-ae00-7b7e2f8c83e5,2026-03-17 21:43:01,USB Food Flash Drive - Chocolate,Novelty Items,2,12.0,24.0,cash,Africa
3647,620e99d3-3b33-43d8-a69c-d696236c7b87,2026-02-28 01:53:18,Clear Ethernet Cable 2m,Electronics,5,9.99,49.95,paypal,Middle East
3648,7e8f8095-624c-49b6-b244-45a7b7e58481,2026-09-16 19:29:27,Developer Flashing Fish Hat,Novelty Items,7,18.75,131.25,bank_transfer,North America
3649,1cb9b73a-906d-4c8c-aad0-8c8913fe8a29,2026-03-03 04:37:41,Superhero Mask (Red),Costumes,5,11.25,56.25,cash,North America
3650,06d3db93-ee33-488d-997e-6845e27718c5,2026-03-28 20:19:43,Developer Flashing Fish Hat,Novelty Items,4,18.75,75.0,credit_card,South America
3651,fb37afae-cd85-43ca-993e-638d774c0afa,2026-09-08 09:06:29,Packaging Tape Dispenser,Packaging,3,22.5,67.5,paypal,North America
3652,231ae7c7-4c9b-4f5c-a188-7eaf5e1885c3,2026-09-26 19:47:30,Ergonomic Keyboard,Electronics,4,65.0,260.0,debit_card,South America
3653,290a3abb-c35b-4fea-9578-d70948f9e3d0,2026-09-22 19:20:37,RC Mini Monster Truck,Toys,4,28.0,112.0,debit_card,South America
3654,0d366dfc-c28e-4d70-b129-9889a01ac992,2026-03-01 06:10:50,Novelty Chilli Chocolates 250g,Confectionery,5,8.5,42.5,credit_card,Middle East
3655,adaa44ca-8ed6-4d5e-9831-8aa354669d19,2026-02-28 12:55:47,Ergonomic Keyboard,Electronics,8,65.0,520.0,cash,Middle East
3656,990f0c5b-adcc-4daf-969f-3ab3c6435300,2025-11-05 19:38:37,Magic Flashing Fruit Bowl,Novelty Items,4,34.0,136.0,debit_card,Middle East
3657,61ea2f30-e42e-407a-be2b-d9875fdcabbf,2026-06-27 19:10:04,Magic Flashing Fruit Bowl,Novelty Items,7,34.0,238.0,cash,Asia Pacific
3658,d6b361e4-3b6d-4a0d-afe5-040b1901ef87,2026-06-19 16:00:47,50mm Double Sided Tape,Packaging,5,5.75,28.75,paypal,Europe
3659,a847bce7-90fa-4b57-a4ac-2130deaf528d,2026-09-10 07:05:28,Clear Ethernet Cable 2m,Electronics,6,9.99,59.94,debit_card,Europe
3660,ab73295b-344a-44b8-82c1-8a62ef48e8d5,2026-05-03 02:18:09,Packaging Tape Dispenser,Packaging,6,22.5,135.0,debit_card,Europe
3661,1e0d02b5-fe74-42cd-9d83-ad037066e289,2025-11-26 07:12:52,Superhero Mask (Red),Costumes,4,11.25,45.0,cash,Middle East
3662,a50a13dc-f004-4897-a15b-2e18afb06406,2026-06-16 11:02:20,Ride On Dinosaur Costume,Costumes,2,145.0,290.0,cash,Africa
3663,23c86d30-1dde-4969-a886-13dba6348e78,2026-09-04 18:06:42,Ergonomic Keyboard,Electronics,9,65.0,585.0,credit_card,Middle East
3664,1a2bd69c-450f-49ee-82e7-9a985c238d8d,2026-02-17 17:06:36,Air Cushion Machine,Packaging,6,1850.0,11100.0,cash,South America
3665,b6d1f6bb-f48f-409c-89a2-24410ac4de85,2025-11-20 17:24:03,Ergonomic Keyboard,Electronics,5,65.0,325.0,credit_card,Asia Pacific
3666,ae92ea71-cf7d-4b43-9679-742fff4c96d6,2025-12-13 23:09:16,Magic Flashing Fruit Bowl,Novelty Items,8,34.0,272.0,cash,Asia Pacific
3667,3602f8ac-10f1-4c81-848a-aa9e66b2bc5b,2026-05-02 07:16:18,USB Food Flash Drive - Chocolate,Novelty Items,3,12.0,36.0,cash,Asia Pacific
3668,69be173a-850e-40ad-9872-f72ee5b4a1ae,2026-03-07 07:13:54,Packaging Tape Dispenser,Packaging,1,22.5,22.5,paypal,Asia Pacific
3669,7b3a4e3e-7c52-4a17-a80a-c07a2a935d62,2026-04-29 00:49:46,Superhero Mask (Red),Costumes,3,11.25,33.75,paypal,North America
3670,35102852-b474-4349-89fc-2cd8c56bad4c,2025-11-24 02:37:14,50mm Double Sided Tape,Packaging,5,5.75,28.75,paypal,Africa
3671,507b9072-65e5-4f34-9df0-6e8c878aaed9,2026-07-15 07:47:21,Novelty Chilli Chocolates 250g,Confectionery,10,8.5,85.0,bank_transfer,Africa
3672,c2874f06-9050-47ef-8123-5c9176c5a0dc,2025-12-31 03:16:58,Furry Gloves (Black) S,Clothing,3,15.5,46.5,debit_card,Africa
3673,d8e049de-0217-4a0e-8964-90ab4926ce5f,2026-08-25 20:45:40,Ergonomic Keyboard,Electronics,5,65.0,325.0,paypal,Europe
3674,c8ebe27a-23a4-470e-9dbc-15c02a7dc57c,2025-10-07 00:01:59,Air Cushion Machine,Packaging,10,1850.0,18500.0,cash,Asia Pacific
3675,02571851-26a9-4100-b509-109b116658ce,2026-07-26 07:45:45,Ride On Dinosaur Costume,Costumes,9,145.0,1305.0,cash,Europe
3676,c9ea356a-7abf-4ebf-942c-b1ae19f738cb,2025-10-14 11:34:05,Superhero Mask (Red),Costumes,1,11.25,11.25,cash,North America
3677,6afa828c-2cd1-4b9f-abe5-841fe9c96c52,2026-01-29 12:36:15,50mm Double Sided Tape,Packaging,6,5.75,34.5,credit_card,North America
3678,18c8a616-2410-4e9a-bf77-9cae7318b96d,2026-04-03 11:10:07,Magic Flashing Fruit Bowl,Novelty Items,2,34.0,68.0,bank_transfer,Africa
3679,3985fb62-17dc-4eff-a872-13f98d605936,2026-06-24 05:08:00,Ride On Dinosaur Costume,Costumes,4,145.0,580.0,cash,South America
3680,ff01cf99-988c-44c9-a1b1-cd2262801c45,2026-07-11 22:06:04,Superhero Mask (Red),Costumes,3,11.25,33.75,bank_transfer,Africa
3681,da587e8a-a25d-4b29-afff-cfd2341ef40b,2026-05-05 02:15:29,USB Food Flash Drive - Chocolate,Novelty Items,6,12.0,72.0,credit_card,Asia Pacific
3682,3fead90a-21f8-472d-9db7-570eb390b059,2026-03-19 08:49:10,Magic Flashing Fruit Bowl,Novelty Items,7,34.0,238.0,bank_transfer,Asia Pacific
3683,76f2dbfe-cd29-436f-a222-82e174daaebf,2026-04-30 05:38:25,50mm Double Sided Tape,Packaging,8,5.75,46.0,paypal,South America
3684,5a856750-692a-4139-9f4a-8ca1ab85fd59,2026-03-01 22:46:21,USB Food Flash Drive - Chocolate,Novelty Items,5,12.0,60.0,debit_card,Africa
3685,28524385-d9f2-4d0d-8cc9-f5f2e42e5037,2026-08-21 09:56:06,Clear Ethernet Cable 2m,Electronics,5,9.99,49.95,credit_card,South America
3686,c29cfc0c-fa02-4aec-96ef-2ad6b97e6703,2026-01-02 20:17:02,Alien Egg Fidget Ball,Novelty Items,7,6.25,43.75,debit_card,Europe
3687,07f97d05-f6ca-4b8b-a4b1-f99175424646,2026-01-09 18:38:20,Giant Chocolate Snake 1.2m,Confectionery,2,45.0,90.0,bank_transfer,North America
3688,c4b032cc-d7c5-44a5-9304-317faf42e12f,2026-04-02 12:59:54,Packaging Tape Dispenser,Packaging,5,22.5,112.5,cash,North America
3689,01b158e9-0406-4f44-bce4-0679a8c6dbc0,2026-02-17 02:06:08,Packaging Tape Dispenser,Packaging,1,22.5,22.5,paypal,North America
3690,13eb22c9-bece-421a-94c7-743b2401342a,2025-12-04 21:29:44,Ride On Dinosaur Costume,Costumes,1,145.0,145.0,cash,North America
3691,4a1dab32-6aed-4dc7-a3e0-5309b5a1b949,2026-01-20 16:54:05,Novelty Chilli Chocolates 250g,Confectionery,6,8.5,51.0,paypal,North America
3692,ba370623-bc5f-44dd-992f-3c1edf70fb2a,2025-12-17 20:25:29,Furry Gloves (Black) S,Clothing,10,15.5,155.0,paypal,North America
3693,effa2002-3040-413c-8690-fb1527b608dc,2026-10-04 16:57:27,Ride On Dinosaur Costume,Costumes,4,145.0,580.0,cash,Asia Pacific
3694,2834e4c0-14c8-43b4-a911-d19243bfd931,2026-09-10 13:11:28,Ride On Dinosaur Costume,Costumes,9,145.0,1305.0,paypal,North America
3695,2f4dd219-186b-4880-ab54-5a15669d01ff,2026-07-14 05:22:21,Superhero Mask (Red),Costumes,3,11.25,33.75,paypal,Middle East
3696,d6b361e4-3b6d-4a0d-afe5-040b1901ef87,2026-07-29 22:32:34,Ride On Dinosaur Costume,Costumes,8,145.0,1160.0,debit_card,Middle East
3697,8da0365b-f898-47b9-805c-acec877409a9,2025-11-18 11:26:52,Ride On Dinosaur Costume,Costumes,8,145.0,1160.0,cash,North America
3698,c2aef674-8beb-4e78-a683-73a3bb82b796,2025-10-18 03:56:48,RC Mini Monster Truck,Toys,9,28.0,252.0,credit_card,Europe
3699,cb9bc326-d20e-4c17-8e20-fd1a598336e3,2026-08-16 00:32:35,RC Mini Monster Truck,Toys,5,28.0,140.0,paypal,Africa
3700,0a8bb5b4-9049-4583-ac86-a890d7b00bdc,2026-06-19 01:08:53,Ride On Dinosaur Costume,Costumes,10,145.0,1450.0,debit_card,North America
3701,951c25d5-4d4c-4280-9462-52e7f43ba052,2026-03-17 11:15:55,Ergonomic Keyboard,Electronics,4,65.0,260.0,debit_card,Middle East
3702,3dbc3093-a828-4442-bf73-8f5019a2676f,2026-06-01 11:09:33,RC Mini Monster Truck,Toys,6,28.0,168.0,bank_transfer,Africa
3703,6a66c184-7de1-4f5d-af48-47f068bd075b,2026-07-30 03:47:43,Packaging Tape Dispenser,Packaging,7,22.5,157.5,bank_transfer,North America
3704,63f2ae24-fc3d-4348-808d-4127610461e3,2026-10-04 06:01:46,Giant Chocolate Snake 1.2m,Confectionery,9,45.0,405.0,paypal,South America
3705,409d3602-5084-4242-968b-1625746f7891,2026-09-13 20:52:06,Developer Flashing Fish Hat,Novelty Items,3,18.75,56.25,bank_transfer,South America
3706,c40db9b4-885f-4e66-82b6-d2c5fa5d3100,2026-09-15 22:07:32,Furry Gloves (Black) S,Clothing,7,15.5,108.5,paypal,North America
3707,53c93ae7-7cf0-4bb3-b343-d9eb7466ef02,2025-10-11 17:29:20,RC Mini Monster Truck,Toys,8,28.0,224.0,cash,North America
3708,d450281c-6c6f-4633-a260-772317a0df49,2026-01-07 02:49:55,Superhero Mask (Red),Costumes,9,11.25,101.25,paypal,Middle East
3709,299656e2-4c9d-4907-93b2-2cecedcabf94,2025-12-24 16:28:46,Magic Flashing Fruit Bowl,Novelty Items,10,34.0,340.0,cash,Middle East
3710,937bf79b-bb44-4adc-aa98-fef8d0d75e37,2025-10-31 18:51:23,Clear Ethernet Cable 2m,Electronics,9,9.99,89.91,debit_card,Europe
3711,b231c60b-78f2-4e6b-946b-415deada79a3,2025-11-13 20:05:06,Developer Flashing Fish Hat,Novelty Items,3,18.75,56.25,debit_card,Europe
3712,626d719d-81cf-4252-9815-9d6c9d713084,2026-05-24 07:37:13,Giant Chocolate Snake 1.2m,Confectionery,7,45.0,315.0,bank_transfer,Asia Pacific
3713,3f22faf8-23be-401d-83cf-2fde24933b83,2025-10-18 16:36:47,USB Food Flash Drive - Chocolate,Novelty Items,8,12.0,96.0,bank_transfer,North America
3714,67fd64c4-a334-458a-abd2-b5121335e5db,2026-03-28 00:47:31,Developer Flashing Fish Hat,Novelty Items,9,18.75,168.75,cash,Asia Pacific
3715,49e64c22-89a0-47eb-b98f-569b465cc2cb,2026-05-25 19:25:07,Alien Egg Fidget Ball,Novelty Items,8,6.25,50.0,paypal,Africa
3716,83d5bceb-5edb-48ee-82ba-f0e02179e3f0,2026-06-23 15:22:26,50mm Double Sided Tape,Packaging,1,5.75,5.75,credit_card,South America
3717,4eb9047d-ba2a-43d9-bcf2-fc3bd95874c2,2026-07-05 18:45:46,USB Food Flash Drive - Chocolate,Novelty Items,5,12.0,60.0,cash,Africa
3718,62e7c1a6-12d2-4a06-89e1-cd138da00495,2026-09-09 09:16:07,RC Mini Monster Truck,Toys,10,28.0,280.0,debit_card,Africa
3719,7f53a88e-4efc-4248-a10b-1a477faeb748,2025-10-24 13:21:21,Developer Flashing Fish Hat,Novelty Items,1,18.75,18.75,credit_card,North America
3720,cc3ebdde-5ad5-4f06-b64d-7c877cd0129d,2026-01-08 16:44:50,Alien Egg Fidget Ball,Novelty Items,7,6.25,43.75,paypal,Middle East
3721,f166cdcf-762c-4fbc-ba2a-a7baf3f81c31,2026-07-20 06:00:10,Novelty Chilli Chocolates 250g,Confectionery,7,8.5,59.5,cash,Middle East
3722,8471b4b0-ae1b-4f69-b740-d83173318749,2025-10-22 19:58:33,Superhero Mask (Red),Costumes,3,11.25,33.75,paypal,Africa
3723,f7e9101d-3f8b-4433-b60e-695c1759ba96,2026-03-10 21:02:40,50mm Double Sided Tape,Packaging,1,5.75,5.75,debit_card,North America
3724,4eb9047d-ba2a-43d9-bcf2-fc3bd95874c2,2026-03-25 03:05:22,Ergonomic Keyboard,Electronics,3,65.0,195.0,debit_card,Africa
3725,a247541d-c8ad-4899-b630-794d6147adeb,2026-01-04 15:51:36,Developer Flashing Fish Hat,Novelty Items,2,18.75,37.5,debit_card,Asia Pacific
3726,66fadca0-0b53-4932-bd94-19aa3ea6e5b2,2026-05-03 06:35:08,Air Cushion Machine,Packaging,10,1850.0,18500.0,cash,North America
3727,7daa39f0-c0b6-4ce2-9e53-790aa34b6cf6,2025-12-29 00:45:19,Novelty Chilli Chocolates 250g,Confectionery,7,8.5,59.5,credit_card,Europe
3728,e8334da5-de95-4695-b579-c1437ab99428,2026-07-25 15:02:38,Novelty Chilli Chocolates 250g,Confectionery,4,8.5,34.0,paypal,South America
3729,6a07f213-7129-4ec7-9b69-554d7c54535f,2026-09-06 02:12:32,Clear Ethernet Cable 2m,Electronics,4,9.99,39.96,bank_transfer,North America
3730,53f30073-83e9-4ef4-ad7d-f5d0d3b59af7,2026-08-03 01:05:49,Ride On Dinosaur Costume,Costumes,3,145.0,435.0,debit_card,Middle East
3731,e0827f76-11a5-49b4-a6a3-02d6f43e8c48,2025-10-27 13:45:22,Giant Chocolate Snake 1.2m,Confectionery,5,45.0,225.0,bank_transfer,Africa
3732,4ac9778d-8da8-4ee4-8df5-6ac6f96b648a,2025-11-29 01:49:04,Magic Flashing Fruit Bowl,Novelty Items,5,34.0,170.0,paypal,Asia Pacific
3733,da003f16-b946-4bcf-8082-cbb948bddb3e,2026-04-19 08:18:33,50mm Double Sided Tape,Packaging,1,5.75,5.75,bank_transfer,Asia Pacific
3734,216e9fe5-93f3-4596-8c1c-8b0556771f36,2026-01-25 23:47:25,Alien Egg Fidget Ball,Novelty Items,4,6.25,25.0,bank_transfer,Europe
3735,bab2b77d-fa74-4cc8-a43a-fb7ac40d4874,2026-01-04 14:12:11,Magic Flashing Fruit Bowl,Novelty Items,1,34.0,34.0,bank_transfer,North America
3736,c04a96c4-f3b6-4fe1-9184-332417e8392a,2026-08-18 11:20:19,50mm Double Sided Tape,Packaging,8,5.75,46.0,debit_card,North America
3737,30a900ad-939b-462d-a645-f129629c2ae3,2026-09-26 13:05:56,Giant Chocolate Snake 1.2m,Confectionery,2,45.0,90.0,debit_card,Asia Pacific
3738,95560a2d-3713-4466-bda0-6476f778c676,2026-07-16 17:53:48,USB Food Flash Drive - Chocolate,Novelty Items,3,12.0,36.0,paypal,South America
3739,7cb923f5-f5ed-4382-a3a6-ef83cab63107,2026-05-17 09:23:50,50mm Double Sided Tape,Packaging,5,5.75,28.75,bank_transfer,Europe
3740,8beddb12-ad77-482f-89a2-3a89e6b5a92c,2026-02-06 12:03:27,Packaging Tape Dispenser,Packaging,5,22.5,112.5,cash,Europe
3741,a0c14035-c5d9-4f51-b387-e1bd2d5972c6,2026-05-17 22:06:54,USB Food Flash Drive - Chocolate,Novelty Items,2,12.0,24.0,debit_card,North America
3742,c29cfc0c-fa02-4aec-96ef-2ad6b97e6703,2026-05-25 20:39:22,Packaging Tape Dispenser,Packaging,8,22.5,180.0,debit_card,Middle East
3743,1a43db54-523a-4993-8b34-46bc8ba435cc,2026-08-01 16:14:15,Novelty Chilli Chocolates 250g,Confectionery,8,8.5,68.0,credit_card,North America
3744,231ae7c7-4c9b-4f5c-a188-7eaf5e1885c3,2026-06-23 20:06:40,Air Cushion Machine,Packaging,1,1850.0,1850.0,bank_transfer,South America
3745,764414fd-8ae7-49ed-9e8e-de0ba85c6e4a,2026-08-19 11:32:14,USB Food Flash Drive - Chocolate,Novelty Items,2,12.0,24.0,bank_transfer,Middle East
3746,f166cdcf-762c-4fbc-ba2a-a7baf3f81c31,2026-02-07 04:28:30,Developer Flashing Fish Hat,Novelty Items,8,18.75,150.0,debit_card,Asia Pacific
3747,7a9a8ef5-c11b-41c4-bfe3-f366bf337a15,2026-01-05 15:45:55,Magic Flashing Fruit Bowl,Novelty Items,1,34.0,34.0,cash,South America
3748,2ace1aa9-1032-46b3-a55b-fc1c7e3d5ee4,2026-01-30 20:18:29,Furry Gloves (Black) S,Clothing,4,15.5,62.0,paypal,North America
3749,ce7334f2-3393-4b6c-9d37-efb6eafb3e90,2026-09-10 22:58:45,Magic Flashing Fruit Bowl,Novelty Items,1,34.0,34.0,debit_card,Europe
3750,7603c36c-f139-4e3c-8aee-25571f5df912,2025-11-30 06:56:37,Superhero Mask (Red),Costumes,5,11.25,56.25,debit_card,Europe
3751,53853918-bc40-45fa-94f7-6322b362c0d2,2026-06-19 01:17:07,Ergonomic Keyboard,Electronics,4,65.0,260.0,credit_card,Asia Pacific
3752,9a069295-3b8d-4447-8e61-065f171b1b80,2026-04-26 02:04:18,Clear Ethernet Cable 2m,Electronics,3,9.99,29.97,paypal,Middle East
3753,d4aac9a3-3ed8-456c-9a09-dfa052828d80,2025-12-30 11:55:38,USB Food Flash Drive - Chocolate,Novelty Items,4,12.0,48.0,debit_card,Europe
3754,e5d7b875-6dad-46c7-95a7-6d79bf3c4c06,2026-03-15 06:19:12,Giant Chocolate Snake 1.2m,Confectionery,8,45.0,360.0,bank_transfer,North America
3755,725d4259-3c4b-4eec-a231-ee7342c2d2eb,2026-01-30 08:31:53,Superhero Mask (Red),Costumes,4,11.25,45.0,cash,Europe
3756,7c0e8cd8-8573-4793-8715-b2b9c40c5d91,2026-01-20 12:16:48,Packaging Tape Dispenser,Packaging,3,22.5,67.5,cash,Europe
3757,0463750e-4964-4b96-ba3c-1628892621df,2025-10-29 07:49:33,Novelty Chilli Chocolates 250g,Confectionery,2,8.5,17.0,credit_card,Asia Pacific
3758,a5e5a5ab-aefc-4ad8-afc8-9849b3aa7efe,2026-05-09 20:38:55,Packaging Tape Dispenser,Packaging,9,22.5,202.5,cash,Africa
3759,716fda0a-45a8-4829-94e2-86e5ac8936bc,2026-05-23 10:23:49,Ride On Dinosaur Costume,Costumes,6,145.0,870.0,credit_card,South America
3760,b8e19f56-8787-4a21-8448-2a220308aa5e,2026-09-12 07:11:14,RC Mini Monster Truck,Toys,2,28.0,56.0,debit_card,North America
3761,ba370623-bc5f-44dd-992f-3c1edf70fb2a,2026-07-18 04:19:59,Clear Ethernet Cable 2m,Electronics,1,9.99,9.99,credit_card,Asia Pacific
3762,81d2c7de-4ce1-4b90-a669-7833b841d0a0,2026-09-24 16:10:45,Furry Gloves (Black) S,Clothing,10,15.5,155.0,debit_card,Africa
3763,8ece1128-56ce-4b42-bc9e-1dcbcb7e6268,2025-12-12 16:01:09,Novelty Chilli Chocolates 250g,Confectionery,10,8.5,85.0,credit_card,North America
3764,3b964c74-ffe6-4994-9580-4c2ac44fc4b8,2026-06-05 18:20:19,Giant Chocolate Snake 1.2m,Confectionery,8,45.0,360.0,cash,Africa
3765,2de46e91-e8e6-4840-b090-f5a0ce610199,2026-06-26 06:04:09,Clear Ethernet Cable 2m,Electronics,5,9.99,49.95,cash,Asia Pacific
3766,01b158e9-0406-4f44-bce4-0679a8c6dbc0,2026-03-20 13:27:27,Ergonomic Keyboard,Electronics,4,65.0,260.0,bank_transfer,Middle East
3767,effa2002-3040-413c-8690-fb1527b608dc,2026-05-09 12:33:48,Alien Egg Fidget Ball,Novelty Items,6,6.25,37.5,bank_transfer,Asia Pacific
3768,a1c7cc8a-0435-4b64-893a-d23298c3e3ca,2026-04-16 03:10:49,RC Mini Monster Truck,Toys,3,28.0,84.0,cash,Europe
3769,b0b862ef-6c9f-42b9-b647-8986a3917c99,2025-10-23 20:39:04,Air Cushion Machine,Packaging,3,1850.0,5550.0,debit_card,Asia Pacific
3770,284bf962-5744-4596-b422-21676b7a2460,2026-02-16 09:50:18,Alien Egg Fidget Ball,Novelty Items,3,6.25,18.75,credit_card,Asia Pacific
3771,b6aae05b-13d5-42f7-b09b-7d97464c04af,2026-06-12 11:48:00,Furry Gloves (Black) S,Clothing,5,15.5,77.5,credit_card,Asia Pacific
3772,2c3aacdc-aed5-4a46-8bde-005b5d8babd7,2026-06-23 09:01:32,Clear Ethernet Cable 2m,Electronics,9,9.99,89.91,debit_card,Asia Pacific
3773,7a4c75d4-dc99-404c-b0e9-8b3b40a26c60,2026-03-02 16:16:42,Ride On Dinosaur Costume,Costumes,6,145.0,870.0,bank_transfer,Asia Pacific
3774,bf5023f4-40ef-4935-9f90-bed6fb25664d,2026-08-06 19:53:21,RC Mini Monster Truck,Toys,7,28.0,196.0,bank_transfer,Asia Pacific
3775,01902620-59dc-4bd0-96fe-bfb9ebe9e207,2026-04-27 08:00:35,Clear Ethernet Cable 2m,Electronics,8,9.99,79.92,paypal,Europe
3776,7e8f8095-624c-49b6-b244-45a7b7e58481,2026-02-06 10:28:48,Giant Chocolate Snake 1.2m,Confectionery,7,45.0,315.0,cash,South America
3777,4b9dfd58-9e5d-4c7a-85ac-c35415f00cb4,2026-07-03 01:43:28,Air Cushion Machine,Packaging,4,1850.0,7400.0,debit_card,Middle East
3778,01902620-59dc-4bd0-96fe-bfb9ebe9e207,2026-03-16 08:05:11,Air Cushion Machine,Packaging,10,1850.0,18500.0,bank_transfer,Middle East
3779,0ba078e8-4ef4-42c1-aac9-331686e52753,2026-03-13 04:54:39,Superhero Mask (Red),Costumes,7,11.25,78.75,paypal,South America
3780,a59b457f-c0d7-4c73-895f-fa8140d92bce,2025-12-02 14:28:07,Clear Ethernet Cable 2m,Electronics,3,9.99,29.97,credit_card,Middle East
3781,e05fb8bc-8a16-406c-8958-e75e21d53971,2026-01-30 02:49:23,Giant Chocolate Snake 1.2m,Confectionery,8,45.0,360.0,cash,Asia Pacific
3782,a021c0ca-3531-468d-8342-bd2bf295456e,2026-02-28 20:31:22,Novelty Chilli Chocolates 250g,Confectionery,4,8.5,34.0,paypal,Middle East
3783,e8334da5-de95-4695-b579-c1437ab99428,2025-12-16 01:32:09,RC Mini Monster Truck,Toys,3,28.0,84.0,bank_transfer,Middle East
3784,b4157cea-0738-4ba4-9770-a3dbe9fa97e2,2026-07-25 15:19:38,Clear Ethernet Cable 2m,Electronics,3,9.99,29.97,bank_transfer,North America
3785,75c8e90d-9e3d-450d-b296-d9f0cd2372c2,2026-05-02 13:30:52,50mm Double Sided Tape,Packaging,4,5.75,23.0,cash,Africa
3786,f7eae66e-ca6c-4f9b-8969-71018b2c550a,2026-04-07 13:10:30,Ride On Dinosaur Costume,Costumes,5,145.0,725.0,cash,South America
3787,b6d1f6bb-f48f-409c-89a2-24410ac4de85,2026-01-07 05:38:45,Giant Chocolate Snake 1.2m,Confectionery,7,45.0,315.0,debit_card,South America
3788,eef16694-50ca-432d-8aba-590ee2c328aa,2026-08-31 12:05:27,Clear Ethernet Cable 2m,Electronics,6,9.99,59.94,debit_card,Africa
3789,e3236d1a-3c1b-4acc-98e1-93311dba1267,2026-01-01 04:01:23,Ride On Dinosaur Costume,Costumes,8,145.0,1160.0,cash,Middle East
3790,8bea75c1-b866-47aa-a3d4-526b2b54ff7a,2026-01-30 10:43:34,Packaging Tape Dispenser,Packaging,1,22.5,22.5,credit_card,North America
3791,18c26797-6142-4a7d-97be-31111a2a73ed,2026-09-03 16:31:24,USB Food Flash Drive - Chocolate,Novelty Items,1,12.0,12.0,credit_card,Europe
3792,e8cda0cc-76da-4ca0-92e8-2f38a2a9d4d8,2026-07-07 10:45:12,Superhero Mask (Red),Costumes,2,11.25,22.5,paypal,South America
3793,d08012b8-96c5-4fe7-aa60-4892392612e9,2025-11-30 17:06:55,50mm Double Sided Tape,Packaging,3,5.75,17.25,debit_card,Europe
3794,b3e4110a-45f5-4c52-ae2f-bf77076979d6,2026-08-14 14:02:16,Superhero Mask (Red),Costumes,2,11.25,22.5,cash,Europe
3795,7f072cb9-2fd3-40c0-b945-f2fd56cb1ab0,2026-04-03 11:22:01,Magic Flashing Fruit Bowl,Novelty Items,8,34.0,272.0,paypal,Africa
3796,bf1e8366-4b8e-43d4-8e76-07adf7a67b94,2026-09-25 21:39:55,Ride On Dinosaur Costume,Costumes,5,145.0,725.0,credit_card,Middle East
3797,fff9f585-0d55-4b61-8a17-5dfebfc00dc8,2025-10-28 00:45:13,Ride On Dinosaur Costume,Costumes,3,145.0,435.0,bank_transfer,North America
3798,7010ed13-b526-422d-bf6c-21f70a0537f0,2026-05-12 01:28:36,Packaging Tape Dispenser,Packaging,10,22.5,225.0,debit_card,Middle East
3799,a879d8f8-9042-4eb7-8b04-0f53e63949d4,2026-03-14 22:05:33,Packaging Tape Dispenser,Packaging,8,22.5,180.0,paypal,Africa
3800,9d17d218-fc3b-4de5-9812-62ac5683ede0,2026-03-16 09:47:39,Superhero Mask (Red),Costumes,4,11.25,45.0,credit_card,Africa
3801,4eea04e7-0ab5-4bde-a0a0-45026e068097,2026-05-10 01:56:55,Ride On Dinosaur Costume,Costumes,8,145.0,1160.0,credit_card,South America
3802,e3b56360-6fdc-4bad-9e36-8127cca1b45c,2026-04-29 11:32:29,RC Mini Monster Truck,Toys,7,28.0,196.0,bank_transfer,Asia Pacific
3803,88ffbd40-3b72-486d-92fa-675fa6fd0cb1,2025-11-26 17:29:41,Ride On Dinosaur Costume,Costumes,1,145.0,145.0,paypal,Asia Pacific
3804,89c5b31a-eb6c-4016-8ee6-24d09dac6e83,2026-03-05 11:59:15,Magic Flashing Fruit Bowl,Novelty Items,10,34.0,340.0,bank_transfer,North America
3805,87d292a6-98ee-4c2b-be9f-ecaa6182f347,2026-01-07 23:15:54,Ergonomic Keyboard,Electronics,10,65.0,650.0,paypal,North America
3806,37bb3eec-4bf5-4b52-b09d-258c27a0c3d7,2026-01-12 16:23:29,RC Mini Monster Truck,Toys,6,28.0,168.0,debit_card,South America
3807,8ac97b01-e3ad-44d4-aab9-eb022f1dc121,2025-12-23 14:53:43,Magic Flashing Fruit Bowl,Novelty Items,5,34.0,170.0,bank_transfer,South America
3808,ebc92914-5176-49d1-9a36-24d62e9ce8ff,2026-02-10 21:56:02,USB Food Flash Drive - Chocolate,Novelty Items,4,12.0,48.0,paypal,Europe
3809,5a856750-692a-4139-9f4a-8ca1ab85fd59,2026-06-13 19:23:42,50mm Double Sided Tape,Packaging,2,5.75,11.5,cash,Asia Pacific
3810,c2492e5e-005f-40e6-95c3-b2dbf374190d,2025-11-05 08:38:58,Novelty Chilli Chocolates 250g,Confectionery,10,8.5,85.0,cash,Asia Pacific
3811,91816091-d6c6-445c-9c5e-4e786307d4d1,2026-09-28 19:25:48,Ride On Dinosaur Costume,Costumes,6,145.0,870.0,paypal,South America
3812,92779574-c457-4cc3-b5f7-89bca6b07458,2026-03-29 07:58:36,Packaging Tape Dispenser,Packaging,5,22.5,112.5,credit_card,Asia Pacific
3813,b92da22b-21df-406f-8a0b-3c3336d8393a,2026-08-30 15:30:54,Developer Flashing Fish Hat,Novelty Items,3,18.75,56.25,debit_card,Africa
3814,72d78bdd-7817-49ff-b49e-04ccc24369e7,2026-02-26 18:21:09,Alien Egg Fidget Ball,Novelty Items,5,6.25,31.25,bank_transfer,Europe
3815,f73936e9-54e3-4579-80af-d193f780ef2f,2025-11-10 13:29:11,Novelty Chilli Chocolates 250g,Confectionery,5,8.5,42.5,bank_transfer,Africa
3816,bd44089d-9dd2-49de-bd98-fe336498abe9,2026-05-01 16:08:41,USB Food Flash Drive - Chocolate,Novelty Items,6,12.0,72.0,credit_card,South America
3817,1ff49b78-8946-4e85-b59c-de66bacfb3d0,2026-07-14 01:16:43,Superhero Mask (Red),Costumes,10,11.25,112.5,cash,North America
3818,7bf47042-bd15-41c8-b764-fbda3108d448,2026-08-23 18:17:11,Alien Egg Fidget Ball,Novelty Items,7,6.25,43.75,bank_transfer,Asia Pacific
3819,6f14b3f6-d867-488b-bff6-b824152aeaec,2025-12-18 15:04:37,Clear Ethernet Cable 2m,Electronics,1,9.99,9.99,paypal,Africa
3820,3712f2d1-87cd-46a1-bf01-2e32177d6e7e,2025-10-25 16:00:57,Clear Ethernet Cable 2m,Electronics,6,9.99,59.94,cash,Asia Pacific
3821,935f2b0a-a138-4ddc-a2d9-de5d6a18ce4c,2026-01-17 21:54:11,Clear Ethernet Cable 2m,Electronics,6,9.99,59.94,paypal,Africa
3822,72bb912d-7da6-4785-b63b-4dc3a559e463,2026-03-01 03:07:12,Alien Egg Fidget Ball,Novelty Items,9,6.25,56.25,bank_transfer,Europe
3823,73c374a6-dac7-46b6-a786-3fb3f3bc9a71,2026-06-24 06:44:13,Alien Egg Fidget Ball,Novelty Items,2,6.25,12.5,bank_transfer,Africa
3824,ecb4678c-1612-4aa6-be96-39ba0ed2ec9d,2026-05-28 14:23:01,USB Food Flash Drive - Chocolate,Novelty Items,6,12.0,72.0,cash,North America
3825,3f5fbf4f-d417-4230-9274-ee11b61df906,2026-05-27 19:18:01,Novelty Chilli Chocolates 250g,Confectionery,3,8.5,25.5,credit_card,South America
3826,ad9fb00d-4882-473c-9c63-45ab6e0ed1e8,2025-10-21 00:16:10,USB Food Flash Drive - Chocolate,Novelty Items,3,12.0,36.0,credit_card,South America
3827,a2b03c4b-7c96-4b55-af8d-8ded6c4c450b,2026-09-09 22:23:33,Magic Flashing Fruit Bowl,Novelty Items,4,34.0,136.0,credit_card,North America
3828,905881df-ee9b-43e1-9d27-c09a5d71a898,2025-11-02 22:03:31,Novelty Chilli Chocolates 250g,Confectionery,1,8.5,8.5,paypal,Middle East
3829,fa585b27-8ce3-47c3-b6ea-b3a001539221,2025-12-17 17:28:07,USB Food Flash Drive - Chocolate,Novelty Items,3,12.0,36.0,bank_transfer,Africa
3830,4ac66780-3874-4f3c-82d4-9b56cbbed980,2026-08-14 03:32:49,Superhero Mask (Red),Costumes,6,11.25,67.5,credit_card,Middle East
3831,23d3cd4c-bd5f-4093-816f-9bcc6243bed7,2026-07-28 11:11:05,USB Food Flash Drive - Chocolate,Novelty Items,1,12.0,12.0,debit_card,South America
3832,6105716b-ab0e-464e-9c3e-b2d591e1aa96,2026-05-21 20:20:11,RC Mini Monster Truck,Toys,2,28.0,56.0,credit_card,Africa
3833,5e2ad32d-31ab-4b56-95c9-fdc7e76adca9,2026-07-13 22:40:25,USB Food Flash Drive - Chocolate,Novelty Items,1,12.0,12.0,debit_card,South America
3834,1b19d8b8-d830-4081-afcc-57dd168fae12,2026-06-23 10:01:55,Novelty Chilli Chocolates 250g,Confectionery,2,8.5,17.0,paypal,Africa
3835,84ef4324-cc1b-4157-ac9f-9c545e0a72ab,2026-05-10 16:31:25,Packaging Tape Dispenser,Packaging,4,22.5,90.0,debit_card,Africa
3836,d6b361e4-3b6d-4a0d-afe5-040b1901ef87,2025-12-28 22:24:01,Ergonomic Keyboard,Electronics,10,65.0,650.0,debit_card,Asia Pacific
3837,23204ff5-b538-496c-833e-02f71e93d127,2026-04-09 19:56:15,Alien Egg Fidget Ball,Novelty Items,10,6.25,62.5,credit_card,Asia Pacific
3838,b2b9437a-28df-4ec4-8e4a-2bbdc241330b,2025-12-25 18:38:49,Ride On Dinosaur Costume,Costumes,9,145.0,1305.0,credit_card,South America
3839,b6aae05b-13d5-42f7-b09b-7d97464c04af,2026-09-08 07:44:36,Air Cushion Machine,Packaging,5,1850.0,9250.0,cash,Middle East
3840,299656e2-4c9d-4907-93b2-2cecedcabf94,2026-09-22 21:49:06,Air Cushion Machine,Packaging,2,1850.0,3700.0,credit_card,South America
3841,7490adeb-57d3-47d3-8fd8-0bbb592c1107,2026-02-11 23:06:43,Ride On Dinosaur Costume,Costumes,6,145.0,870.0,debit_card,South America
3842,a0a11839-e745-4704-98df-bc3ca0d4de3d,2026-01-31 09:34:36,Clear Ethernet Cable 2m,Electronics,10,9.99,99.9,cash,Asia Pacific
3843,2834e4c0-14c8-43b4-a911-d19243bfd931,2026-09-23 16:05:57,Packaging Tape Dispenser,Packaging,5,22.5,112.5,bank_transfer,Europe
3844,c92e8c93-d105-48d6-87c1-c01760452909,2025-10-11 14:34:48,Superhero Mask (Red),Costumes,6,11.25,67.5,debit_card,Middle East
3845,7f671eec-3da7-4577-aee1-e86b9ea556aa,2025-12-26 21:51:04,Novelty Chilli Chocolates 250g,Confectionery,5,8.5,42.5,debit_card,North America
3846,b43bd27f-42a2-49a6-8664-12854303cbc1,2026-10-04 14:37:18,Novelty Chilli Chocolates 250g,Confectionery,2,8.5,17.0,paypal,Africa
3847,baeb286b-f0d0-470f-94d1-3d551db6b844,2025-12-18 10:48:32,Novelty Chilli Chocolates 250g,Confectionery,10,8.5,85.0,bank_transfer,North America
3848,11ce5dd2-b45e-41f0-b139-d32c93cd59bf,2026-07-20 14:42:34,Giant Chocolate Snake 1.2m,Confectionery,8,45.0,360.0,credit_card,Europe
3849,b139c476-de3c-488b-a6b9-d31a361f6d90,2025-11-20 05:07:33,Magic Flashing Fruit Bowl,Novelty Items,6,34.0,204.0,cash,Africa
3850,69288e92-c68a-452f-9b23-aa8c3bcabf85,2026-07-22 17:04:43,USB Food Flash Drive - Chocolate,Novelty Items,10,12.0,120.0,paypal,Asia Pacific
3851,716fda0a-45a8-4829-94e2-86e5ac8936bc,2026-07-25 14:31:54,Developer Flashing Fish Hat,Novelty Items,8,18.75,150.0,bank_transfer,Europe
3852,e8cda0cc-76da-4ca0-92e8-2f38a2a9d4d8,2026-04-09 15:31:32,Furry Gloves (Black) S,Clothing,8,15.5,124.0,cash,Africa
3853,6afa828c-2cd1-4b9f-abe5-841fe9c96c52,2026-09-25 18:52:13,Air Cushion Machine,Packaging,4,1850.0,7400.0,debit_card,North America
3854,7010ed13-b526-422d-bf6c-21f70a0537f0,2026-01-07 20:47:31,50mm Double Sided Tape,Packaging,6,5.75,34.5,bank_transfer,Asia Pacific
3855,8bc78e81-5a30-4528-8b59-95622227219f,2026-07-02 19:21:59,Developer Flashing Fish Hat,Novelty Items,7,18.75,131.25,bank_transfer,Asia Pacific
3856,2e0fb5b3-8bae-491e-bf4c-c10f979c30cf,2026-05-28 09:05:25,Ride On Dinosaur Costume,Costumes,3,145.0,435.0,bank_transfer,Asia Pacific
3857,929d6377-1cfb-455f-82c4-2e488cbadae5,2026-07-05 23:15:30,Novelty Chilli Chocolates 250g,Confectionery,3,8.5,25.5,paypal,Asia Pacific
3858,0e614bcd-9767-4900-8651-0367cbdc4318,2025-12-24 01:51:37,Superhero Mask (Red),Costumes,3,11.25,33.75,paypal,North America
3859,5a0cdd7c-f157-4470-8182-67c47a1b5806,2026-03-08 16:32:18,Clear Ethernet Cable 2m,Electronics,3,9.99,29.97,cash,South America
3860,35a240ae-5af3-4553-9ec4-2e0829a3b2e9,2026-09-26 01:15:23,Air Cushion Machine,Packaging,2,1850.0,3700.0,bank_transfer,Asia Pacific
3861,f206c269-38b7-4c07-80fb-929673b6a09b,2026-01-06 14:23:09,Ride On Dinosaur Costume,Costumes,5,145.0,725.0,debit_card,North America
3862,dde9f863-22bd-4388-adb9-9102a48b3dbe,2026-05-08 01:24:42,Ergonomic Keyboard,Electronics,7,65.0,455.0,paypal,Middle East
3863,f2b43abf-8441-4efd-8299-436a8e485223,2026-02-07 13:19:43,Alien Egg Fidget Ball,Novelty Items,4,6.25,25.0,bank_transfer,Middle East
3864,5e2ad32d-31ab-4b56-95c9-fdc7e76adca9,2026-08-02 19:58:22,50mm Double Sided Tape,Packaging,8,5.75,46.0,bank_transfer,South America
3865,cfd01cbd-5f65-48ce-bd21-bc11be9d61ee,2026-01-23 13:57:45,Ergonomic Keyboard,Electronics,1,65.0,65.0,credit_card,North America
3866,3818cfd3-3889-436a-9d58-17e85e175b66,2026-03-02 11:41:03,Developer Flashing Fish Hat,Novelty Items,8,18.75,150.0,paypal,South America
3867,b4157cea-0738-4ba4-9770-a3dbe9fa97e2,2026-04-04 17:25:44,Air Cushion Machine,Packaging,9,1850.0,16650.0,bank_transfer,South America
3868,4a15544d-c5e7-4e8a-ba57-8a8ea9488d99,2026-04-30 21:38:21,Clear Ethernet Cable 2m,Electronics,8,9.99,79.92,paypal,Africa
3869,1e5ebe54-5907-4299-9c3b-bdd8a74e02a9,2026-06-14 14:10:51,Ride On Dinosaur Costume,Costumes,6,145.0,870.0,paypal,Africa
3870,c1369c65-ae2a-4341-bf59-e4f2c3093b6e,2026-02-22 04:12:05,Magic Flashing Fruit Bowl,Novelty Items,7,34.0,238.0,credit_card,Middle East
3871,7f671eec-3da7-4577-aee1-e86b9ea556aa,2026-02-02 10:21:49,Ride On Dinosaur Costume,Costumes,9,145.0,1305.0,paypal,Africa
3872,284c03d2-27d4-45b6-8d77-c5a0e222b6a6,2026-01-15 05:35:26,Developer Flashing Fish Hat,Novelty Items,3,18.75,56.25,cash,Asia Pacific
3873,09ce3cfb-2339-4a19-a563-7cc3ca97ebf5,2026-02-22 07:47:25,USB Food Flash Drive - Chocolate,Novelty Items,1,12.0,12.0,paypal,Asia Pacific
3874,e1b243cc-cf76-4343-bced-f994d631c383,2026-04-22 19:27:22,Air Cushion Machine,Packaging,4,1850.0,7400.0,paypal,Africa
3875,6c93a791-8b60-4511-b816-8aebac6a7c85,2026-09-13 12:03:48,Air Cushion Machine,Packaging,6,1850.0,11100.0,bank_transfer,Europe
3876,4588fc1b-b238-4849-8fe0-69b6eedaa802,2026-04-16 18:37:12,Packaging Tape Dispenser,Packaging,6,22.5,135.0,paypal,Africa
3877,a39c3bd5-ab86-4afd-b57e-c883d2586d90,2026-04-04 15:07:56,Air Cushion Machine,Packaging,3,1850.0,5550.0,paypal,Africa
3878,07958c1f-538d-4b8c-8607-b1e9f80b2cea,2025-11-12 22:45:18,Magic Flashing Fruit Bowl,Novelty Items,4,34.0,136.0,cash,Middle East
3879,732e2016-add7-42c9-a747-b93c9ae77eab,2026-08-13 10:27:10,Air Cushion Machine,Packaging,4,1850.0,7400.0,cash,Asia Pacific
3880,e8cda0cc-76da-4ca0-92e8-2f38a2a9d4d8,2026-07-13 05:02:32,RC Mini Monster Truck,Toys,1,28.0,28.0,cash,North America
3881,fe7ee362-8a89-40f0-9052-91d3b34c6c73,2026-04-05 23:37:39,Clear Ethernet Cable 2m,Electronics,3,9.99,29.97,paypal,North America
3882,1a89b71e-a0d5-42c8-a837-fe68bba205ca,2026-07-28 10:33:22,Packaging Tape Dispenser,Packaging,8,22.5,180.0,cash,Africa
3883,41843b03-04dd-4054-9448-23f7e7e646c7,2026-08-27 18:31:17,Alien Egg Fidget Ball,Novelty Items,2,6.25,12.5,bank_transfer,South America
3884,a921cb4c-95fb-4976-ae00-7b7e2f8c83e5,2026-02-07 00:27:00,Furry Gloves (Black) S,Clothing,5,15.5,77.5,debit_card,Europe
3885,f4dbca07-e506-4670-b092-947dbe4969ec,2026-09-25 17:50:15,Superhero Mask (Red),Costumes,1,11.25,11.25,debit_card,South America
3886,11906f50-3488-4a46-9088-2eafc9776598,2025-12-23 12:56:42,Giant Chocolate Snake 1.2m,Confectionery,1,45.0,45.0,paypal,Middle East
3887,620e99d3-3b33-43d8-a69c-d696236c7b87,2026-02-26 14:52:48,Ergonomic Keyboard,Electronics,9,65.0,585.0,paypal,Europe
3888,77242041-1e43-4bd2-aaf4-07f70fe76149,2026-02-04 04:18:15,Ergonomic Keyboard,Electronics,6,65.0,390.0,cash,South America
3889,d08012b8-96c5-4fe7-aa60-4892392612e9,2026-03-15 09:46:06,Superhero Mask (Red),Costumes,4,11.25,45.0,cash,Middle East
3890,bc20b9f2-4a9c-489e-91b3-0182f7fe604f,2025-10-23 09:45:30,USB Food Flash Drive - Chocolate,Novelty Items,5,12.0,60.0,credit_card,Africa
3891,0f5675f8-b048-4aa1-92ae-5c22741b77f5,2026-05-12 02:46:12,RC Mini Monster Truck,Toys,4,28.0,112.0,cash,Europe
3892,7c7c404e-c422-403e-b29a-6339577bc55a,2026-09-06 05:30:51,Air Cushion Machine,Packaging,7,1850.0,12950.0,credit_card,Europe
3893,b6aae05b-13d5-42f7-b09b-7d97464c04af,2025-12-30 14:05:01,Alien Egg Fidget Ball,Novelty Items,4,6.25,25.0,paypal,North America
3894,c07a30f2-edd4-453b-90f0-fd0a750cab75,2026-07-20 12:37:57,Novelty Chilli Chocolates 250g,Confectionery,7,8.5,59.5,paypal,Asia Pacific
3895,09ce3cfb-2339-4a19-a563-7cc3ca97ebf5,2025-12-01 07:45:28,Furry Gloves (Black) S,Clothing,3,15.5,46.5,bank_transfer,Middle East
3896,5fbbf0b1-8083-49c8-a57e-01c90da23e5c,2025-10-11 22:50:24,Ride On Dinosaur Costume,Costumes,10,145.0,1450.0,paypal,North America
3897,6de299a1-4a90-4d0c-a4c1-73b9b7f28572,2026-01-14 22:15:02,RC Mini Monster Truck,Toys,5,28.0,140.0,paypal,South America
3898,e7b7b4c6-d631-4a80-9c61-2ec210142131,2026-05-08 12:53:50,50mm Double Sided Tape,Packaging,10,5.75,57.5,paypal,South America
3899,a5135ea0-fa53-434d-a6d5-901d8b621d41,2026-10-03 16:14:17,Magic Flashing Fruit Bowl,Novelty Items,3,34.0,102.0,credit_card,North America
3900,d40ac5e9-81df-4517-961c-921097fe56c5,2026-05-20 11:13:53,Novelty Chilli Chocolates 250g,Confectionery,6,8.5,51.0,bank_transfer,Europe
3901,6210def6-3a9c-4308-9221-cddf7a4a902f,2026-05-18 13:39:46,Ride On Dinosaur Costume,Costumes,6,145.0,870.0,bank_transfer,Middle East
3902,0f9aeb70-4670-4cd6-8ced-a16469df14e9,2026-07-12 06:39:26,Novelty Chilli Chocolates 250g,Confectionery,7,8.5,59.5,paypal,Asia Pacific
3903,b42a0456-8736-4a84-b25e-134d86879aa9,2026-03-16 19:46:10,Ride On Dinosaur Costume,Costumes,6,145.0,870.0,credit_card,Africa
3904,75ac824c-2c55-4ef7-b4e9-573450521700,2026-01-28 07:03:04,Alien Egg Fidget Ball,Novelty Items,6,6.25,37.5,cash,North America
3905,a56c0941-fbf2-4050-a748-dbcfac619e63,2025-12-03 20:14:13,RC Mini Monster Truck,Toys,9,28.0,252.0,debit_card,Asia Pacific
3906,722764e6-8c41-461b-a827-a1b9d4a02e53,2025-12-20 20:17:58,USB Food Flash Drive - Chocolate,Novelty Items,2,12.0,24.0,debit_card,North America
3907,382b5b86-f2a3-4efd-bf13-8c80c398c332,2026-02-10 18:13:37,Packaging Tape Dispenser,Packaging,3,22.5,67.5,debit_card,North America
3908,cc9803de-12de-4e5a-b387-928a29a3db6d,2026-01-02 23:35:19,Furry Gloves (Black) S,Clothing,6,15.5,93.0,paypal,Europe
3909,9fd34579-4667-42ce-a04e-178c10d08d11,2026-03-02 04:01:22,USB Food Flash Drive - Chocolate,Novelty Items,7,12.0,84.0,credit_card,Asia Pacific
3910,8a63f881-ffd0-49d5-a6f2-f7b80cf35b58,2026-05-14 22:28:58,Clear Ethernet Cable 2m,Electronics,9,9.99,89.91,cash,Asia Pacific
3911,6f14b3f6-d867-488b-bff6-b824152aeaec,2026-08-25 07:09:47,Giant Chocolate Snake 1.2m,Confectionery,7,45.0,315.0,debit_card,Middle East
3912,88d00abd-cbb1-4c79-9036-708dd9a09007,2026-01-09 02:01:46,Superhero Mask (Red),Costumes,2,11.25,22.5,debit_card,Asia Pacific
3913,76492e64-f55d-4e6d-ad26-8b378f5242d3,2026-04-17 13:29:12,Ride On Dinosaur Costume,Costumes,2,145.0,290.0,paypal,South America
3914,24acb722-e052-4739-8d40-6f1b3ca5be29,2026-05-07 12:01:12,Air Cushion Machine,Packaging,1,1850.0,1850.0,cash,North America
3915,1a43db54-523a-4993-8b34-46bc8ba435cc,2026-06-16 21:02:53,Novelty Chilli Chocolates 250g,Confectionery,4,8.5,34.0,credit_card,North America
3916,eb3537a0-2d6e-4291-b789-3986573bfc17,2026-06-28 14:53:34,Air Cushion Machine,Packaging,4,1850.0,7400.0,debit_card,South America
3917,a5135ea0-fa53-434d-a6d5-901d8b621d41,2026-02-13 17:59:12,Packaging Tape Dispenser,Packaging,6,22.5,135.0,bank_transfer,Africa
3918,451b4cf3-6123-4df7-b656-af7229d4beef,2026-01-13 14:07:08,Giant Chocolate Snake 1.2m,Confectionery,7,45.0,315.0,cash,Europe
3919,0bb401e7-69f7-43f1-901b-a8515ee68495,2026-07-29 02:41:47,Ergonomic Keyboard,Electronics,1,65.0,65.0,bank_transfer,Middle East
3920,7bf47042-bd15-41c8-b764-fbda3108d448,2026-08-20 17:27:05,USB Food Flash Drive - Chocolate,Novelty Items,1,12.0,12.0,cash,North America
3921,fa585b27-8ce3-47c3-b6ea-b3a001539221,2026-04-13 09:56:18,Air Cushion Machine,Packaging,4,1850.0,7400.0,bank_transfer,North America
3922,19bd4f93-78ef-4666-b7a4-c719548e1f6b,2026-07-13 15:42:30,Developer Flashing Fish Hat,Novelty Items,2,18.75,37.5,paypal,Middle East
3923,9082889b-e1cd-487f-ac95-5f87ae5ec365,2026-06-11 20:41:07,RC Mini Monster Truck,Toys,3,28.0,84.0,debit_card,South America
3924,d49347fc-0fc9-4d2e-830f-9be91f178f93,2026-07-19 21:10:34,Packaging Tape Dispenser,Packaging,1,22.5,22.5,cash,Europe
3925,0ba078e8-4ef4-42c1-aac9-331686e52753,2026-04-14 04:20:31,Alien Egg Fidget Ball,Novelty Items,9,6.25,56.25,cash,Asia Pacific
3926,f633cc2d-eba9-40e1-aa7d-5d964ba17233,2026-04-02 14:53:50,Ride On Dinosaur Costume,Costumes,4,145.0,580.0,cash,Europe
3927,3e5a87e3-5560-4b22-896b-5edb0cf2b69b,2025-12-09 23:42:39,Developer Flashing Fish Hat,Novelty Items,4,18.75,75.0,paypal,Asia Pacific
3928,3cd5fd7f-49c1-4669-86b3-3fe61c76bdf6,2026-07-17 05:35:31,USB Food Flash Drive - Chocolate,Novelty Items,5,12.0,60.0,credit_card,Asia Pacific
3929,75220646-3273-45bf-9373-bf4d5da49cb9,2026-08-10 09:22:06,Magic Flashing Fruit Bowl,Novelty Items,9,34.0,306.0,bank_transfer,South America
3930,c40db9b4-885f-4e66-82b6-d2c5fa5d3100,2026-02-19 10:10:46,Ride On Dinosaur Costume,Costumes,2,145.0,290.0,bank_transfer,North America
3931,7bf47042-bd15-41c8-b764-fbda3108d448,2025-12-10 09:19:49,50mm Double Sided Tape,Packaging,4,5.75,23.0,cash,Africa
3932,1a6b6a7d-1a38-4ad6-8e53-2ffdbb134f02,2025-11-29 00:10:03,50mm Double Sided Tape,Packaging,5,5.75,28.75,debit_card,Middle East
3933,c4767556-f97b-42dd-8f9b-72aed85c16bd,2026-07-12 09:28:06,Superhero Mask (Red),Costumes,5,11.25,56.25,bank_transfer,North America
3934,c5a11f5c-ad05-4912-9ab2-8d4a8bd88fcd,2026-05-05 21:50:26,Giant Chocolate Snake 1.2m,Confectionery,4,45.0,180.0,paypal,South America
3935,78b2b549-3bdb-409e-acc2-16a01bbc91f7,2026-04-13 07:05:51,Packaging Tape Dispenser,Packaging,1,22.5,22.5,credit_card,South America
3936,bade8d5d-6fff-45cc-b2dc-6c344f67448e,2025-12-16 03:06:33,Superhero Mask (Red),Costumes,3,11.25,33.75,paypal,South America
3937,530ddda6-c8d0-49e5-9919-65ea98d00c2c,2026-09-26 17:46:53,Ergonomic Keyboard,Electronics,7,65.0,455.0,paypal,Asia Pacific
3938,7b96e2d1-0649-4cf6-bf69-723d584fc85b,2026-09-16 01:08:16,Clear Ethernet Cable 2m,Electronics,10,9.99,99.9,debit_card,Asia Pacific
3939,aca58d95-915a-4c30-8b86-b5a1ca6fbff8,2026-05-04 04:44:29,Ergonomic Keyboard,Electronics,9,65.0,585.0,paypal,Africa
3940,21813d25-6552-48a6-83ff-50113d1a85dd,2026-06-11 21:45:26,Superhero Mask (Red),Costumes,4,11.25,45.0,cash,North America
3941,12af97e4-c536-466e-bcc4-091bf45707c6,2025-10-28 11:04:55,RC Mini Monster Truck,Toys,1,28.0,28.0,credit_card,Middle East
3942,9a069295-3b8d-4447-8e61-065f171b1b80,2026-04-27 03:10:32,Novelty Chilli Chocolates 250g,Confectionery,1,8.5,8.5,paypal,North America
3943,bdf66ba5-dc9c-46de-a5a6-74c212738a23,2025-10-18 18:55:11,Alien Egg Fidget Ball,Novelty Items,8,6.25,50.0,cash,South America
3944,284bf962-5744-4596-b422-21676b7a2460,2026-08-27 12:20:41,USB Food Flash Drive - Chocolate,Novelty Items,1,12.0,12.0,debit_card,Africa
3945,a2224f96-23a1-4e20-bfd2-55eeac484366,2026-08-30 11:27:04,Air Cushion Machine,Packaging,7,1850.0,12950.0,paypal,North America
3946,636f6e5c-2253-4706-87ad-8b268eaa5841,2025-11-03 12:28:09,Alien Egg Fidget Ball,Novelty Items,7,6.25,43.75,credit_card,Europe
3947,0ff1c51f-915c-431b-9786-7b1213281726,2026-08-19 07:56:03,Furry Gloves (Black) S,Clothing,1,15.5,15.5,credit_card,Europe
3948,92170475-3d95-4e3f-9a52-26e69d642932,2026-06-22 03:52:48,Ride On Dinosaur Costume,Costumes,5,145.0,725.0,debit_card,North America
3949,e6e59b32-ac5f-42ef-8085-c1471e910f36,2025-10-24 11:50:47,RC Mini Monster Truck,Toys,1,28.0,28.0,bank_transfer,South America
3950,43b409ef-2260-470f-a0cc-edc5f05db76e,2026-07-29 11:48:50,Novelty Chilli Chocolates 250g,Confectionery,2,8.5,17.0,debit_card,Asia Pacific
3951,6f14b3f6-d867-488b-bff6-b824152aeaec,2025-10-08 03:09:40,Superhero Mask (Red),Costumes,10,11.25,112.5,cash,Europe
3952,299656e2-4c9d-4907-93b2-2cecedcabf94,2026-03-14 19:26:01,Alien Egg Fidget Ball,Novelty Items,1,6.25,6.25,cash,Asia Pacific
3953,fd72b050-96a9-454f-9c33-e1f94c1f55ab,2025-11-28 01:10:25,USB Food Flash Drive - Chocolate,Novelty Items,3,12.0,36.0,credit_card,Asia Pacific
3954,ff01cf99-988c-44c9-a1b1-cd2262801c45,2026-08-28 20:44:44,Giant Chocolate Snake 1.2m,Confectionery,7,45.0,315.0,credit_card,Asia Pacific
3955,990f0c5b-adcc-4daf-969f-3ab3c6435300,2026-06-07 14:13:30,Clear Ethernet Cable 2m,Electronics,8,9.99,79.92,debit_card,North America
3956,30c36756-d453-4867-b97e-6224891f6912,2026-01-03 12:46:31,Magic Flashing Fruit Bowl,Novelty Items,1,34.0,34.0,credit_card,Europe
3957,5a9a206a-16f1-42a2-86b9-19aa1a7167c7,2025-11-01 01:10:00,50mm Double Sided Tape,Packaging,5,5.75,28.75,bank_transfer,South America
3958,3f22faf8-23be-401d-83cf-2fde24933b83,2026-07-07 06:57:28,Furry Gloves (Black) S,Clothing,5,15.5,77.5,paypal,South America
3959,4739cc7b-bff3-4c8d-83ff-3e9667213a70,2025-12-03 07:21:29,Air Cushion Machine,Packaging,8,1850.0,14800.0,credit_card,Africa
3960,249204c7-ad58-4b1b-be31-537aa43e558c,2025-10-09 04:51:51,Novelty Chilli Chocolates 250g,Confectionery,10,8.5,85.0,bank_transfer,Middle East
3961,6cd6f011-fd61-413b-b7f2-5d368bddcee3,2025-12-29 14:16:29,50mm Double Sided Tape,Packaging,8,5.75,46.0,debit_card,Africa
3962,b0b862ef-6c9f-42b9-b647-8986a3917c99,2026-04-20 01:25:55,Superhero Mask (Red),Costumes,1,11.25,11.25,paypal,North America
3963,92170475-3d95-4e3f-9a52-26e69d642932,2026-03-31 17:58:40,Magic Flashing Fruit Bowl,Novelty Items,6,34.0,204.0,bank_transfer,Middle East
3964,cdfd9531-302b-4831-92a1-fe7ddfa59722,2026-02-27 14:08:32,Ride On Dinosaur Costume,Costumes,6,145.0,870.0,paypal,Africa
3965,620e99d3-3b33-43d8-a69c-d696236c7b87,2025-10-29 03:05:44,Packaging Tape Dispenser,Packaging,9,22.5,202.5,paypal,Africa
3966,80599b93-79c2-42e4-9ae1-a991524f93ff,2026-06-02 14:18:05,Giant Chocolate Snake 1.2m,Confectionery,6,45.0,270.0,debit_card,Middle East
3967,0b36e356-339b-47a8-8b1f-0d7b0977c513,2026-06-10 07:43:15,Clear Ethernet Cable 2m,Electronics,6,9.99,59.94,paypal,Europe
3968,cb8383f2-bb96-4602-ab11-5c3675f8e3a8,2026-06-21 14:15:51,Ride On Dinosaur Costume,Costumes,8,145.0,1160.0,cash,Asia Pacific
3969,43b409ef-2260-470f-a0cc-edc5f05db76e,2026-10-03 08:16:23,Developer Flashing Fish Hat,Novelty Items,7,18.75,131.25,cash,Europe
3970,21bddb41-0699-4731-9dcf-8766a93b12cd,2026-06-02 02:02:11,RC Mini Monster Truck,Toys,3,28.0,84.0,paypal,Africa
3971,7b96e2d1-0649-4cf6-bf69-723d584fc85b,2026-09-25 03:07:11,Ergonomic Keyboard,Electronics,8,65.0,520.0,cash,Africa
3972,9fd34579-4667-42ce-a04e-178c10d08d11,2026-04-11 07:26:55,Ride On Dinosaur Costume,Costumes,1,145.0,145.0,cash,Africa
3973,b65feea9-7d82-4264-9ba3-62e7afa415e5,2026-06-18 16:38:06,Ride On Dinosaur Costume,Costumes,10,145.0,1450.0,cash,Africa
3974,91816091-d6c6-445c-9c5e-4e786307d4d1,2026-04-13 02:47:31,Superhero Mask (Red),Costumes,3,11.25,33.75,cash,South America
3975,a61f0b96-e75f-445a-aa1d-3fc65f31273d,2025-10-11 18:17:25,Superhero Mask (Red),Costumes,4,11.25,45.0,bank_transfer,North America
3976,e6e59b32-ac5f-42ef-8085-c1471e910f36,2025-10-08 05:17:28,Superhero Mask (Red),Costumes,7,11.25,78.75,credit_card,Middle East
3977,92779574-c457-4cc3-b5f7-89bca6b07458,2026-04-30 08:14:22,Packaging Tape Dispenser,Packaging,1,22.5,22.5,credit_card,Middle East
3978,51a1f5df-06ac-4010-ae08-69c1453b45fe,2026-05-07 21:21:01,Novelty Chilli Chocolates 250g,Confectionery,5,8.5,42.5,cash,Africa
3979,b8e19f56-8787-4a21-8448-2a220308aa5e,2026-03-14 09:36:45,Ride On Dinosaur Costume,Costumes,4,145.0,580.0,paypal,Asia Pacific
3980,f280df1d-9a6c-4db9-9217-1c884ce953a7,2025-10-10 06:07:07,USB Food Flash Drive - Chocolate,Novelty Items,6,12.0,72.0,paypal,Middle East
3981,67f5ae02-af5b-4f47-8eae-71cfce000af0,2025-10-12 03:33:31,RC Mini Monster Truck,Toys,7,28.0,196.0,bank_transfer,South America
3982,f73936e9-54e3-4579-80af-d193f780ef2f,2026-04-29 06:11:23,Magic Flashing Fruit Bowl,Novelty Items,6,34.0,204.0,bank_transfer,Africa
3983,4ebfa5c3-cae9-44a7-aa79-ea680f44704f,2026-07-13 02:59:01,Furry Gloves (Black) S,Clothing,2,15.5,31.0,bank_transfer,South America
3984,4eea9db8-f165-4779-8154-7950176de21f,2026-01-20 08:25:44,Superhero Mask (Red),Costumes,4,11.25,45.0,credit_card,Middle East
3985,da52d2ee-22bf-48f5-9f65-2a87333ee344,2026-05-01 17:06:02,Furry Gloves (Black) S,Clothing,2,15.5,31.0,debit_card,North America
3986,764414fd-8ae7-49ed-9e8e-de0ba85c6e4a,2026-01-24 23:47:26,50mm Double Sided Tape,Packaging,5,5.75,28.75,bank_transfer,Europe
3987,31d4ee09-8fd3-4afc-91fd-fa4f0d18ab95,2025-10-12 07:26:25,Superhero Mask (Red),Costumes,4,11.25,45.0,credit_card,South America
3988,8da0365b-f898-47b9-805c-acec877409a9,2026-04-18 16:39:08,Novelty Chilli Chocolates 250g,Confectionery,1,8.5,8.5,paypal,North America
3989,13f3cade-7a10-413f-b6a2-c52b00473139,2026-08-17 10:50:03,Air Cushion Machine,Packaging,3,1850.0,5550.0,credit_card,North America
3990,962c04dd-25d0-4461-859c-15740f3f0f48,2026-07-03 16:10:39,Alien Egg Fidget Ball,Novelty Items,8,6.25,50.0,credit_card,Asia Pacific
3991,1ff49b78-8946-4e85-b59c-de66bacfb3d0,2026-06-24 10:06:07,Developer Flashing Fish Hat,Novelty Items,7,18.75,131.25,cash,Europe
3992,0ba078e8-4ef4-42c1-aac9-331686e52753,2026-03-21 20:53:34,Developer Flashing Fish Hat,Novelty Items,7,18.75,131.25,debit_card,Europe
3993,efc59738-2fb2-4e66-bed1-7aabc9b7c9bc,2026-08-14 17:41:14,Clear Ethernet Cable 2m,Electronics,10,9.99,99.9,bank_transfer,Africa
3994,c40db9b4-885f-4e66-82b6-d2c5fa5d3100,2026-10-05 14:24:34,Magic Flashing Fruit Bowl,Novelty Items,10,34.0,340.0,bank_transfer,North America
3995,112fa612-7969-4ed2-ac48-bf55afd380c4,2026-09-23 23:21:43,Ergonomic Keyboard,Electronics,6,65.0,390.0,credit_card,Europe
3996,bade8d5d-6fff-45cc-b2dc-6c344f67448e,2025-12-14 06:32:52,50mm Double Sided Tape,Packaging,8,5.75,46.0,bank_transfer,Middle East
3997,2e25b5ee-4f11-48dc-9cd3-336904aac1b7,2025-11-16 05:07:30,Furry Gloves (Black) S,Clothing,2,15.5,31.0,cash,Middle East
3998,ce7334f2-3393-4b6c-9d37-efb6eafb3e90,2026-09-27 04:29:42,RC Mini Monster Truck,Toys,6,28.0,168.0,bank_transfer,North America
3999,efcac577-1aa6-47cb-90c7-e6aca3bfe403,2025-11-12 01:22:12,Clear Ethernet Cable 2m,Electronics,1,9.99,9.99,bank_transfer,North America
4000,d3479a3b-479b-4637-8cc3-6f3bc3affcfe,2026-04-27 07:17:09,Ergonomic Keyboard,Electronics,5,65.0,325.0,credit_card,North America
4001,a1c7cc8a-0435-4b64-893a-d23298c3e3ca,2025-12-02 11:29:05,Air Cushion Machine,Packaging,2,1850.0,3700.0,bank_transfer,Africa
4002,b1594847-5c0b-4b10-a757-cb1042f525b9,2026-01-07 05:39:07,Developer Flashing Fish Hat,Novelty Items,4,18.75,75.0,bank_transfer,North America
4003,d40ac5e9-81df-4517-961c-921097fe56c5,2025-12-19 04:35:46,Developer Flashing Fish Hat,Novelty Items,5,18.75,93.75,bank_transfer,South America
4004,e21342b0-f1ee-4ba3-9343-2e611ca3c448,2026-06-03 08:26:09,Magic Flashing Fruit Bowl,Novelty Items,7,34.0,238.0,credit_card,Africa
4005,9bdc70d1-9cbf-4b8c-b410-2d5d1db14bfc,2026-04-28 02:35:06,Ride On Dinosaur Costume,Costumes,10,145.0,1450.0,credit_card,Middle East
4006,5c63b6f3-06ba-4cd3-be78-38c9ca55e38b,2026-01-11 16:22:04,Ergonomic Keyboard,Electronics,2,65.0,130.0,debit_card,Asia Pacific
4007,862268d1-6683-4107-96c0-44d06f887f28,2026-08-18 06:00:30,Alien Egg Fidget Ball,Novelty Items,10,6.25,62.5,cash,Africa
4008,821c1336-9970-4f60-abff-8d1530cbd755,2026-02-20 07:17:24,50mm Double Sided Tape,Packaging,1,5.75,5.75,cash,North America
4009,507b9072-65e5-4f34-9df0-6e8c878aaed9,2026-01-17 11:18:24,50mm Double Sided Tape,Packaging,9,5.75,51.75,debit_card,Asia Pacific
4010,e0c53cb8-3da9-42a9-8ed4-2f1a3d4cbf37,2026-08-10 09:00:12,Alien Egg Fidget Ball,Novelty Items,3,6.25,18.75,paypal,Middle East
4011,11c58ef0-dd46-4c09-8752-87aa5408f9ac,2026-03-08 19:00:09,Developer Flashing Fish Hat,Novelty Items,7,18.75,131.25,debit_card,North America
4012,d942644c-248d-41ec-87f8-d4f0f3ea0184,2025-11-05 08:10:20,Air Cushion Machine,Packaging,8,1850.0,14800.0,debit_card,North America
4013,753659ef-d873-4ad9-9a1b-af0e591196dc,2026-02-27 12:45:08,Clear Ethernet Cable 2m,Electronics,3,9.99,29.97,bank_transfer,North America
4014,ca8f3653-c9af-48f8-83b9-da13ec856f37,2026-03-12 08:06:34,Alien Egg Fidget Ball,Novelty Items,3,6.25,18.75,paypal,Africa
4015,0a3450fc-9918-4e46-9497-d6587010f719,2026-04-01 21:49:43,Magic Flashing Fruit Bowl,Novelty Items,8,34.0,272.0,bank_transfer,Africa
4016,2790cebd-bfdd-43d9-9ee3-ac2af94d6204,2026-05-13 01:51:42,RC Mini Monster Truck,Toys,2,28.0,56.0,debit_card,South America
4017,ba370623-bc5f-44dd-992f-3c1edf70fb2a,2026-01-08 02:31:17,Ride On Dinosaur Costume,Costumes,10,145.0,1450.0,credit_card,Asia Pacific
4018,d1151fff-dcb9-4d5f-993c-572b4347dbca,2026-07-03 10:22:23,Ergonomic Keyboard,Electronics,6,65.0,390.0,bank_transfer,North America
4019,d1e91691-a320-4116-a22d-f6a48163b6ce,2026-01-01 08:48:06,50mm Double Sided Tape,Packaging,9,5.75,51.75,paypal,Africa
4020,f020e992-b576-455e-9854-9f222102f9c9,2026-01-30 03:37:33,Packaging Tape Dispenser,Packaging,2,22.5,45.0,bank_transfer,North America
4021,7afeb114-9561-4813-8d25-9caab8adad87,2026-06-28 07:23:23,Alien Egg Fidget Ball,Novelty Items,7,6.25,43.75,bank_transfer,North America
4022,b489d070-7914-48a8-bea4-ff31517400f8,2026-08-23 05:45:27,USB Food Flash Drive - Chocolate,Novelty Items,2,12.0,24.0,paypal,Asia Pacific
4023,329fc417-1081-4d45-bf45-f8a20594b24f,2026-08-30 22:21:14,Clear Ethernet Cable 2m,Electronics,9,9.99,89.91,debit_card,South America
4024,d4f8fd72-f382-4cfd-8083-b73a473bd358,2025-11-05 23:03:49,USB Food Flash Drive - Chocolate,Novelty Items,1,12.0,12.0,credit_card,Middle East
4025,195d82f8-ee4a-4b5d-9195-54e307374c86,2026-06-16 12:55:05,Ride On Dinosaur Costume,Costumes,4,145.0,580.0,cash,Europe
4026,d284f54e-febe-40db-9a3a-61036e3c4532,2026-09-03 22:50:31,Packaging Tape Dispenser,Packaging,5,22.5,112.5,credit_card,Africa
4027,55ab946d-a5b5-4dc2-a181-c85eca0ac6ac,2026-06-15 01:06:54,Ride On Dinosaur Costume,Costumes,10,145.0,1450.0,credit_card,Middle East
4028,4d6168bd-2def-4193-9c62-b3a23a3c563e,2026-07-27 15:30:46,Novelty Chilli Chocolates 250g,Confectionery,4,8.5,34.0,debit_card,Europe
4029,d453dd32-4b0d-4b41-8d52-88f1142c3fe8,2025-10-17 22:58:50,Ride On Dinosaur Costume,Costumes,7,145.0,1015.0,paypal,North America
4030,fbc9f87a-f668-4617-94a1-875d2db69edb,2025-11-10 23:08:51,Packaging Tape Dispenser,Packaging,1,22.5,22.5,cash,Africa
4031,dd39d793-6257-44a2-b204-be894a4b5563,2026-03-12 01:07:38,Alien Egg Fidget Ball,Novelty Items,10,6.25,62.5,credit_card,Europe
4032,08601833-479d-4cda-b396-ea37f065c817,2026-03-01 22:39:23,RC Mini Monster Truck,Toys,3,28.0,84.0,debit_card,Asia Pacific
4033,989d9d4a-e15c-4666-8797-b2c957207246,2026-03-01 03:08:05,Furry Gloves (Black) S,Clothing,4,15.5,62.0,bank_transfer,Asia Pacific
4034,ae9bec36-35c7-436c-9b99-62c6e61fecc0,2026-05-08 07:12:37,Ergonomic Keyboard,Electronics,4,65.0,260.0,debit_card,Asia Pacific
4035,8950ddd6-27c6-4bb1-8edd-069df96c9a0a,2026-04-08 12:20:55,Packaging Tape Dispenser,Packaging,9,22.5,202.5,credit_card,South America
4036,143ac1c5-4f56-4ed5-9566-9e364708203b,2025-10-27 10:41:19,Giant Chocolate Snake 1.2m,Confectionery,3,45.0,135.0,cash,South America
4037,d284f54e-febe-40db-9a3a-61036e3c4532,2026-06-09 22:34:55,Superhero Mask (Red),Costumes,2,11.25,22.5,cash,North America
4038,9bdf0377-a149-43c2-b920-264c0763fcd0,2025-10-09 07:44:30,Magic Flashing Fruit Bowl,Novelty Items,3,34.0,102.0,bank_transfer,Africa
4039,13f3cade-7a10-413f-b6a2-c52b00473139,2026-07-05 14:39:04,Developer Flashing Fish Hat,Novelty Items,4,18.75,75.0,paypal,Asia Pacific
4040,f264accc-79ac-4b1e-a8e5-6e0c20de435d,2025-12-11 05:04:13,Novelty Chilli Chocolates 250g,Confectionery,7,8.5,59.5,paypal,Asia Pacific
4041,54720d2d-3239-4ffb-a704-6f254b91b8cb,2025-11-06 18:21:00,Novelty Chilli Chocolates 250g,Confectionery,4,8.5,34.0,paypal,Asia Pacific
4042,9c3de1b0-022b-4683-9033-da6587cf63fd,2026-04-17 18:40:39,Ergonomic Keyboard,Electronics,10,65.0,650.0,debit_card,Africa
4043,1a43db54-523a-4993-8b34-46bc8ba435cc,2026-08-29 22:42:16,RC Mini Monster Truck,Toys,3,28.0,84.0,cash,Middle East
4044,0f9aeb70-4670-4cd6-8ced-a16469df14e9,2026-03-23 03:59:26,RC Mini Monster Truck,Toys,7,28.0,196.0,debit_card,South America
4045,32ffe294-4d57-4880-9865-d69a74f33103,2026-06-13 02:37:51,Magic Flashing Fruit Bowl,Novelty Items,9,34.0,306.0,bank_transfer,North America
4046,8da0365b-f898-47b9-805c-acec877409a9,2026-08-06 06:34:36,Clear Ethernet Cable 2m,Electronics,10,9.99,99.9,bank_transfer,North America
4047,23d3cd4c-bd5f-4093-816f-9bcc6243bed7,2026-02-11 07:19:32,Packaging Tape Dispenser,Packaging,2,22.5,45.0,debit_card,Africa
4048,0e5dd462-cbd0-4ef2-930a-37df0bc61066,2026-05-13 09:49:32,Novelty Chilli Chocolates 250g,Confectionery,6,8.5,51.0,bank_transfer,Europe
4049,bf1e8366-4b8e-43d4-8e76-07adf7a67b94,2026-09-03 20:25:45,Ergonomic Keyboard,Electronics,6,65.0,390.0,cash,Middle East
4050,f2dcb12b-0f7a-4302-ac2e-28150a3217d2,2025-11-11 16:29:47,Developer Flashing Fish Hat,Novelty Items,5,18.75,93.75,bank_transfer,Middle East
4051,79e5c9aa-592a-4549-bba1-09d08567c805,2026-09-18 03:43:05,Ergonomic Keyboard,Electronics,7,65.0,455.0,cash,Africa
4052,53f30073-83e9-4ef4-ad7d-f5d0d3b59af7,2026-04-28 18:27:36,Packaging Tape Dispenser,Packaging,10,22.5,225.0,cash,South America
4053,d450281c-6c6f-4633-a260-772317a0df49,2026-09-27 14:46:45,Ergonomic Keyboard,Electronics,6,65.0,390.0,bank_transfer,Europe
4054,1dc1e7eb-711c-4673-8535-1a69dabf984e,2025-10-22 04:16:15,Packaging Tape Dispenser,Packaging,9,22.5,202.5,credit_card,Europe
4055,51a1f5df-06ac-4010-ae08-69c1453b45fe,2026-01-02 21:14:19,Giant Chocolate Snake 1.2m,Confectionery,5,45.0,225.0,paypal,Europe
4056,45b1ed25-f153-4ae8-a70a-cc5cb321bf21,2025-12-26 18:12:34,Magic Flashing Fruit Bowl,Novelty Items,9,34.0,306.0,paypal,Europe
4057,75ac824c-2c55-4ef7-b4e9-573450521700,2026-09-20 16:07:57,RC Mini Monster Truck,Toys,4,28.0,112.0,debit_card,Europe
4058,4e35da80-a027-4a18-a576-a4100d41ee47,2026-09-07 19:05:44,Alien Egg Fidget Ball,Novelty Items,4,6.25,25.0,paypal,Middle East
4059,25440fe0-6e41-4d47-9ff5-95ea5bc440f1,2026-07-01 12:14:55,Giant Chocolate Snake 1.2m,Confectionery,7,45.0,315.0,paypal,Middle East
4060,b4299924-c098-4750-8741-9b4834ae4abd,2026-09-15 08:15:55,Clear Ethernet Cable 2m,Electronics,4,9.99,39.96,cash,South America
4061,f2b43abf-8441-4efd-8299-436a8e485223,2026-05-13 18:28:15,Furry Gloves (Black) S,Clothing,5,15.5,77.5,paypal,Africa
4062,f3579560-71d7-4665-b181-8dcf379efc6e,2026-04-08 07:38:37,Packaging Tape Dispenser,Packaging,9,22.5,202.5,debit_card,Asia Pacific
4063,32c5bd89-b70b-4420-b104-3785658b2523,2026-01-18 22:26:55,Magic Flashing Fruit Bowl,Novelty Items,9,34.0,306.0,credit_card,Africa
4064,19d45deb-1139-4a12-b4c1-c3ea3d9c4e64,2025-10-23 17:38:55,50mm Double Sided Tape,Packaging,5,5.75,28.75,debit_card,South America
4065,bb2488a3-d363-47b6-af81-cf4f7701f7bb,2026-09-29 13:26:54,Magic Flashing Fruit Bowl,Novelty Items,6,34.0,204.0,bank_transfer,Europe
4066,67fd64c4-a334-458a-abd2-b5121335e5db,2025-11-03 12:38:01,Air Cushion Machine,Packaging,7,1850.0,12950.0,paypal,Middle East
4067,b65feea9-7d82-4264-9ba3-62e7afa415e5,2026-06-28 10:59:52,Ergonomic Keyboard,Electronics,9,65.0,585.0,debit_card,Europe
4068,25074181-8d1f-4540-b4ef-f5453e652603,2026-09-30 02:44:07,Magic Flashing Fruit Bowl,Novelty Items,2,34.0,68.0,credit_card,Asia Pacific
4069,4187222b-257d-4e52-9a51-65ca3c7c1d85,2026-01-22 12:55:32,Superhero Mask (Red),Costumes,9,11.25,101.25,credit_card,North America
4070,620d4a1f-479f-4628-9674-eb650f9c5300,2026-09-19 21:51:06,Air Cushion Machine,Packaging,5,1850.0,9250.0,bank_transfer,Asia Pacific
4071,e1721c83-ef5e-4376-a723-fb72682b163a,2026-05-04 13:04:21,RC Mini Monster Truck,Toys,9,28.0,252.0,paypal,Middle East
4072,892e6161-be2d-440a-9e9b-23bc50c7c006,2026-05-12 11:57:08,Magic Flashing Fruit Bowl,Novelty Items,7,34.0,238.0,paypal,North America
4073,a5f60735-757b-4b29-bb2a-a1462999394c,2026-06-18 05:40:56,Clear Ethernet Cable 2m,Electronics,8,9.99,79.92,credit_card,Asia Pacific
4074,e8cda0cc-76da-4ca0-92e8-2f38a2a9d4d8,2025-10-18 10:19:35,Clear Ethernet Cable 2m,Electronics,7,9.99,69.93,credit_card,South America
4075,d4578ad9-a867-4096-add8-77c89be71737,2025-12-14 07:21:53,Ride On Dinosaur Costume,Costumes,2,145.0,290.0,credit_card,North America
4076,0e5dd462-cbd0-4ef2-930a-37df0bc61066,2026-10-01 08:23:22,Superhero Mask (Red),Costumes,2,11.25,22.5,credit_card,Middle East
4077,83f4a9a9-48a6-49d0-95b5-2908a8aa7158,2026-08-31 22:13:10,Packaging Tape Dispenser,Packaging,5,22.5,112.5,credit_card,Africa
4078,4ac9778d-8da8-4ee4-8df5-6ac6f96b648a,2026-02-04 18:52:10,Giant Chocolate Snake 1.2m,Confectionery,7,45.0,315.0,credit_card,Africa
4079,1ff49b78-8946-4e85-b59c-de66bacfb3d0,2025-10-11 17:36:13,Magic Flashing Fruit Bowl,Novelty Items,1,34.0,34.0,credit_card,Europe
4080,8beddb12-ad77-482f-89a2-3a89e6b5a92c,2025-12-25 02:30:47,Magic Flashing Fruit Bowl,Novelty Items,5,34.0,170.0,bank_transfer,South America
4081,21c71aa3-7414-43b5-8e3e-25f2cf0671c7,2026-05-21 15:13:58,Air Cushion Machine,Packaging,4,1850.0,7400.0,cash,Middle East
4082,620d4a1f-479f-4628-9674-eb650f9c5300,2025-11-30 15:37:20,Furry Gloves (Black) S,Clothing,5,15.5,77.5,cash,Europe
4083,e4429ebb-da7b-4095-a3d6-2a39c0e3befd,2026-07-24 19:10:46,Superhero Mask (Red),Costumes,4,11.25,45.0,credit_card,Middle East
4084,28fea761-8d49-4e3f-aca8-f78384182d35,2026-08-20 09:03:06,Magic Flashing Fruit Bowl,Novelty Items,6,34.0,204.0,debit_card,South America
4085,4639447b-2067-4dac-88bd-13d1b540b30e,2026-07-09 10:36:41,Furry Gloves (Black) S,Clothing,7,15.5,108.5,cash,Middle East
4086,d450281c-6c6f-4633-a260-772317a0df49,2026-08-20 11:01:28,Novelty Chilli Chocolates 250g,Confectionery,3,8.5,25.5,cash,Africa
4087,c4d598f7-e14f-4093-8b6a-d0c7a2356dd4,2026-03-09 08:02:51,Magic Flashing Fruit Bowl,Novelty Items,5,34.0,170.0,bank_transfer,North America
4088,82701238-9b5f-4f39-848b-34f034981735,2026-10-01 09:24:06,USB Food Flash Drive - Chocolate,Novelty Items,4,12.0,48.0,bank_transfer,South America
4089,e9ad0e9b-8c9a-41e9-b3b2-63376a74dbb7,2025-11-04 12:46:08,Air Cushion Machine,Packaging,8,1850.0,14800.0,debit_card,South America
4090,ae8a7813-90e0-495b-a97c-392387fa841a,2026-01-29 21:07:21,RC Mini Monster Truck,Toys,4,28.0,112.0,credit_card,North America
4091,f75d599f-6b2d-4b09-8707-9ad480be7e35,2025-12-07 17:48:20,Air Cushion Machine,Packaging,5,1850.0,9250.0,cash,Middle East
4092,195d82f8-ee4a-4b5d-9195-54e307374c86,2026-05-12 16:07:52,Superhero Mask (Red),Costumes,7,11.25,78.75,debit_card,South America
4093,812a1f9b-1596-4802-b6dd-6257fb7d9f1c,2026-01-07 01:01:22,USB Food Flash Drive - Chocolate,Novelty Items,2,12.0,24.0,bank_transfer,Asia Pacific
4094,91816091-d6c6-445c-9c5e-4e786307d4d1,2026-05-13 17:38:54,Ride On Dinosaur Costume,Costumes,7,145.0,1015.0,cash,Asia Pacific
4095,6544e313-6ea0-4d13-a845-54c3a3f66c61,2026-08-25 19:10:00,Novelty Chilli Chocolates 250g,Confectionery,9,8.5,76.5,paypal,South America
4096,a4244f23-0d5b-47cd-8000-35f0df7d0dd7,2026-08-31 13:02:13,RC Mini Monster Truck,Toys,8,28.0,224.0,cash,Europe
4097,28524385-d9f2-4d0d-8cc9-f5f2e42e5037,2026-03-05 18:51:43,Developer Flashing Fish Hat,Novelty Items,1,18.75,18.75,cash,Middle East
4098,ea87855e-a382-45d3-9e0e-f546b0b6dedf,2026-06-25 14:04:58,Clear Ethernet Cable 2m,Electronics,8,9.99,79.92,debit_card,Europe
4099,3f800385-ef92-40b6-92d7-8f107a3a6e96,2026-09-18 19:53:07,Ride On Dinosaur Costume,Costumes,2,145.0,290.0,bank_transfer,South America
4100,2f32751e-5738-411d-b0c2-903f7a8d03aa,2026-05-03 14:04:00,Furry Gloves (Black) S,Clothing,7,15.5,108.5,debit_card,Europe
4101,ebc2026f-af34-4f65-a193-c4b23c19e71d,2026-02-11 11:36:21,Developer Flashing Fish Hat,Novelty Items,7,18.75,131.25,debit_card,Africa
4102,b423ccde-8857-4117-a155-46672112507c,2026-03-03 17:21:56,Alien Egg Fidget Ball,Novelty Items,4,6.25,25.0,cash,Asia Pacific
4103,0d366dfc-c28e-4d70-b129-9889a01ac992,2026-07-26 02:26:54,Novelty Chilli Chocolates 250g,Confectionery,10,8.5,85.0,credit_card,Asia Pacific
4104,beed10b6-4f6e-474b-9eda-b0276550f74a,2026-07-19 22:35:04,50mm Double Sided Tape,Packaging,1,5.75,5.75,cash,Europe
4105,c4b032cc-d7c5-44a5-9304-317faf42e12f,2025-11-29 00:05:37,Developer Flashing Fish Hat,Novelty Items,7,18.75,131.25,bank_transfer,Asia Pacific
4106,53ea4919-db48-42c2-95ff-2a1f370b9a29,2026-08-08 15:38:09,50mm Double Sided Tape,Packaging,8,5.75,46.0,bank_transfer,North America
4107,66132e69-7418-4109-93d1-bf0f56c438e4,2026-06-30 08:29:58,Clear Ethernet Cable 2m,Electronics,5,9.99,49.95,debit_card,Europe
4108,1a43db54-523a-4993-8b34-46bc8ba435cc,2026-07-13 21:21:12,Developer Flashing Fish Hat,Novelty Items,5,18.75,93.75,debit_card,South America
4109,24acb722-e052-4739-8d40-6f1b3ca5be29,2025-11-05 02:39:31,Air Cushion Machine,Packaging,10,1850.0,18500.0,cash,Middle East
4110,a56b61e0-4ba8-44ca-a449-cb6fbf72ae52,2026-04-18 03:23:14,Packaging Tape Dispenser,Packaging,4,22.5,90.0,credit_card,Asia Pacific
4111,a5e15b55-57d3-44dd-9963-dc7205c8234b,2026-07-22 03:49:06,Developer Flashing Fish Hat,Novelty Items,1,18.75,18.75,debit_card,North America
4112,c56811cd-5563-4616-80e8-5ece0b49452d,2026-02-16 23:18:14,50mm Double Sided Tape,Packaging,3,5.75,17.25,cash,Africa
4113,4ab7706e-b773-40ca-aec2-59dc7f95897c,2025-10-26 12:08:48,Packaging Tape Dispenser,Packaging,1,22.5,22.5,credit_card,Middle East
4114,6b79afcc-3d0a-4f0c-8c39-4ec71f317405,2025-11-12 14:09:26,RC Mini Monster Truck,Toys,5,28.0,140.0,debit_card,Europe
4115,25440fe0-6e41-4d47-9ff5-95ea5bc440f1,2026-03-24 09:37:03,Ride On Dinosaur Costume,Costumes,7,145.0,1015.0,debit_card,South America
4116,2702878b-9f0f-4a8d-8537-9ff6d6d7b3b8,2026-01-03 19:23:55,Clear Ethernet Cable 2m,Electronics,5,9.99,49.95,cash,North America
4117,b928e23f-4ee4-434e-8e92-0136ac3a812f,2026-08-27 08:40:26,Air Cushion Machine,Packaging,2,1850.0,3700.0,credit_card,Middle East
4118,3cb98350-1b4d-40fe-bbb3-8605da743152,2025-11-04 04:12:04,Giant Chocolate Snake 1.2m,Confectionery,3,45.0,135.0,cash,Asia Pacific
4119,5913f9d3-7852-49f4-975b-a98df8140102,2026-02-14 22:12:51,Clear Ethernet Cable 2m,Electronics,3,9.99,29.97,credit_card,South America
4120,747b6dba-c8fe-4ccd-88b8-d9c6ed3049cf,2026-05-28 16:14:28,Magic Flashing Fruit Bowl,Novelty Items,2,34.0,68.0,credit_card,Europe
4121,7f8e5483-28ca-4a1d-835b-ec2c3098f7b2,2026-07-31 07:18:42,Superhero Mask (Red),Costumes,3,11.25,33.75,credit_card,Asia Pacific
4122,af70de70-2b69-495e-8567-1b58926bffa5,2026-06-01 01:17:54,Packaging Tape Dispenser,Packaging,6,22.5,135.0,debit_card,South America
4123,7c16128d-b2c0-4394-a17f-29e170286046,2026-05-24 23:08:05,Packaging Tape Dispenser,Packaging,3,22.5,67.5,credit_card,Europe
4124,3283daa4-e212-4b7c-9d36-1cb6bcc57be0,2026-03-08 17:12:00,Superhero Mask (Red),Costumes,3,11.25,33.75,paypal,Middle East
4125,3967e60a-823d-4107-9c8a-c066cb2fafa3,2026-08-02 01:42:50,Superhero Mask (Red),Costumes,1,11.25,11.25,cash,North America
4126,1d48a071-ab61-47b1-b93b-4c3220500494,2026-02-09 09:42:38,Clear Ethernet Cable 2m,Electronics,3,9.99,29.97,credit_card,Asia Pacific
4127,764414fd-8ae7-49ed-9e8e-de0ba85c6e4a,2025-10-17 03:47:27,Ride On Dinosaur Costume,Costumes,3,145.0,435.0,cash,Europe
4128,1a89b71e-a0d5-42c8-a837-fe68bba205ca,2026-06-08 22:06:50,Magic Flashing Fruit Bowl,Novelty Items,5,34.0,170.0,debit_card,Asia Pacific
4129,4499d0a6-1500-4170-92d1-5585b68e47fa,2026-01-19 19:15:08,Ride On Dinosaur Costume,Costumes,2,145.0,290.0,debit_card,South America
4130,f633cc2d-eba9-40e1-aa7d-5d964ba17233,2026-08-05 22:51:27,Giant Chocolate Snake 1.2m,Confectionery,10,45.0,450.0,credit_card,North America
4131,3eb13b90-4668-4257-bdd6-40fb06671ad1,2026-03-29 15:05:30,Clear Ethernet Cable 2m,Electronics,3,9.99,29.97,paypal,Asia Pacific
4132,8ac97b01-e3ad-44d4-aab9-eb022f1dc121,2026-04-14 04:24:55,Packaging Tape Dispenser,Packaging,8,22.5,180.0,bank_transfer,Middle East
4133,68f82063-eeb1-4ad2-81a1-fb0f268b84b6,2026-01-02 06:03:49,Packaging Tape Dispenser,Packaging,7,22.5,157.5,cash,Asia Pacific
4134,f4e559e5-9622-4348-8f5a-e9d38e6e5003,2026-02-20 20:03:37,Giant Chocolate Snake 1.2m,Confectionery,9,45.0,405.0,cash,Middle East
4135,8ed8a80d-84cf-4e39-bf31-c29f82bbad84,2026-05-08 10:20:41,50mm Double Sided Tape,Packaging,7,5.75,40.25,paypal,Middle East
4136,2702878b-9f0f-4a8d-8537-9ff6d6d7b3b8,2026-02-28 10:53:34,RC Mini Monster Truck,Toys,7,28.0,196.0,cash,Asia Pacific
4137,48ca7651-92f5-4f7b-8323-d342df6a8f93,2026-03-22 08:46:27,Ride On Dinosaur Costume,Costumes,1,145.0,145.0,credit_card,Middle East
4138,30a900ad-939b-462d-a645-f129629c2ae3,2025-12-16 18:51:42,Developer Flashing Fish Hat,Novelty Items,5,18.75,93.75,cash,Asia Pacific
4139,2cf6bf75-6a5e-4920-bf5a-e7e653a3dd5a,2026-06-26 14:52:29,Clear Ethernet Cable 2m,Electronics,7,9.99,69.93,paypal,North America
4140,892e6161-be2d-440a-9e9b-23bc50c7c006,2026-05-21 04:24:41,Developer Flashing Fish Hat,Novelty Items,8,18.75,150.0,credit_card,South America
4141,41843b03-04dd-4054-9448-23f7e7e646c7,2026-06-19 05:34:05,Clear Ethernet Cable 2m,Electronics,3,9.99,29.97,cash,Africa
4142,c2874f06-9050-47ef-8123-5c9176c5a0dc,2026-03-02 06:11:39,Ride On Dinosaur Costume,Costumes,5,145.0,725.0,debit_card,South America
4143,95af6d0c-c528-4425-87a9-f33c22d839d3,2025-11-07 22:23:12,Novelty Chilli Chocolates 250g,Confectionery,4,8.5,34.0,bank_transfer,Europe
4144,b74eba93-1027-4b53-a285-b2efcfbe4fe9,2026-08-01 12:46:53,Ergonomic Keyboard,Electronics,7,65.0,455.0,bank_transfer,Europe
4145,8bc78e81-5a30-4528-8b59-95622227219f,2026-06-02 21:34:39,RC Mini Monster Truck,Toys,4,28.0,112.0,debit_card,Asia Pacific
4146,002ccb25-7a5d-4c82-86c5-547c051a0039,2026-01-28 08:47:45,Novelty Chilli Chocolates 250g,Confectionery,4,8.5,34.0,debit_card,Africa
4147,c478f6f1-b88e-4318-816d-83edad81f8bd,2026-08-11 14:04:23,RC Mini Monster Truck,Toys,2,28.0,56.0,paypal,North America
4148,53ea4919-db48-42c2-95ff-2a1f370b9a29,2026-01-09 08:44:17,Developer Flashing Fish Hat,Novelty Items,8,18.75,150.0,bank_transfer,Africa
4149,21813d25-6552-48a6-83ff-50113d1a85dd,2026-07-09 14:18:46,Superhero Mask (Red),Costumes,7,11.25,78.75,cash,Europe
4150,bd44089d-9dd2-49de-bd98-fe336498abe9,2025-11-03 04:47:30,Developer Flashing Fish Hat,Novelty Items,9,18.75,168.75,bank_transfer,North America
4151,bb026576-f512-44c3-b253-d2186c4a37ea,2025-11-06 12:18:33,RC Mini Monster Truck,Toys,8,28.0,224.0,paypal,Europe
4152,6ee35607-92ea-4324-ac93-e5962b015723,2026-01-17 17:20:24,Air Cushion Machine,Packaging,5,1850.0,9250.0,cash,South America
4153,620e99d3-3b33-43d8-a69c-d696236c7b87,2025-12-04 13:06:11,Novelty Chilli Chocolates 250g,Confectionery,2,8.5,17.0,cash,Europe
4154,c7bf4fbc-d43c-4d6d-a0c1-ff1e20da8972,2026-03-02 05:30:58,Novelty Chilli Chocolates 250g,Confectionery,1,8.5,8.5,debit_card,Africa
4155,3f22faf8-23be-401d-83cf-2fde24933b83,2026-07-09 00:58:17,Packaging Tape Dispenser,Packaging,6,22.5,135.0,bank_transfer,Asia Pacific
4156,bf5023f4-40ef-4935-9f90-bed6fb25664d,2026-08-06 02:02:48,Developer Flashing Fish Hat,Novelty Items,10,18.75,187.5,paypal,Middle East
4157,284bf962-5744-4596-b422-21676b7a2460,2026-06-08 20:02:39,Developer Flashing Fish Hat,Novelty Items,5,18.75,93.75,credit_card,Middle East
4158,d847dc53-c605-458a-8845-4343ddb449dc,2025-12-04 13:37:28,Magic Flashing Fruit Bowl,Novelty Items,2,34.0,68.0,bank_transfer,Asia Pacific
4159,295b4715-c333-4861-9fb8-d16c2720797d,2026-07-19 21:44:48,Clear Ethernet Cable 2m,Electronics,9,9.99,89.91,cash,Africa
4160,68d0a2a8-c4e7-47dd-a929-de738693fd9d,2026-03-05 23:11:59,50mm Double Sided Tape,Packaging,10,5.75,57.5,credit_card,South America
4161,250a4578-fbe9-4499-9bc0-80fd46fb7bf3,2026-02-05 15:18:53,RC Mini Monster Truck,Toys,7,28.0,196.0,bank_transfer,Africa
4162,b6aae05b-13d5-42f7-b09b-7d97464c04af,2026-02-22 17:37:46,50mm Double Sided Tape,Packaging,5,5.75,28.75,debit_card,South America
4163,4a1dab32-6aed-4dc7-a3e0-5309b5a1b949,2025-11-16 00:47:10,USB Food Flash Drive - Chocolate,Novelty Items,10,12.0,120.0,paypal,Asia Pacific
4164,8a0f4efb-edcd-465e-b638-6821f6e07cc0,2025-11-10 04:41:31,Air Cushion Machine,Packaging,1,1850.0,1850.0,paypal,North America
4165,f020e992-b576-455e-9854-9f222102f9c9,2025-10-07 16:04:57,Ride On Dinosaur Costume,Costumes,4,145.0,580.0,cash,South America
4166,29890880-277d-4be9-a070-b6a198e52499,2026-02-02 08:55:14,Clear Ethernet Cable 2m,Electronics,3,9.99,29.97,cash,Middle East
4167,3eb13b90-4668-4257-bdd6-40fb06671ad1,2026-03-27 08:53:54,Alien Egg Fidget Ball,Novelty Items,4,6.25,25.0,credit_card,South America
4168,2051acef-097a-4e10-b6fe-bc0e7ecddbaf,2026-02-22 10:20:02,Superhero Mask (Red),Costumes,1,11.25,11.25,bank_transfer,North America
4169,d49347fc-0fc9-4d2e-830f-9be91f178f93,2026-07-28 07:55:24,Air Cushion Machine,Packaging,8,1850.0,14800.0,debit_card,Africa
4170,ff9ab5c2-9f04-4aed-b552-332702627f73,2026-01-18 10:03:54,Ergonomic Keyboard,Electronics,2,65.0,130.0,bank_transfer,Europe
4171,91816091-d6c6-445c-9c5e-4e786307d4d1,2025-11-14 08:31:32,Magic Flashing Fruit Bowl,Novelty Items,6,34.0,204.0,bank_transfer,Europe
4172,79474bfa-cdd0-44d4-9542-27deb6adf48b,2025-11-26 02:42:52,Magic Flashing Fruit Bowl,Novelty Items,9,34.0,306.0,paypal,Africa
4173,586a346a-dc5b-47d1-bcef-1972bbf483ce,2025-11-08 13:19:44,Giant Chocolate Snake 1.2m,Confectionery,6,45.0,270.0,debit_card,Africa
4174,92779574-c457-4cc3-b5f7-89bca6b07458,2025-12-17 10:16:39,Giant Chocolate Snake 1.2m,Confectionery,10,45.0,450.0,paypal,Middle East
4175,4ebfa5c3-cae9-44a7-aa79-ea680f44704f,2026-03-22 00:40:47,Furry Gloves (Black) S,Clothing,4,15.5,62.0,credit_card,Asia Pacific
4176,dea45c19-d024-4d72-b748-967f961d33ba,2026-03-28 23:11:09,Ergonomic Keyboard,Electronics,5,65.0,325.0,cash,Europe
4177,474a493b-3ced-4f2d-839f-bc501223b513,2026-05-09 23:08:11,Ergonomic Keyboard,Electronics,7,65.0,455.0,cash,Europe
4178,eb1fa9f2-d10b-41d0-b317-347038f16a81,2026-05-09 02:12:40,Furry Gloves (Black) S,Clothing,5,15.5,77.5,debit_card,Middle East
4179,e6e59b32-ac5f-42ef-8085-c1471e910f36,2026-04-22 15:57:16,Air Cushion Machine,Packaging,4,1850.0,7400.0,debit_card,Asia Pacific
4180,9df2372e-9e82-4aae-9d36-16a108dec921,2026-03-13 02:54:25,RC Mini Monster Truck,Toys,3,28.0,84.0,credit_card,Africa
4181,b3e4110a-45f5-4c52-ae2f-bf77076979d6,2025-11-14 18:25:10,Packaging Tape Dispenser,Packaging,9,22.5,202.5,bank_transfer,Africa
4182,c5a11f5c-ad05-4912-9ab2-8d4a8bd88fcd,2025-10-15 20:26:18,Clear Ethernet Cable 2m,Electronics,7,9.99,69.93,paypal,Europe
4183,78660765-14f7-4e8d-95bc-b8d04094dded,2025-11-09 10:58:04,USB Food Flash Drive - Chocolate,Novelty Items,4,12.0,48.0,cash,Asia Pacific
4184,15b24e1d-9715-4633-9d4e-db71eb2ec80e,2026-02-20 02:22:47,RC Mini Monster Truck,Toys,2,28.0,56.0,paypal,North America
4185,d3293724-6dfd-471a-b7d7-465d37c3b3c9,2026-05-08 21:21:45,Clear Ethernet Cable 2m,Electronics,7,9.99,69.93,bank_transfer,South America
4186,8da0365b-f898-47b9-805c-acec877409a9,2025-11-10 19:04:53,Clear Ethernet Cable 2m,Electronics,8,9.99,79.92,paypal,Europe
4187,5913f9d3-7852-49f4-975b-a98df8140102,2026-05-25 11:23:59,USB Food Flash Drive - Chocolate,Novelty Items,5,12.0,60.0,bank_transfer,Asia Pacific
4188,ff46a6bf-094d-416d-ab6d-2fedef158d5b,2026-05-25 21:49:54,RC Mini Monster Truck,Toys,7,28.0,196.0,debit_card,Asia Pacific
4189,b0b862ef-6c9f-42b9-b647-8986a3917c99,2026-08-06 07:09:30,Clear Ethernet Cable 2m,Electronics,4,9.99,39.96,debit_card,Middle East
4190,5cae9610-c72c-4fe3-b2c2-2a1679eb4168,2026-02-08 15:34:10,Furry Gloves (Black) S,Clothing,3,15.5,46.5,debit_card,Middle East
4191,36136e15-f200-4261-8d29-d1ab345512f7,2026-09-06 02:05:47,Developer Flashing Fish Hat,Novelty Items,10,18.75,187.5,credit_card,North America
4192,96822e22-bcd4-444f-8f8a-368e35ba9357,2026-03-04 06:20:14,USB Food Flash Drive - Chocolate,Novelty Items,2,12.0,24.0,credit_card,South America
4193,e9ddebf5-6311-4aca-848a-f4407fc15858,2025-10-10 10:40:57,Packaging Tape Dispenser,Packaging,7,22.5,157.5,credit_card,Africa
4194,474a493b-3ced-4f2d-839f-bc501223b513,2026-01-26 23:52:27,Giant Chocolate Snake 1.2m,Confectionery,3,45.0,135.0,credit_card,Asia Pacific
4195,7e8f8095-624c-49b6-b244-45a7b7e58481,2026-03-15 08:38:56,Ride On Dinosaur Costume,Costumes,1,145.0,145.0,paypal,Europe
4196,8347f1da-5c11-4b6d-82f5-b3f54ef4c34d,2026-03-05 06:12:48,Giant Chocolate Snake 1.2m,Confectionery,6,45.0,270.0,cash,North America
4197,3cf88d20-fbad-493f-87a1-ec0234879e41,2026-08-04 06:02:31,Novelty Chilli Chocolates 250g,Confectionery,3,8.5,25.5,paypal,Europe
4198,fa585b27-8ce3-47c3-b6ea-b3a001539221,2025-11-07 13:06:59,USB Food Flash Drive - Chocolate,Novelty Items,1,12.0,12.0,credit_card,North America
4199,e8cee951-b047-4ea4-bee5-ce6933cb202e,2026-07-14 03:41:38,Magic Flashing Fruit Bowl,Novelty Items,1,34.0,34.0,debit_card,South America
4200,40198303-5c45-4e4d-a793-13b817e52113,2026-09-20 14:51:23,RC Mini Monster Truck,Toys,7,28.0,196.0,bank_transfer,North America
4201,dd750e98-90e0-495f-8212-b554464458b4,2026-05-10 22:55:05,Alien Egg Fidget Ball,Novelty Items,10,6.25,62.5,cash,Middle East
4202,8beddb12-ad77-482f-89a2-3a89e6b5a92c,2026-09-22 04:48:20,USB Food Flash Drive - Chocolate,Novelty Items,10,12.0,120.0,debit_card,North America
4203,2c3aacdc-aed5-4a46-8bde-005b5d8babd7,2026-01-07 22:11:02,Ergonomic Keyboard,Electronics,10,65.0,650.0,paypal,South America
4204,5e84f058-d5a8-44eb-8939-23de8babce3b,2026-05-15 18:43:02,Giant Chocolate Snake 1.2m,Confectionery,9,45.0,405.0,bank_transfer,Middle East
4205,ae849217-1d53-434b-b881-39b9ae270da7,2026-04-26 00:42:21,Air Cushion Machine,Packaging,5,1850.0,9250.0,bank_transfer,Europe
4206,6f14b3f6-d867-488b-bff6-b824152aeaec,2025-12-10 12:17:13,Giant Chocolate Snake 1.2m,Confectionery,3,45.0,135.0,bank_transfer,Asia Pacific
4207,8eac0a33-cdf9-44a7-9882-b5c1f79efd70,2026-06-28 19:16:03,Developer Flashing Fish Hat,Novelty Items,9,18.75,168.75,paypal,Africa
4208,f020e992-b576-455e-9854-9f222102f9c9,2026-03-02 12:20:21,50mm Double Sided Tape,Packaging,7,5.75,40.25,debit_card,Europe
4209,0db95301-afbb-411a-a123-5a8c93b7a886,2025-12-10 11:31:49,Giant Chocolate Snake 1.2m,Confectionery,6,45.0,270.0,debit_card,Asia Pacific
4210,295b4715-c333-4861-9fb8-d16c2720797d,2025-11-28 13:44:34,Ride On Dinosaur Costume,Costumes,3,145.0,435.0,credit_card,North America
4211,6a702e2f-7746-40ba-8ae8-905b54b4a482,2026-01-18 02:09:58,Magic Flashing Fruit Bowl,Novelty Items,2,34.0,68.0,credit_card,Asia Pacific
4212,af70de70-2b69-495e-8567-1b58926bffa5,2026-01-30 14:24:23,Ride On Dinosaur Costume,Costumes,3,145.0,435.0,credit_card,Europe
4213,409e7a80-86c5-41d6-9ea9-f50831227592,2026-01-17 21:23:32,Furry Gloves (Black) S,Clothing,6,15.5,93.0,paypal,Middle East
4214,f75d599f-6b2d-4b09-8707-9ad480be7e35,2026-04-15 03:54:28,Air Cushion Machine,Packaging,8,1850.0,14800.0,bank_transfer,North America
4215,f2e61828-01bb-419c-8dfe-111722af711f,2025-12-01 07:52:15,RC Mini Monster Truck,Toys,9,28.0,252.0,cash,Europe
4216,69be173a-850e-40ad-9872-f72ee5b4a1ae,2025-10-30 05:21:08,RC Mini Monster Truck,Toys,4,28.0,112.0,bank_transfer,Africa
4217,06e745f9-88bc-439c-9f4c-3b79fb10987f,2025-12-09 14:08:44,Novelty Chilli Chocolates 250g,Confectionery,6,8.5,51.0,bank_transfer,South America
4218,a18ff6b6-b535-406e-922c-9a5601d74256,2026-03-23 11:08:10,Developer Flashing Fish Hat,Novelty Items,2,18.75,37.5,credit_card,Europe
4219,a284e8fd-755c-4e2a-b8de-d777bb1e5ae8,2026-01-20 19:48:38,Clear Ethernet Cable 2m,Electronics,3,9.99,29.97,bank_transfer,Asia Pacific
4220,6a66c184-7de1-4f5d-af48-47f068bd075b,2026-03-18 04:37:04,Giant Chocolate Snake 1.2m,Confectionery,7,45.0,315.0,paypal,Asia Pacific
4221,f7eae66e-ca6c-4f9b-8969-71018b2c550a,2026-01-30 01:33:11,Ride On Dinosaur Costume,Costumes,6,145.0,870.0,bank_transfer,Africa
4222,c57c7498-1e38-4711-a2ec-13f4bba1aed9,2026-04-11 17:01:21,Developer Flashing Fish Hat,Novelty Items,10,18.75,187.5,debit_card,North America
4223,bb7b6c05-2852-4ca2-b9d2-014a22ee7f07,2026-08-05 14:38:29,Superhero Mask (Red),Costumes,3,11.25,33.75,paypal,Asia Pacific
4224,eb93f78c-620a-4158-9d2d-904f78c59073,2025-11-04 12:37:07,USB Food Flash Drive - Chocolate,Novelty Items,8,12.0,96.0,paypal,South America
4225,409d3602-5084-4242-968b-1625746f7891,2026-02-22 21:35:16,Novelty Chilli Chocolates 250g,Confectionery,3,8.5,25.5,cash,Middle East
4226,1eb2a7b8-da3c-45ca-83d7-8f2b769de1e3,2026-01-11 09:40:16,Ergonomic Keyboard,Electronics,5,65.0,325.0,debit_card,Africa
4227,fc3e058b-e0f3-4ab0-9cec-4eb5edd96831,2026-01-09 10:02:44,Ride On Dinosaur Costume,Costumes,7,145.0,1015.0,credit_card,Africa
4228,89ecbc51-98cb-4a52-87f5-301988438de2,2026-07-12 14:55:46,Developer Flashing Fish Hat,Novelty Items,6,18.75,112.5,cash,Europe
4229,b386f7a4-c991-403f-a8c1-3091444d610b,2026-06-05 09:23:45,Developer Flashing Fish Hat,Novelty Items,1,18.75,18.75,bank_transfer,Middle East
4230,6a702e2f-7746-40ba-8ae8-905b54b4a482,2026-04-16 04:52:24,Air Cushion Machine,Packaging,4,1850.0,7400.0,paypal,Africa
4231,ebc2026f-af34-4f65-a193-c4b23c19e71d,2026-05-24 06:20:11,Giant Chocolate Snake 1.2m,Confectionery,9,45.0,405.0,cash,Asia Pacific
4232,4c636e95-025f-4543-8997-623ae0723d96,2026-06-02 03:25:46,RC Mini Monster Truck,Toys,9,28.0,252.0,cash,Middle East
4233,75220646-3273-45bf-9373-bf4d5da49cb9,2025-12-20 14:18:04,Air Cushion Machine,Packaging,7,1850.0,12950.0,credit_card,Asia Pacific
4234,09f64405-0b99-4034-8a4e-255280051b10,2026-04-01 11:14:22,50mm Double Sided Tape,Packaging,10,5.75,57.5,paypal,Middle East
4235,8a0f4efb-edcd-465e-b638-6821f6e07cc0,2025-11-16 04:42:52,Furry Gloves (Black) S,Clothing,8,15.5,124.0,paypal,Europe
4236,efc59738-2fb2-4e66-bed1-7aabc9b7c9bc,2025-11-27 06:30:49,Novelty Chilli Chocolates 250g,Confectionery,7,8.5,59.5,credit_card,Asia Pacific
4237,e2789642-a484-4035-b30f-aaa36b52f93c,2026-01-31 23:16:41,Superhero Mask (Red),Costumes,7,11.25,78.75,bank_transfer,Middle East
4238,aee70ab2-61fa-4e7a-878c-26ce7f0223bc,2025-10-08 06:44:10,Magic Flashing Fruit Bowl,Novelty Items,4,34.0,136.0,paypal,Middle East
4239,2051acef-097a-4e10-b6fe-bc0e7ecddbaf,2026-03-08 07:46:34,Air Cushion Machine,Packaging,8,1850.0,14800.0,paypal,Africa
4240,216e9fe5-93f3-4596-8c1c-8b0556771f36,2026-02-11 16:08:54,Superhero Mask (Red),Costumes,1,11.25,11.25,debit_card,Africa
4241,c5ce099c-46b8-4659-91df-12d7dd30de89,2026-08-28 12:03:54,RC Mini Monster Truck,Toys,10,28.0,280.0,bank_transfer,Europe
4242,0a3450fc-9918-4e46-9497-d6587010f719,2026-06-03 12:16:11,Novelty Chilli Chocolates 250g,Confectionery,9,8.5,76.5,credit_card,South America
4243,d045dd1c-6684-49e3-b1f8-343ea99f1318,2026-03-02 04:29:26,Superhero Mask (Red),Costumes,8,11.25,90.0,bank_transfer,North America
4244,b0416f19-bbe7-4835-8e8b-f78a60ddc7f1,2026-08-13 22:11:43,Clear Ethernet Cable 2m,Electronics,1,9.99,9.99,credit_card,Europe
4245,382b5b86-f2a3-4efd-bf13-8c80c398c332,2026-09-05 11:55:49,Packaging Tape Dispenser,Packaging,9,22.5,202.5,bank_transfer,North America
4246,df3a098a-ccac-4fb5-9a0c-6c0493cd1291,2026-02-10 15:12:40,Packaging Tape Dispenser,Packaging,5,22.5,112.5,cash,Africa
4247,19a692c9-0d70-4ea4-bb9b-2d45a35055e4,2026-03-25 14:50:05,Novelty Chilli Chocolates 250g,Confectionery,8,8.5,68.0,debit_card,Middle East
4248,32ffe294-4d57-4880-9865-d69a74f33103,2026-02-12 15:37:38,Giant Chocolate Snake 1.2m,Confectionery,9,45.0,405.0,credit_card,South America
4249,6b352f85-504e-4687-b0e7-e75604d9145e,2026-03-21 21:17:37,RC Mini Monster Truck,Toys,7,28.0,196.0,paypal,South America
4250,19db3ad0-ddd1-4fb2-bb98-2ef8daf61a26,2026-08-18 08:26:31,Packaging Tape Dispenser,Packaging,4,22.5,90.0,bank_transfer,North America
4251,9a069295-3b8d-4447-8e61-065f171b1b80,2026-08-21 11:33:52,Developer Flashing Fish Hat,Novelty Items,4,18.75,75.0,bank_transfer,North America
4252,b69f75c5-c82b-41be-a1eb-64e6fd498e20,2026-09-04 10:51:33,USB Food Flash Drive - Chocolate,Novelty Items,3,12.0,36.0,paypal,South America
4253,54720d2d-3239-4ffb-a704-6f254b91b8cb,2026-06-15 11:45:46,Giant Chocolate Snake 1.2m,Confectionery,5,45.0,225.0,paypal,Asia Pacific
4254,4639447b-2067-4dac-88bd-13d1b540b30e,2026-05-24 11:48:11,Ride On Dinosaur Costume,Costumes,7,145.0,1015.0,debit_card,Europe
4255,a377f6f1-d289-40ab-a18a-e30595a5bafa,2025-11-27 12:25:54,USB Food Flash Drive - Chocolate,Novelty Items,5,12.0,60.0,cash,Africa
4256,ab73295b-344a-44b8-82c1-8a62ef48e8d5,2026-01-30 07:55:10,Packaging Tape Dispenser,Packaging,2,22.5,45.0,debit_card,North America
4257,4d407b28-5628-4dcd-99dd-3e8c96053035,2026-02-07 04:28:32,Superhero Mask (Red),Costumes,1,11.25,11.25,debit_card,North America
4258,a39c3bd5-ab86-4afd-b57e-c883d2586d90,2026-05-27 21:59:46,Furry Gloves (Black) S,Clothing,5,15.5,77.5,debit_card,North America
4259,f206c269-38b7-4c07-80fb-929673b6a09b,2026-07-02 16:15:13,Furry Gloves (Black) S,Clothing,8,15.5,124.0,credit_card,Middle East
4260,a1b970d0-7a81-44de-b205-07bbfb16f757,2025-12-22 15:43:52,Furry Gloves (Black) S,Clothing,9,15.5,139.5,cash,North America
4261,0e5dd462-cbd0-4ef2-930a-37df0bc61066,2026-04-09 16:21:14,Ergonomic Keyboard,Electronics,10,65.0,650.0,credit_card,Europe
4262,cfd01cbd-5f65-48ce-bd21-bc11be9d61ee,2026-02-04 16:03:36,Furry Gloves (Black) S,Clothing,2,15.5,31.0,debit_card,Asia Pacific
4263,8ece1128-56ce-4b42-bc9e-1dcbcb7e6268,2025-12-13 15:21:32,Furry Gloves (Black) S,Clothing,4,15.5,62.0,paypal,Africa
4264,46feacd4-fe13-43cd-8f2d-5c15eb346d3a,2026-03-09 07:31:17,Novelty Chilli Chocolates 250g,Confectionery,10,8.5,85.0,credit_card,North America
4265,5275eb94-14ae-4f5c-a636-58c912d0498d,2026-02-06 14:14:18,Ride On Dinosaur Costume,Costumes,3,145.0,435.0,debit_card,Middle East
4266,6786d506-38ba-4abc-8b53-05e517d2582e,2026-01-26 20:09:12,Superhero Mask (Red),Costumes,9,11.25,101.25,bank_transfer,Africa
4267,66d06371-d8e8-4ebb-ba9e-8eefffa361be,2026-07-18 01:11:06,Developer Flashing Fish Hat,Novelty Items,1,18.75,18.75,bank_transfer,Asia Pacific
4268,4e2d6255-3d13-4a3d-9e2c-2e7d502cf0ee,2026-07-02 13:08:08,USB Food Flash Drive - Chocolate,Novelty Items,9,12.0,108.0,bank_transfer,South America
4269,b928e23f-4ee4-434e-8e92-0136ac3a812f,2026-06-08 10:44:17,Ride On Dinosaur Costume,Costumes,4,145.0,580.0,bank_transfer,Middle East
4270,9d17d218-fc3b-4de5-9812-62ac5683ede0,2026-04-14 08:10:46,50mm Double Sided Tape,Packaging,2,5.75,11.5,debit_card,Africa
4271,7afeb114-9561-4813-8d25-9caab8adad87,2026-05-17 07:14:37,RC Mini Monster Truck,Toys,8,28.0,224.0,bank_transfer,Asia Pacific
4272,892e6161-be2d-440a-9e9b-23bc50c7c006,2026-08-05 08:11:20,Developer Flashing Fish Hat,Novelty Items,6,18.75,112.5,credit_card,North America
4273,9a1de644-815e-46d1-bb8f-aa1837f8a88b,2026-01-07 19:13:04,Ergonomic Keyboard,Electronics,4,65.0,260.0,cash,Europe
4274,b2414482-5198-44d8-8643-3603c92a7d7c,2026-02-09 05:08:22,Novelty Chilli Chocolates 250g,Confectionery,6,8.5,51.0,paypal,Asia Pacific
4275,2a9527f6-f817-4ebf-ab6e-64c5bb8aa843,2026-02-28 16:44:57,50mm Double Sided Tape,Packaging,1,5.75,5.75,paypal,Asia Pacific
4276,b89f3a92-999a-4d86-99db-13028dab66d3,2026-01-22 12:14:47,USB Food Flash Drive - Chocolate,Novelty Items,3,12.0,36.0,credit_card,Middle East
4277,3283daa4-e212-4b7c-9d36-1cb6bcc57be0,2026-08-18 17:56:24,Packaging Tape Dispenser,Packaging,9,22.5,202.5,credit_card,Middle East
4278,491b90e9-9ca3-4bb3-bf11-c8ba36ee1640,2026-08-06 20:28:00,Ride On Dinosaur Costume,Costumes,8,145.0,1160.0,cash,Middle East
4279,81d2c7de-4ce1-4b90-a669-7833b841d0a0,2026-03-07 06:04:50,50mm Double Sided Tape,Packaging,6,5.75,34.5,cash,North America
4280,7c16128d-b2c0-4394-a17f-29e170286046,2026-02-24 09:51:04,Furry Gloves (Black) S,Clothing,6,15.5,93.0,paypal,Middle East
4281,9b689c88-3ae9-49fe-8c82-18dac696f5e6,2025-11-18 21:10:16,Superhero Mask (Red),Costumes,7,11.25,78.75,credit_card,North America
4282,52555c75-8d55-419e-bd44-cb2cea45ba41,2026-10-02 15:09:18,Novelty Chilli Chocolates 250g,Confectionery,5,8.5,42.5,debit_card,Africa
4283,8bcf53a1-bc10-4a52-bf5d-2fdf89c8d2ab,2026-05-12 15:07:38,Alien Egg Fidget Ball,Novelty Items,7,6.25,43.75,paypal,Europe
4284,9e8fc965-0a2c-427e-9832-685694340a03,2025-12-22 05:55:52,Superhero Mask (Red),Costumes,7,11.25,78.75,cash,Europe
4285,5e5ba13d-746c-4b77-9fa3-82e8895ccd99,2026-05-23 15:36:56,USB Food Flash Drive - Chocolate,Novelty Items,8,12.0,96.0,paypal,Asia Pacific
4286,8beddb12-ad77-482f-89a2-3a89e6b5a92c,2026-05-05 13:17:29,Novelty Chilli Chocolates 250g,Confectionery,1,8.5,8.5,paypal,South America
4287,939f71a2-f99c-4a5c-b65a-d0f14350ab06,2025-12-14 12:42:10,50mm Double Sided Tape,Packaging,2,5.75,11.5,debit_card,Middle East
4288,2c3aacdc-aed5-4a46-8bde-005b5d8babd7,2026-06-27 09:40:55,Magic Flashing Fruit Bowl,Novelty Items,10,34.0,340.0,credit_card,Europe
4289,8c0b393a-1333-4bc9-bb63-5ff529310971,2026-07-30 18:22:37,USB Food Flash Drive - Chocolate,Novelty Items,2,12.0,24.0,paypal,Europe
4290,bb2488a3-d363-47b6-af81-cf4f7701f7bb,2026-05-07 06:57:19,Developer Flashing Fish Hat,Novelty Items,2,18.75,37.5,cash,South America
4291,d248a9a7-ac1a-4554-83c7-5611ffe3fa49,2025-10-16 02:32:09,Magic Flashing Fruit Bowl,Novelty Items,2,34.0,68.0,credit_card,Europe
4292,f633cc2d-eba9-40e1-aa7d-5d964ba17233,2026-07-15 01:46:46,Alien Egg Fidget Ball,Novelty Items,9,6.25,56.25,cash,North America
4293,c74e48ff-cf89-469d-a550-d73607806e71,2026-04-02 22:17:26,Furry Gloves (Black) S,Clothing,9,15.5,139.5,cash,Africa
4294,73b0d676-3527-45c8-8534-ca08f6f24d1c,2026-07-07 18:07:09,Packaging Tape Dispenser,Packaging,5,22.5,112.5,cash,Africa
4295,0b3d0c36-17d0-4810-87a2-a10bb62edb49,2025-12-26 01:43:27,Alien Egg Fidget Ball,Novelty Items,2,6.25,12.5,bank_transfer,North America
4296,295d6fbf-430f-401d-bad4-09e2a319dcb4,2026-03-24 22:21:21,Alien Egg Fidget Ball,Novelty Items,7,6.25,43.75,paypal,Europe
4297,eadf5085-3fcb-4546-8eb2-25790cdb1ca4,2026-08-11 10:37:39,50mm Double Sided Tape,Packaging,1,5.75,5.75,credit_card,North America
4298,eb1fa9f2-d10b-41d0-b317-347038f16a81,2026-01-26 19:03:48,Magic Flashing Fruit Bowl,Novelty Items,1,34.0,34.0,bank_transfer,North America
4299,925817b7-cf50-4889-a8b7-7f7b7321bf6b,2026-08-24 11:46:03,Ergonomic Keyboard,Electronics,6,65.0,390.0,cash,North America
4300,48d90846-55c5-41fc-bba5-7cc8edaf3766,2026-07-01 17:21:09,Alien Egg Fidget Ball,Novelty Items,3,6.25,18.75,cash,South America
4301,c4536f1d-4199-4fdf-b310-22f0770c7798,2025-11-01 12:15:54,USB Food Flash Drive - Chocolate,Novelty Items,6,12.0,72.0,debit_card,Africa
4302,508211a5-d9b5-4f84-adc3-a1c32dea2d2d,2026-08-19 16:58:19,RC Mini Monster Truck,Toys,10,28.0,280.0,credit_card,Africa
4303,a59b457f-c0d7-4c73-895f-fa8140d92bce,2026-08-30 21:36:57,Furry Gloves (Black) S,Clothing,1,15.5,15.5,debit_card,Africa
4304,f6b751f7-9b74-4245-9b1b-c8952af43ab7,2026-08-10 15:43:08,50mm Double Sided Tape,Packaging,3,5.75,17.25,cash,South America
4305,02571851-26a9-4100-b509-109b116658ce,2026-08-10 10:01:19,Clear Ethernet Cable 2m,Electronics,1,9.99,9.99,cash,Europe
4306,e9ddebf5-6311-4aca-848a-f4407fc15858,2026-03-13 13:08:08,Magic Flashing Fruit Bowl,Novelty Items,4,34.0,136.0,cash,South America
4307,f2f9e5fa-9016-4161-8fa7-01cd2631d00b,2026-06-24 00:15:57,Novelty Chilli Chocolates 250g,Confectionery,7,8.5,59.5,cash,Africa
4308,a61f0b96-e75f-445a-aa1d-3fc65f31273d,2026-04-17 13:30:10,Clear Ethernet Cable 2m,Electronics,4,9.99,39.96,cash,Europe
4309,cab4923b-f448-4385-8de7-ad6c949077c2,2025-11-28 16:54:11,Developer Flashing Fish Hat,Novelty Items,3,18.75,56.25,cash,Asia Pacific
4310,32ffe294-4d57-4880-9865-d69a74f33103,2026-06-08 14:46:46,RC Mini Monster Truck,Toys,10,28.0,280.0,paypal,South America
4311,d6b361e4-3b6d-4a0d-afe5-040b1901ef87,2026-01-31 06:15:52,Magic Flashing Fruit Bowl,Novelty Items,2,34.0,68.0,bank_transfer,Europe
4312,ae92ea71-cf7d-4b43-9679-742fff4c96d6,2026-01-07 15:27:37,Giant Chocolate Snake 1.2m,Confectionery,10,45.0,450.0,credit_card,North America
4313,680bac63-b856-4035-bdc9-829015eabb27,2026-01-11 18:49:25,Clear Ethernet Cable 2m,Electronics,10,9.99,99.9,paypal,Africa
4314,d4aac9a3-3ed8-456c-9a09-dfa052828d80,2026-06-18 10:50:36,Ride On Dinosaur Costume,Costumes,10,145.0,1450.0,cash,North America
4315,935f2b0a-a138-4ddc-a2d9-de5d6a18ce4c,2025-12-04 12:22:43,Giant Chocolate Snake 1.2m,Confectionery,4,45.0,180.0,credit_card,South America
4316,d0c30018-6e3c-4d4f-95b1-45e470b27304,2026-07-10 10:08:45,Air Cushion Machine,Packaging,1,1850.0,1850.0,credit_card,Africa
4317,a39c3bd5-ab86-4afd-b57e-c883d2586d90,2026-03-18 23:29:53,Clear Ethernet Cable 2m,Electronics,3,9.99,29.97,debit_card,Europe
4318,07a0ca6e-0822-48f3-ac03-1199972a8469,2026-08-08 02:23:17,USB Food Flash Drive - Chocolate,Novelty Items,10,12.0,120.0,debit_card,Africa
4319,55ab946d-a5b5-4dc2-a181-c85eca0ac6ac,2026-03-01 01:28:07,USB Food Flash Drive - Chocolate,Novelty Items,1,12.0,12.0,credit_card,Europe
4320,b6aae05b-13d5-42f7-b09b-7d97464c04af,2025-11-03 09:03:53,Air Cushion Machine,Packaging,8,1850.0,14800.0,debit_card,Africa
4321,45a08539-6de8-470a-8e9e-9ebd55c34853,2026-03-29 01:15:53,Giant Chocolate Snake 1.2m,Confectionery,2,45.0,90.0,paypal,Europe
4322,e8334da5-de95-4695-b579-c1437ab99428,2026-05-25 20:48:25,Clear Ethernet Cable 2m,Electronics,7,9.99,69.93,cash,Africa
4323,345af934-b42a-4d93-9aba-0f15b2149062,2026-04-09 18:27:03,Alien Egg Fidget Ball,Novelty Items,8,6.25,50.0,debit_card,Africa
4324,beed10b6-4f6e-474b-9eda-b0276550f74a,2026-05-19 18:34:02,Ride On Dinosaur Costume,Costumes,4,145.0,580.0,paypal,South America
4325,13aec376-c359-410a-b1a6-014c5f3c44dc,2026-03-10 07:26:02,Superhero Mask (Red),Costumes,4,11.25,45.0,bank_transfer,Europe
4326,25074181-8d1f-4540-b4ef-f5453e652603,2026-05-01 04:19:29,Clear Ethernet Cable 2m,Electronics,1,9.99,9.99,credit_card,Asia Pacific
4327,8ce21ea3-db20-456e-9c81-5fe7ceda8bbb,2026-04-20 09:37:54,Ergonomic Keyboard,Electronics,3,65.0,195.0,credit_card,Africa
4328,4bbe4aff-9326-4ffd-9be4-bf5192698698,2026-09-29 07:15:50,Ergonomic Keyboard,Electronics,9,65.0,585.0,debit_card,Asia Pacific
4329,7337c599-7984-4388-9c8a-ee30be6033f7,2026-09-28 02:20:11,USB Food Flash Drive - Chocolate,Novelty Items,5,12.0,60.0,paypal,Europe
4330,df3a098a-ccac-4fb5-9a0c-6c0493cd1291,2026-09-08 09:14:00,Ride On Dinosaur Costume,Costumes,7,145.0,1015.0,credit_card,Asia Pacific
4331,0f02bad0-e706-4ef4-a6aa-9385dd59ba71,2026-07-01 06:51:13,Furry Gloves (Black) S,Clothing,9,15.5,139.5,cash,Asia Pacific
4332,ac2b0cfc-c5c5-4060-9911-21e793d563ae,2026-03-17 02:30:17,Developer Flashing Fish Hat,Novelty Items,5,18.75,93.75,debit_card,Asia Pacific
4333,e5871d89-1631-4fc6-b79d-58f9dc268108,2026-05-04 18:48:01,Air Cushion Machine,Packaging,5,1850.0,9250.0,bank_transfer,Asia Pacific
4334,4e76833a-4baf-4f5e-a932-009453f28f11,2025-10-19 22:20:09,Alien Egg Fidget Ball,Novelty Items,3,6.25,18.75,debit_card,Asia Pacific
4335,a5e5a5ab-aefc-4ad8-afc8-9849b3aa7efe,2026-08-08 17:42:46,RC Mini Monster Truck,Toys,3,28.0,84.0,debit_card,Africa
4336,2812859a-1337-439e-8d4f-5d272c7f0b79,2026-02-22 06:43:02,Ergonomic Keyboard,Electronics,7,65.0,455.0,cash,Middle East
4337,11c58ef0-dd46-4c09-8752-87aa5408f9ac,2026-07-05 03:21:54,Giant Chocolate Snake 1.2m,Confectionery,3,45.0,135.0,paypal,Africa
4338,c5ce099c-46b8-4659-91df-12d7dd30de89,2026-09-18 10:20:19,Developer Flashing Fish Hat,Novelty Items,9,18.75,168.75,credit_card,Europe
4339,0f321333-ce31-4937-b4fa-32b6d0437e4c,2026-08-17 02:48:58,Superhero Mask (Red),Costumes,9,11.25,101.25,paypal,Africa
4340,c0e9ab30-ed26-42e9-97e0-11b7f8102383,2026-05-02 03:59:10,Clear Ethernet Cable 2m,Electronics,1,9.99,9.99,cash,North America
4341,25074181-8d1f-4540-b4ef-f5453e652603,2026-05-24 06:27:45,Air Cushion Machine,Packaging,5,1850.0,9250.0,debit_card,Africa
4342,b66edbf4-a0ea-4251-8957-43a281b13b80,2026-06-10 11:55:54,RC Mini Monster Truck,Toys,9,28.0,252.0,cash,Middle East
4343,7603c36c-f139-4e3c-8aee-25571f5df912,2026-09-25 18:29:49,Furry Gloves (Black) S,Clothing,9,15.5,139.5,debit_card,Africa
4344,9a1de644-815e-46d1-bb8f-aa1837f8a88b,2025-11-07 15:44:55,Ergonomic Keyboard,Electronics,9,65.0,585.0,debit_card,North America
4345,a4bbf962-606e-4e1c-8f15-84494f40c22f,2025-11-17 03:03:23,Developer Flashing Fish Hat,Novelty Items,9,18.75,168.75,cash,Europe
4346,6786d506-38ba-4abc-8b53-05e517d2582e,2026-07-31 06:49:51,Novelty Chilli Chocolates 250g,Confectionery,8,8.5,68.0,debit_card,North America
4347,6346d4ef-69ef-44e3-8ab6-821c0328c136,2026-01-10 01:20:24,50mm Double Sided Tape,Packaging,5,5.75,28.75,bank_transfer,Europe
4348,88ffbd40-3b72-486d-92fa-675fa6fd0cb1,2026-06-18 00:57:04,50mm Double Sided Tape,Packaging,5,5.75,28.75,debit_card,Africa
4349,8685abaa-7a76-4555-a987-b218ff84faef,2026-06-20 19:03:20,Clear Ethernet Cable 2m,Electronics,10,9.99,99.9,cash,Europe
4350,45f18619-54f9-4429-a7de-02ccdda4f4a7,2026-02-20 12:34:54,USB Food Flash Drive - Chocolate,Novelty Items,7,12.0,84.0,cash,South America
4351,74685b98-d2fe-4fde-9918-b3e5f2f25eef,2025-12-09 06:02:48,RC Mini Monster Truck,Toys,4,28.0,112.0,credit_card,Europe
4352,cf685878-0b70-4933-8cde-1b6b1132567c,2026-06-13 22:08:07,Developer Flashing Fish Hat,Novelty Items,8,18.75,150.0,debit_card,Middle East
4353,45b1ed25-f153-4ae8-a70a-cc5cb321bf21,2026-05-31 14:13:54,Developer Flashing Fish Hat,Novelty Items,8,18.75,150.0,bank_transfer,Middle East
4354,2dea9493-0658-463a-a98c-206fe1a47e10,2025-10-22 20:32:05,Novelty Chilli Chocolates 250g,Confectionery,2,8.5,17.0,cash,South America
4355,bff15840-207e-463f-9f32-d5d82abe1585,2026-05-12 09:15:11,Air Cushion Machine,Packaging,7,1850.0,12950.0,credit_card,South America
4356,7f53a88e-4efc-4248-a10b-1a477faeb748,2026-06-13 03:47:10,Ergonomic Keyboard,Electronics,7,65.0,455.0,credit_card,North America
4357,25b8a42f-836b-45c7-a7c2-25da73069588,2026-06-25 18:09:19,Giant Chocolate Snake 1.2m,Confectionery,9,45.0,405.0,debit_card,South America
4358,2834e4c0-14c8-43b4-a911-d19243bfd931,2026-06-13 19:44:49,50mm Double Sided Tape,Packaging,4,5.75,23.0,paypal,North America
4359,d453dd32-4b0d-4b41-8d52-88f1142c3fe8,2026-03-09 20:22:01,Novelty Chilli Chocolates 250g,Confectionery,5,8.5,42.5,cash,Asia Pacific
4360,937bf79b-bb44-4adc-aa98-fef8d0d75e37,2026-07-24 23:10:18,USB Food Flash Drive - Chocolate,Novelty Items,5,12.0,60.0,cash,Asia Pacific
4361,295d6fbf-430f-401d-bad4-09e2a319dcb4,2026-02-11 10:21:53,RC Mini Monster Truck,Toys,4,28.0,112.0,paypal,South America
4362,295d6fbf-430f-401d-bad4-09e2a319dcb4,2026-08-10 21:04:16,Magic Flashing Fruit Bowl,Novelty Items,2,34.0,68.0,paypal,Middle East
4363,8a0f4efb-edcd-465e-b638-6821f6e07cc0,2026-03-21 19:47:46,Packaging Tape Dispenser,Packaging,4,22.5,90.0,bank_transfer,Africa
4364,1d48a071-ab61-47b1-b93b-4c3220500494,2025-11-15 19:08:04,Alien Egg Fidget Ball,Novelty Items,9,6.25,56.25,credit_card,Asia Pacific
4365,1e0d02b5-fe74-42cd-9d83-ad037066e289,2025-10-09 17:58:19,Superhero Mask (Red),Costumes,4,11.25,45.0,bank_transfer,Europe
4366,8d38bbd8-fba6-4bf7-8dbc-c65377a7e8b7,2025-11-12 22:44:22,USB Food Flash Drive - Chocolate,Novelty Items,2,12.0,24.0,cash,South America
4367,0e5dd462-cbd0-4ef2-930a-37df0bc61066,2026-01-14 03:16:34,RC Mini Monster Truck,Toys,10,28.0,280.0,credit_card,Asia Pacific
4368,c74e48ff-cf89-469d-a550-d73607806e71,2025-12-30 20:51:35,50mm Double Sided Tape,Packaging,6,5.75,34.5,paypal,Asia Pacific
4369,c17af08a-1745-46d8-be57-0ddf827050a8,2026-04-21 23:30:26,Packaging Tape Dispenser,Packaging,3,22.5,67.5,credit_card,Africa
4370,fb37afae-cd85-43ca-993e-638d774c0afa,2026-07-22 16:50:04,Magic Flashing Fruit Bowl,Novelty Items,1,34.0,34.0,paypal,South America
4371,7135f221-a6c9-437f-84da-d06a7872bdeb,2026-04-25 03:12:19,Ride On Dinosaur Costume,Costumes,3,145.0,435.0,credit_card,Africa
4372,13f3cade-7a10-413f-b6a2-c52b00473139,2026-05-10 08:32:07,Ride On Dinosaur Costume,Costumes,4,145.0,580.0,debit_card,South America
4373,bf5023f4-40ef-4935-9f90-bed6fb25664d,2026-05-19 02:28:56,Ride On Dinosaur Costume,Costumes,5,145.0,725.0,credit_card,Africa
4374,21c71aa3-7414-43b5-8e3e-25f2cf0671c7,2026-06-29 17:09:23,Ergonomic Keyboard,Electronics,4,65.0,260.0,debit_card,North America
4375,3712f2d1-87cd-46a1-bf01-2e32177d6e7e,2026-05-17 01:14:32,USB Food Flash Drive - Chocolate,Novelty Items,4,12.0,48.0,paypal,Africa
4376,409e7a80-86c5-41d6-9ea9-f50831227592,2025-12-30 11:49:29,Clear Ethernet Cable 2m,Electronics,3,9.99,29.97,credit_card,South America
4377,371ecd7b-27cd-4130-8722-9389571aa876,2026-03-27 18:37:01,Ergonomic Keyboard,Electronics,7,65.0,455.0,debit_card,Europe
4378,4d3485c5-c5c1-4eb4-b27b-3d901a16342c,2026-02-27 22:42:24,Novelty Chilli Chocolates 250g,Confectionery,9,8.5,76.5,bank_transfer,North America
4379,f2f9e5fa-9016-4161-8fa7-01cd2631d00b,2026-03-06 13:17:39,USB Food Flash Drive - Chocolate,Novelty Items,3,12.0,36.0,credit_card,South America
4380,f75d599f-6b2d-4b09-8707-9ad480be7e35,2026-04-03 11:43:17,Clear Ethernet Cable 2m,Electronics,2,9.99,19.98,debit_card,Africa
4381,d85480f0-dfca-40b7-99b1-7e80dea4ae17,2026-08-01 14:24:39,Superhero Mask (Red),Costumes,3,11.25,33.75,cash,Africa
4382,eb3537a0-2d6e-4291-b789-3986573bfc17,2026-06-26 13:34:33,Packaging Tape Dispenser,Packaging,9,22.5,202.5,cash,Middle East
4383,06f028ff-a9ba-4a27-907b-fe36978648f8,2026-05-22 05:42:56,Developer Flashing Fish Hat,Novelty Items,8,18.75,150.0,cash,Middle East
4384,fd72b050-96a9-454f-9c33-e1f94c1f55ab,2026-06-30 19:00:06,Giant Chocolate Snake 1.2m,Confectionery,10,45.0,450.0,bank_transfer,Asia Pacific
4385,9c3de1b0-022b-4683-9033-da6587cf63fd,2026-04-18 00:20:20,Ride On Dinosaur Costume,Costumes,10,145.0,1450.0,bank_transfer,Europe
4386,80a52e65-afa2-4559-a7c9-620428e333b6,2025-12-03 04:42:15,Developer Flashing Fish Hat,Novelty Items,5,18.75,93.75,debit_card,Africa
4387,6cedd15d-5800-4c02-87ea-7ff58db06746,2026-02-16 14:59:19,Furry Gloves (Black) S,Clothing,1,15.5,15.5,bank_transfer,Europe
4388,a1b970d0-7a81-44de-b205-07bbfb16f757,2025-10-15 04:36:00,Clear Ethernet Cable 2m,Electronics,9,9.99,89.91,credit_card,Middle East
4389,ed1115d7-50a4-4c85-99d5-7b0242d04d55,2026-04-11 03:24:44,USB Food Flash Drive - Chocolate,Novelty Items,3,12.0,36.0,credit_card,South America
4390,eb3537a0-2d6e-4291-b789-3986573bfc17,2025-11-15 06:07:49,50mm Double Sided Tape,Packaging,9,5.75,51.75,credit_card,Middle East
4391,53ea4919-db48-42c2-95ff-2a1f370b9a29,2026-01-28 09:17:15,Ergonomic Keyboard,Electronics,7,65.0,455.0,cash,Africa
4392,ceb81f9d-7914-4120-88dc-d19f3e351128,2026-03-16 04:49:54,50mm Double Sided Tape,Packaging,3,5.75,17.25,cash,South America
4393,0f321333-ce31-4937-b4fa-32b6d0437e4c,2026-09-28 03:47:04,Packaging Tape Dispenser,Packaging,4,22.5,90.0,debit_card,South America
4394,8471b4b0-ae1b-4f69-b740-d83173318749,2025-11-07 23:53:04,RC Mini Monster Truck,Toys,1,28.0,28.0,cash,Middle East
4395,764414fd-8ae7-49ed-9e8e-de0ba85c6e4a,2025-11-19 17:30:15,RC Mini Monster Truck,Toys,2,28.0,56.0,cash,Middle East
4396,76e5ae78-7bf7-41d3-aa66-2fce7089fc6d,2026-08-24 12:06:09,USB Food Flash Drive - Chocolate,Novelty Items,6,12.0,72.0,cash,North America
4397,21bddb41-0699-4731-9dcf-8766a93b12cd,2026-07-16 05:09:27,Alien Egg Fidget Ball,Novelty Items,5,6.25,31.25,cash,South America
4398,8a0f4efb-edcd-465e-b638-6821f6e07cc0,2025-11-29 16:10:05,Superhero Mask (Red),Costumes,3,11.25,33.75,bank_transfer,Asia Pacific
4399,722764e6-8c41-461b-a827-a1b9d4a02e53,2026-02-17 22:19:05,Superhero Mask (Red),Costumes,4,11.25,45.0,debit_card,Africa
4400,0a8bb5b4-9049-4583-ac86-a890d7b00bdc,2026-02-03 18:41:18,Giant Chocolate Snake 1.2m,Confectionery,2,45.0,90.0,debit_card,Middle East
4401,2e25b5ee-4f11-48dc-9cd3-336904aac1b7,2026-02-15 21:16:22,Ergonomic Keyboard,Electronics,2,65.0,130.0,cash,North America
4402,bf5023f4-40ef-4935-9f90-bed6fb25664d,2026-03-31 11:40:02,50mm Double Sided Tape,Packaging,6,5.75,34.5,debit_card,Africa
4403,ff01cf99-988c-44c9-a1b1-cd2262801c45,2026-08-06 05:35:09,Alien Egg Fidget Ball,Novelty Items,6,6.25,37.5,credit_card,North America
4404,15b24e1d-9715-4633-9d4e-db71eb2ec80e,2025-12-24 23:48:10,Furry Gloves (Black) S,Clothing,1,15.5,15.5,credit_card,Africa
4405,a5135ea0-fa53-434d-a6d5-901d8b621d41,2026-04-26 00:48:07,Novelty Chilli Chocolates 250g,Confectionery,2,8.5,17.0,debit_card,Africa
4406,e1805081-5958-4499-aeea-163e21e8ac68,2026-04-11 04:51:22,Furry Gloves (Black) S,Clothing,10,15.5,155.0,credit_card,Africa
4407,b45c9a54-5fa3-4531-9291-6e60f5e72daf,2026-02-17 22:03:13,Air Cushion Machine,Packaging,8,1850.0,14800.0,credit_card,Asia Pacific
4408,f10bce9c-582b-41ee-b8e8-035b0c00988a,2026-04-08 13:48:58,Furry Gloves (Black) S,Clothing,9,15.5,139.5,paypal,North America
4409,ff5e9ff0-ff50-4de4-b825-67b85cabcc97,2025-11-12 13:34:20,Furry Gloves (Black) S,Clothing,10,15.5,155.0,debit_card,Europe
4410,3ee82983-d557-4241-91dd-b9bf613d2de9,2026-03-24 19:39:44,Developer Flashing Fish Hat,Novelty Items,7,18.75,131.25,credit_card,Middle East
4411,768b4f7e-6421-4e66-9fc6-4cd0721e8b1f,2026-07-13 01:07:51,Giant Chocolate Snake 1.2m,Confectionery,5,45.0,225.0,paypal,Europe
4412,8ece1128-56ce-4b42-bc9e-1dcbcb7e6268,2026-07-03 05:57:50,Ride On Dinosaur Costume,Costumes,2,145.0,290.0,debit_card,Middle East
4413,43b47ee5-e1e8-4e7e-a249-8f666e51484d,2026-03-30 08:46:23,Giant Chocolate Snake 1.2m,Confectionery,10,45.0,450.0,bank_transfer,Europe
4414,f7e9101d-3f8b-4433-b60e-695c1759ba96,2026-02-06 12:06:41,Ergonomic Keyboard,Electronics,9,65.0,585.0,credit_card,South America
4415,238d6f44-cac4-40eb-b373-730efc31a597,2025-10-31 17:46:11,Ride On Dinosaur Costume,Costumes,5,145.0,725.0,cash,North America
4416,d0be73ee-fd37-4539-a5f2-02f983f02dc7,2026-01-30 06:19:25,Developer Flashing Fish Hat,Novelty Items,7,18.75,131.25,credit_card,Middle East
4417,ff5e9ff0-ff50-4de4-b825-67b85cabcc97,2025-10-23 00:08:09,Clear Ethernet Cable 2m,Electronics,8,9.99,79.92,credit_card,Middle East
4418,bdd151b0-f64a-46ec-b0a5-648eefe9b3d0,2026-08-16 07:08:23,Novelty Chilli Chocolates 250g,Confectionery,1,8.5,8.5,paypal,South America
4419,effa2002-3040-413c-8690-fb1527b608dc,2026-07-08 16:36:00,Clear Ethernet Cable 2m,Electronics,6,9.99,59.94,paypal,North America
4420,1723199d-bf2c-44a0-ba3c-8a71ff574e2b,2025-11-19 08:19:55,Developer Flashing Fish Hat,Novelty Items,9,18.75,168.75,cash,South America
4421,ba370623-bc5f-44dd-992f-3c1edf70fb2a,2025-10-14 10:10:05,Clear Ethernet Cable 2m,Electronics,7,9.99,69.93,credit_card,South America
4422,a1fd4187-9c3a-4e0b-b5f3-f8aadc6dafff,2026-08-31 10:35:27,Clear Ethernet Cable 2m,Electronics,3,9.99,29.97,paypal,Middle East
4423,284c03d2-27d4-45b6-8d77-c5a0e222b6a6,2026-02-15 21:22:40,Air Cushion Machine,Packaging,6,1850.0,11100.0,credit_card,Europe
4424,90bde900-1529-46f5-aad1-1fe87d1b695e,2026-06-14 07:10:37,Alien Egg Fidget Ball,Novelty Items,3,6.25,18.75,cash,Asia Pacific
4425,d40ac5e9-81df-4517-961c-921097fe56c5,2025-11-17 02:59:37,50mm Double Sided Tape,Packaging,1,5.75,5.75,credit_card,Africa
4426,80599b93-79c2-42e4-9ae1-a991524f93ff,2026-06-25 15:03:20,Ergonomic Keyboard,Electronics,1,65.0,65.0,debit_card,South America
4427,b66edbf4-a0ea-4251-8957-43a281b13b80,2026-08-12 08:40:02,Clear Ethernet Cable 2m,Electronics,10,9.99,99.9,cash,Middle East
4428,5a856750-692a-4139-9f4a-8ca1ab85fd59,2025-12-08 11:33:03,Ergonomic Keyboard,Electronics,10,65.0,650.0,credit_card,Middle East
4429,3e6dd58b-7367-428d-a1b2-94de4767d76c,2026-10-01 19:09:54,Furry Gloves (Black) S,Clothing,9,15.5,139.5,debit_card,North America
4430,dba6fdf8-f3d0-4ffb-8470-9848929ecc92,2026-07-20 05:31:19,Novelty Chilli Chocolates 250g,Confectionery,5,8.5,42.5,credit_card,North America
4431,25074181-8d1f-4540-b4ef-f5453e652603,2026-01-08 09:05:35,Superhero Mask (Red),Costumes,7,11.25,78.75,cash,North America
4432,d49347fc-0fc9-4d2e-830f-9be91f178f93,2026-04-24 01:04:17,RC Mini Monster Truck,Toys,9,28.0,252.0,cash,Africa
4433,2e13418d-68ab-40ea-897e-c6d1081fc6dc,2025-12-12 09:40:54,Novelty Chilli Chocolates 250g,Confectionery,5,8.5,42.5,paypal,Africa
4434,ce7334f2-3393-4b6c-9d37-efb6eafb3e90,2026-05-07 23:50:11,Ride On Dinosaur Costume,Costumes,9,145.0,1305.0,bank_transfer,Asia Pacific
4435,9780c215-2b2b-48e9-a417-c09380a8a23d,2025-12-06 20:13:57,RC Mini Monster Truck,Toys,4,28.0,112.0,debit_card,Asia Pacific
4436,1f5d988f-776a-4f09-bde2-885951b1943c,2026-02-11 04:42:24,50mm Double Sided Tape,Packaging,4,5.75,23.0,credit_card,Asia Pacific
4437,ab3b4d37-560c-45ee-a38c-254c076e2bba,2026-05-11 01:49:48,Alien Egg Fidget Ball,Novelty Items,4,6.25,25.0,credit_card,South America
4438,21c71aa3-7414-43b5-8e3e-25f2cf0671c7,2026-03-20 05:42:37,50mm Double Sided Tape,Packaging,7,5.75,40.25,paypal,Africa
4439,ad371d9e-92cf-4021-9f33-242d49ac9087,2026-04-03 02:18:59,Ride On Dinosaur Costume,Costumes,9,145.0,1305.0,paypal,Asia Pacific
4440,ce177b4e-0837-48a3-9261-a7ab3aa2e4f9,2026-01-03 16:42:36,Alien Egg Fidget Ball,Novelty Items,3,6.25,18.75,debit_card,Asia Pacific
4441,c6deb2f0-530a-41c7-b8ba-83684fc77768,2026-08-11 11:16:57,Furry Gloves (Black) S,Clothing,3,15.5,46.5,cash,Asia Pacific
4442,78b2b549-3bdb-409e-acc2-16a01bbc91f7,2026-03-11 22:58:31,Air Cushion Machine,Packaging,2,1850.0,3700.0,paypal,North America
4443,e8cee951-b047-4ea4-bee5-ce6933cb202e,2026-06-07 05:27:04,Ergonomic Keyboard,Electronics,1,65.0,65.0,bank_transfer,Europe
4444,06e745f9-88bc-439c-9f4c-3b79fb10987f,2025-12-16 06:52:29,Giant Chocolate Snake 1.2m,Confectionery,7,45.0,315.0,paypal,Europe
4445,bff15840-207e-463f-9f32-d5d82abe1585,2025-12-17 00:54:42,Furry Gloves (Black) S,Clothing,5,15.5,77.5,credit_card,South America
4446,6346d4ef-69ef-44e3-8ab6-821c0328c136,2026-06-11 09:21:19,Clear Ethernet Cable 2m,Electronics,4,9.99,39.96,paypal,Europe
4447,9b689c88-3ae9-49fe-8c82-18dac696f5e6,2026-06-17 22:12:48,Packaging Tape Dispenser,Packaging,3,22.5,67.5,debit_card,Africa
4448,a59b457f-c0d7-4c73-895f-fa8140d92bce,2026-03-22 11:26:41,Novelty Chilli Chocolates 250g,Confectionery,2,8.5,17.0,bank_transfer,Europe
4449,9bdc70d1-9cbf-4b8c-b410-2d5d1db14bfc,2026-03-08 06:45:17,Clear Ethernet Cable 2m,Electronics,5,9.99,49.95,paypal,Middle East
4450,b807d78a-b788-45d1-bfe5-75f665edcfe3,2025-10-16 23:45:05,Magic Flashing Fruit Bowl,Novelty Items,9,34.0,306.0,credit_card,South America
4451,c6deb2f0-530a-41c7-b8ba-83684fc77768,2026-07-19 00:37:02,50mm Double Sided Tape,Packaging,2,5.75,11.5,debit_card,Middle East
4452,a4364fcd-f2d3-4761-8ba3-627914cb0564,2026-06-01 03:33:04,50mm Double Sided Tape,Packaging,9,5.75,51.75,debit_card,Europe
4453,a1b970d0-7a81-44de-b205-07bbfb16f757,2026-09-13 14:43:25,Developer Flashing Fish Hat,Novelty Items,3,18.75,56.25,cash,Africa
4454,04fc6d82-7d15-4385-92fb-e43b99546eb4,2025-12-21 06:51:24,Novelty Chilli Chocolates 250g,Confectionery,6,8.5,51.0,paypal,Africa
4455,12af97e4-c536-466e-bcc4-091bf45707c6,2026-03-29 06:00:09,Giant Chocolate Snake 1.2m,Confectionery,1,45.0,45.0,paypal,South America
4456,7a4c75d4-dc99-404c-b0e9-8b3b40a26c60,2026-05-23 15:23:35,Air Cushion Machine,Packaging,4,1850.0,7400.0,paypal,South America
4457,ffb8102d-9475-4bc9-9641-8cedd664d264,2026-03-21 11:22:56,Superhero Mask (Red),Costumes,9,11.25,101.25,cash,Europe
4458,a0c14035-c5d9-4f51-b387-e1bd2d5972c6,2026-03-05 15:52:18,RC Mini Monster Truck,Toys,2,28.0,56.0,debit_card,South America
4459,e7c421c7-4049-4b71-bd10-6c6081627cf1,2025-10-07 09:08:13,Furry Gloves (Black) S,Clothing,2,15.5,31.0,credit_card,Africa
4460,5005680f-24c7-48a5-9b4e-164b5716dc2e,2026-07-06 08:16:18,Magic Flashing Fruit Bowl,Novelty Items,8,34.0,272.0,bank_transfer,Africa
4461,64d6dfbf-18c0-4e2b-b99f-070420f0156a,2025-12-28 01:42:16,RC Mini Monster Truck,Toys,2,28.0,56.0,credit_card,Middle East
4462,d9df0d0e-225a-4d6c-b045-8043e3a68a70,2025-12-24 13:42:36,Air Cushion Machine,Packaging,4,1850.0,7400.0,credit_card,Africa
4463,e9ddebf5-6311-4aca-848a-f4407fc15858,2026-01-21 18:01:17,Giant Chocolate Snake 1.2m,Confectionery,4,45.0,180.0,debit_card,South America
4464,4ebfa5c3-cae9-44a7-aa79-ea680f44704f,2026-07-24 19:50:29,Clear Ethernet Cable 2m,Electronics,6,9.99,59.94,credit_card,Asia Pacific
4465,af70de70-2b69-495e-8567-1b58926bffa5,2026-07-05 23:10:33,Superhero Mask (Red),Costumes,1,11.25,11.25,credit_card,North America
4466,ee0f65a8-2a13-4c1f-8cd0-15c1ad5900dd,2026-08-15 17:34:03,RC Mini Monster Truck,Toys,10,28.0,280.0,cash,Asia Pacific
4467,beed10b6-4f6e-474b-9eda-b0276550f74a,2026-08-10 18:59:33,Furry Gloves (Black) S,Clothing,6,15.5,93.0,credit_card,Asia Pacific
4468,a2b03c4b-7c96-4b55-af8d-8ded6c4c450b,2025-10-29 22:47:46,Packaging Tape Dispenser,Packaging,7,22.5,157.5,cash,Africa
4469,4eb9047d-ba2a-43d9-bcf2-fc3bd95874c2,2026-05-17 20:55:56,Superhero Mask (Red),Costumes,9,11.25,101.25,credit_card,North America
4470,7a4c75d4-dc99-404c-b0e9-8b3b40a26c60,2025-11-14 04:03:27,RC Mini Monster Truck,Toys,3,28.0,84.0,credit_card,North America
4471,0d6a05b3-43ef-4016-ac9b-662e040a3aae,2026-08-12 03:33:42,Magic Flashing Fruit Bowl,Novelty Items,2,34.0,68.0,bank_transfer,North America
4472,368acd40-b8f1-4e3c-99e7-703a70aa5b0d,2026-09-09 07:05:46,Packaging Tape Dispenser,Packaging,3,22.5,67.5,cash,Middle East
4473,ed7bf656-218a-4536-8c99-a894445dcc38,2026-05-02 03:49:40,RC Mini Monster Truck,Toys,1,28.0,28.0,bank_transfer,Europe
4474,cada4f80-a9e7-42d4-bd08-b32c62d60e93,2025-12-17 06:15:06,Ergonomic Keyboard,Electronics,8,65.0,520.0,paypal,Middle East
4475,668c879b-d2dc-42c8-b2b8-d8aa21768dd7,2026-02-24 17:05:52,USB Food Flash Drive - Chocolate,Novelty Items,7,12.0,84.0,credit_card,Middle East
4476,59e1ac09-5970-4859-86b6-e4ade7ea8d5a,2026-02-09 06:03:33,Giant Chocolate Snake 1.2m,Confectionery,4,45.0,180.0,paypal,Middle East
4477,b00805cc-a7f3-4ae9-a5c7-3c443e75c3b4,2025-12-21 04:31:30,Furry Gloves (Black) S,Clothing,6,15.5,93.0,credit_card,North America
4478,7a0ecfea-958c-49ba-8cd6-20c20ea2622b,2026-04-01 08:20:19,Alien Egg Fidget Ball,Novelty Items,10,6.25,62.5,credit_card,Middle East
4479,b0b862ef-6c9f-42b9-b647-8986a3917c99,2025-11-18 21:47:49,Giant Chocolate Snake 1.2m,Confectionery,10,45.0,450.0,credit_card,Middle East
4480,ac9ed156-f63f-4e41-ba9a-ca5e176132ed,2026-01-15 12:58:14,Alien Egg Fidget Ball,Novelty Items,4,6.25,25.0,bank_transfer,Middle East
4481,afc2ccfc-9db7-484b-a965-d1d1eb7e2e64,2026-06-23 03:03:00,Ergonomic Keyboard,Electronics,6,65.0,390.0,credit_card,Middle East
4482,5e781fd7-94e0-43ba-a9f9-48b24e6384bb,2026-09-05 16:00:54,Ride On Dinosaur Costume,Costumes,7,145.0,1015.0,debit_card,Africa
4483,ea87855e-a382-45d3-9e0e-f546b0b6dedf,2026-04-13 17:58:51,Ride On Dinosaur Costume,Costumes,4,145.0,580.0,cash,Middle East
4484,409d3602-5084-4242-968b-1625746f7891,2026-04-28 14:19:12,Ride On Dinosaur Costume,Costumes,2,145.0,290.0,bank_transfer,Europe
4485,f020e992-b576-455e-9854-9f222102f9c9,2026-06-10 20:35:00,Developer Flashing Fish Hat,Novelty Items,6,18.75,112.5,credit_card,North America
4486,f94d8fcb-dba3-496f-ba32-3f6990dbfad6,2026-02-04 08:47:51,Alien Egg Fidget Ball,Novelty Items,1,6.25,6.25,paypal,South America
4487,1a7f195b-7355-4b9d-8fd6-f47ef52d4af2,2026-05-25 11:49:52,Packaging Tape Dispenser,Packaging,9,22.5,202.5,credit_card,Europe
4488,93267d25-234b-4562-98af-5cca6b11b7cb,2026-03-05 14:02:24,Giant Chocolate Snake 1.2m,Confectionery,1,45.0,45.0,paypal,South America
4489,9feefdff-c566-4a81-b15e-54f6d4d30795,2026-05-31 01:28:01,Ergonomic Keyboard,Electronics,7,65.0,455.0,bank_transfer,Africa
4490,b3eda8f1-026b-4383-a301-ec030e5d8c6a,2026-03-07 02:26:06,Novelty Chilli Chocolates 250g,Confectionery,9,8.5,76.5,credit_card,North America
4491,c42cbc39-e05b-46c5-9636-3094a97431db,2026-05-21 14:56:24,50mm Double Sided Tape,Packaging,3,5.75,17.25,credit_card,North America
4492,92779574-c457-4cc3-b5f7-89bca6b07458,2025-11-19 00:22:47,Air Cushion Machine,Packaging,1,1850.0,1850.0,debit_card,Europe
4493,74ed5145-8d97-45c7-961d-5c8753c9fe59,2026-02-17 18:33:08,Clear Ethernet Cable 2m,Electronics,7,9.99,69.93,cash,North America
4494,75c8e90d-9e3d-450d-b296-d9f0cd2372c2,2026-02-19 08:23:49,Superhero Mask (Red),Costumes,1,11.25,11.25,debit_card,Africa
4495,f3579560-71d7-4665-b181-8dcf379efc6e,2026-08-30 00:27:24,Ergonomic Keyboard,Electronics,2,65.0,130.0,debit_card,North America
4496,c5ce099c-46b8-4659-91df-12d7dd30de89,2026-04-01 11:13:46,Ride On Dinosaur Costume,Costumes,4,145.0,580.0,paypal,Europe
4497,c7bf4fbc-d43c-4d6d-a0c1-ff1e20da8972,2026-06-02 09:53:49,Novelty Chilli Chocolates 250g,Confectionery,7,8.5,59.5,cash,South America
4498,3170f437-a8f7-4f5a-860e-df5b39118497,2025-12-11 15:43:57,Clear Ethernet Cable 2m,Electronics,10,9.99,99.9,bank_transfer,Africa
4499,27aa7cbc-2337-4bbc-bffe-77c839feb99c,2026-08-17 16:14:59,Superhero Mask (Red),Costumes,8,11.25,90.0,cash,Africa
4500,00c59f30-d103-4424-8124-1bb4655ce508,2026-06-24 05:57:46,RC Mini Monster Truck,Toys,3,28.0,84.0,debit_card,Middle East
4501,a881bfd3-d47d-477b-ba5a-91ca059dd55d,2026-07-06 19:56:53,Superhero Mask (Red),Costumes,5,11.25,56.25,credit_card,North America
4502,69be173a-850e-40ad-9872-f72ee5b4a1ae,2026-08-12 13:55:02,Air Cushion Machine,Packaging,5,1850.0,9250.0,cash,North America
4503,b231c60b-78f2-4e6b-946b-415deada79a3,2026-01-29 04:02:47,Furry Gloves (Black) S,Clothing,9,15.5,139.5,debit_card,Europe
4504,6cac028c-ba22-4065-9526-0718cd180a82,2026-09-27 10:24:07,Alien Egg Fidget Ball,Novelty Items,4,6.25,25.0,cash,Africa
4505,2d06e8cf-3805-4907-acd6-6193c7468f59,2026-06-01 07:04:13,RC Mini Monster Truck,Toys,9,28.0,252.0,bank_transfer,North America
4506,24acb722-e052-4739-8d40-6f1b3ca5be29,2026-05-22 20:25:39,Air Cushion Machine,Packaging,4,1850.0,7400.0,paypal,Middle East
4507,ceb81f9d-7914-4120-88dc-d19f3e351128,2025-11-07 13:36:19,50mm Double Sided Tape,Packaging,2,5.75,11.5,credit_card,Africa
4508,4ccb2355-39d1-47ff-b27e-1442fd7fe973,2026-06-23 16:10:47,Developer Flashing Fish Hat,Novelty Items,8,18.75,150.0,credit_card,Middle East
4509,a4704d48-5128-49b1-b8ed-e0ca20156a72,2025-11-26 16:08:36,Superhero Mask (Red),Costumes,1,11.25,11.25,paypal,Middle East
4510,c9230c64-c006-4b5b-b678-39b222b5f457,2026-02-04 06:45:44,Magic Flashing Fruit Bowl,Novelty Items,2,34.0,68.0,paypal,Europe
4511,c74e48ff-cf89-469d-a550-d73607806e71,2025-11-20 10:12:35,Magic Flashing Fruit Bowl,Novelty Items,3,34.0,102.0,credit_card,Africa
4512,fa585b27-8ce3-47c3-b6ea-b3a001539221,2026-01-06 07:19:07,Ergonomic Keyboard,Electronics,5,65.0,325.0,debit_card,Asia Pacific
4513,d6b361e4-3b6d-4a0d-afe5-040b1901ef87,2026-02-01 06:00:27,Furry Gloves (Black) S,Clothing,10,15.5,155.0,cash,Middle East
4514,0123a348-638a-4df6-adf7-2cd3979aa051,2025-11-20 01:42:09,Giant Chocolate Snake 1.2m,Confectionery,7,45.0,315.0,cash,Middle East
4515,939f71a2-f99c-4a5c-b65a-d0f14350ab06,2025-12-15 17:45:29,Furry Gloves (Black) S,Clothing,7,15.5,108.5,paypal,Middle East
4516,cf685878-0b70-4933-8cde-1b6b1132567c,2026-02-27 15:07:28,Giant Chocolate Snake 1.2m,Confectionery,10,45.0,450.0,cash,Africa
4517,da587e8a-a25d-4b29-afff-cfd2341ef40b,2026-07-01 22:57:24,50mm Double Sided Tape,Packaging,8,5.75,46.0,cash,Europe
4518,6a66c184-7de1-4f5d-af48-47f068bd075b,2025-11-29 13:13:00,Ride On Dinosaur Costume,Costumes,9,145.0,1305.0,paypal,Middle East
4519,3985fb62-17dc-4eff-a872-13f98d605936,2026-04-22 00:53:33,Clear Ethernet Cable 2m,Electronics,10,9.99,99.9,debit_card,Europe
4520,9ef2b93e-30ac-4d7b-a2f9-63a33810ae66,2026-03-05 12:23:59,Magic Flashing Fruit Bowl,Novelty Items,2,34.0,68.0,credit_card,Middle East
4521,35102852-b474-4349-89fc-2cd8c56bad4c,2026-03-17 01:55:50,RC Mini Monster Truck,Toys,5,28.0,140.0,cash,South America
4522,cb9bc326-d20e-4c17-8e20-fd1a598336e3,2026-05-25 06:45:04,Ride On Dinosaur Costume,Costumes,4,145.0,580.0,debit_card,South America
4523,4e2d6255-3d13-4a3d-9e2c-2e7d502cf0ee,2025-11-28 04:40:33,Alien Egg Fidget Ball,Novelty Items,3,6.25,18.75,bank_transfer,Asia Pacific
4524,f7164b73-c555-43ed-be89-56c8d9cb3540,2026-05-16 21:14:25,Magic Flashing Fruit Bowl,Novelty Items,9,34.0,306.0,credit_card,Asia Pacific
4525,9ea7017c-b89f-4039-a107-cc4686341718,2026-03-03 16:05:44,Magic Flashing Fruit Bowl,Novelty Items,1,34.0,34.0,bank_transfer,South America
4526,15eacbcf-ab10-41ce-aa14-3cd82ff3cde4,2026-03-18 22:40:01,Clear Ethernet Cable 2m,Electronics,2,9.99,19.98,bank_transfer,North America
4527,a092f52a-d4a0-47a7-b0cc-1b3b9793b9b4,2025-12-16 19:00:34,Giant Chocolate Snake 1.2m,Confectionery,8,45.0,360.0,debit_card,Europe
4528,92779574-c457-4cc3-b5f7-89bca6b07458,2026-04-12 15:45:17,Packaging Tape Dispenser,Packaging,4,22.5,90.0,cash,South America
4529,1eb2a7b8-da3c-45ca-83d7-8f2b769de1e3,2026-06-09 10:57:51,Developer Flashing Fish Hat,Novelty Items,10,18.75,187.5,paypal,Africa
4530,76f2dbfe-cd29-436f-a222-82e174daaebf,2026-05-02 08:23:51,Air Cushion Machine,Packaging,9,1850.0,16650.0,cash,North America
4531,13f3cade-7a10-413f-b6a2-c52b00473139,2026-07-01 22:55:22,Superhero Mask (Red),Costumes,5,11.25,56.25,credit_card,Europe
4532,a33dc7af-d701-410d-bf4b-1a70c074718e,2026-09-27 14:51:40,Clear Ethernet Cable 2m,Electronics,2,9.99,19.98,cash,Middle East
4533,ff01cf99-988c-44c9-a1b1-cd2262801c45,2026-06-13 05:55:10,Clear Ethernet Cable 2m,Electronics,6,9.99,59.94,cash,South America
4534,76492e64-f55d-4e6d-ad26-8b378f5242d3,2026-10-02 02:21:54,Clear Ethernet Cable 2m,Electronics,10,9.99,99.9,paypal,Middle East
4535,c7332304-4822-4120-84f9-eccd7630a8a7,2025-12-11 22:19:30,Giant Chocolate Snake 1.2m,Confectionery,3,45.0,135.0,paypal,North America
4536,ebd14d2c-75b2-4455-84cc-3ede6fac1673,2026-05-09 03:49:11,Furry Gloves (Black) S,Clothing,9,15.5,139.5,cash,Asia Pacific
4537,1e5ebe54-5907-4299-9c3b-bdd8a74e02a9,2025-12-09 10:57:32,Developer Flashing Fish Hat,Novelty Items,7,18.75,131.25,credit_card,South America
4538,ba108217-0ad7-49a2-b277-16ec59fefbbc,2026-04-13 19:27:15,Novelty Chilli Chocolates 250g,Confectionery,9,8.5,76.5,bank_transfer,North America
4539,3283daa4-e212-4b7c-9d36-1cb6bcc57be0,2026-01-25 19:47:41,Giant Chocolate Snake 1.2m,Confectionery,3,45.0,135.0,debit_card,Middle East
4540,5cae9610-c72c-4fe3-b2c2-2a1679eb4168,2025-11-29 03:19:05,Developer Flashing Fish Hat,Novelty Items,10,18.75,187.5,credit_card,Europe
4541,243012da-b185-4eb8-9f90-fc872edc017e,2025-12-17 07:32:41,Superhero Mask (Red),Costumes,4,11.25,45.0,paypal,Asia Pacific
4542,6778043b-c5c5-437a-b85e-06a11dad09b2,2026-02-04 19:45:28,Packaging Tape Dispenser,Packaging,3,22.5,67.5,cash,Europe
4543,b7fddd71-a075-4927-9110-b492f4427e0b,2026-08-28 15:31:50,Superhero Mask (Red),Costumes,9,11.25,101.25,credit_card,North America
4544,d284f54e-febe-40db-9a3a-61036e3c4532,2026-03-29 19:17:36,Superhero Mask (Red),Costumes,3,11.25,33.75,debit_card,North America
4545,c7332304-4822-4120-84f9-eccd7630a8a7,2026-06-03 04:58:45,Novelty Chilli Chocolates 250g,Confectionery,9,8.5,76.5,cash,Asia Pacific
4546,c0e9ab30-ed26-42e9-97e0-11b7f8102383,2025-10-26 11:21:10,RC Mini Monster Truck,Toys,7,28.0,196.0,credit_card,North America
4547,8d38bbd8-fba6-4bf7-8dbc-c65377a7e8b7,2026-09-06 18:54:41,Superhero Mask (Red),Costumes,7,11.25,78.75,debit_card,North America
4548,88d00abd-cbb1-4c79-9036-708dd9a09007,2026-02-22 02:08:50,USB Food Flash Drive - Chocolate,Novelty Items,4,12.0,48.0,cash,Europe
4549,96a402f2-3ae8-4c93-8dcd-cd03969b6662,2025-10-09 08:59:01,Superhero Mask (Red),Costumes,1,11.25,11.25,credit_card,Asia Pacific
4550,c1369c65-ae2a-4341-bf59-e4f2c3093b6e,2026-04-11 20:32:32,Packaging Tape Dispenser,Packaging,1,22.5,22.5,paypal,North America
4551,acdabacc-1165-4210-9854-3881118a9d29,2025-11-27 16:15:20,Alien Egg Fidget Ball,Novelty Items,10,6.25,62.5,paypal,North America
4552,ccf4ffb0-b4bb-473f-ac70-51d1d051267f,2025-12-20 10:23:21,Ergonomic Keyboard,Electronics,7,65.0,455.0,debit_card,Africa
4553,2ab8bd33-911f-430b-9bff-00b07fe670f3,2026-08-18 06:01:23,Packaging Tape Dispenser,Packaging,4,22.5,90.0,cash,Asia Pacific
4554,61ea2f30-e42e-407a-be2b-d9875fdcabbf,2026-03-03 18:16:44,Giant Chocolate Snake 1.2m,Confectionery,7,45.0,315.0,debit_card,North America
4555,980402a2-b07a-4066-b354-35ea68949b8d,2026-05-11 17:59:03,50mm Double Sided Tape,Packaging,6,5.75,34.5,paypal,Europe
4556,25b8a42f-836b-45c7-a7c2-25da73069588,2026-04-19 22:41:01,Novelty Chilli Chocolates 250g,Confectionery,8,8.5,68.0,bank_transfer,Middle East
4557,78660765-14f7-4e8d-95bc-b8d04094dded,2026-06-16 06:42:40,Alien Egg Fidget Ball,Novelty Items,7,6.25,43.75,credit_card,Africa
4558,7bf69552-4cbc-4044-abcd-5ce746a56fe8,2026-04-15 21:06:48,Ergonomic Keyboard,Electronics,3,65.0,195.0,bank_transfer,Asia Pacific
4559,bc92fd81-039b-458c-afaa-be0bb7f60cdf,2026-03-13 13:04:06,Giant Chocolate Snake 1.2m,Confectionery,3,45.0,135.0,debit_card,Europe
4560,c8ebe27a-23a4-470e-9dbc-15c02a7dc57c,2026-06-28 13:29:43,Novelty Chilli Chocolates 250g,Confectionery,9,8.5,76.5,credit_card,Africa
4561,2ace1aa9-1032-46b3-a55b-fc1c7e3d5ee4,2026-04-14 14:52:38,Superhero Mask (Red),Costumes,8,11.25,90.0,bank_transfer,Asia Pacific
4562,56666f9f-53ac-4ab9-b467-2cd9362f5e5c,2026-03-16 01:36:59,RC Mini Monster Truck,Toys,1,28.0,28.0,cash,Africa
4563,747b6dba-c8fe-4ccd-88b8-d9c6ed3049cf,2026-07-08 10:39:59,RC Mini Monster Truck,Toys,10,28.0,280.0,paypal,North America
4564,7d1645a0-d253-4966-836b-9a0a41e02a89,2026-08-27 20:01:08,Clear Ethernet Cable 2m,Electronics,9,9.99,89.91,cash,Europe
4565,892e6161-be2d-440a-9e9b-23bc50c7c006,2026-03-27 00:39:29,USB Food Flash Drive - Chocolate,Novelty Items,4,12.0,48.0,debit_card,Asia Pacific
4566,3b964c74-ffe6-4994-9580-4c2ac44fc4b8,2026-04-13 10:40:10,Air Cushion Machine,Packaging,2,1850.0,3700.0,debit_card,Europe
4567,4d6168bd-2def-4193-9c62-b3a23a3c563e,2025-12-09 14:34:31,Developer Flashing Fish Hat,Novelty Items,3,18.75,56.25,paypal,Asia Pacific
4568,64d6dfbf-18c0-4e2b-b99f-070420f0156a,2025-11-06 18:12:21,USB Food Flash Drive - Chocolate,Novelty Items,8,12.0,96.0,credit_card,Asia Pacific
4569,873dc8bd-122d-47be-980b-c81ea3595d1f,2026-05-13 05:32:58,Novelty Chilli Chocolates 250g,Confectionery,4,8.5,34.0,debit_card,Africa
4570,951c25d5-4d4c-4280-9462-52e7f43ba052,2025-10-17 15:18:09,USB Food Flash Drive - Chocolate,Novelty Items,2,12.0,24.0,debit_card,North America
4571,2812859a-1337-439e-8d4f-5d272c7f0b79,2026-08-10 17:48:27,Clear Ethernet Cable 2m,Electronics,2,9.99,19.98,bank_transfer,South America
4572,0bb401e7-69f7-43f1-901b-a8515ee68495,2026-07-28 05:13:18,Superhero Mask (Red),Costumes,9,11.25,101.25,paypal,South America
4573,9a3b0319-32f5-4510-a4ee-b4a6c14565c7,2025-12-30 07:08:38,Ergonomic Keyboard,Electronics,8,65.0,520.0,cash,Europe
4574,f2b43abf-8441-4efd-8299-436a8e485223,2026-01-27 02:08:07,Clear Ethernet Cable 2m,Electronics,2,9.99,19.98,debit_card,Asia Pacific
4575,a0a11839-e745-4704-98df-bc3ca0d4de3d,2025-10-18 08:24:01,USB Food Flash Drive - Chocolate,Novelty Items,9,12.0,108.0,paypal,Europe
4576,7bf69552-4cbc-4044-abcd-5ce746a56fe8,2026-01-20 09:28:29,Magic Flashing Fruit Bowl,Novelty Items,1,34.0,34.0,debit_card,Middle East
4577,7337c599-7984-4388-9c8a-ee30be6033f7,2025-12-31 23:21:09,Developer Flashing Fish Hat,Novelty Items,1,18.75,18.75,bank_transfer,Europe
4578,42d943ee-5197-4e75-8523-d4fd4b7f2183,2026-05-02 10:32:07,Packaging Tape Dispenser,Packaging,1,22.5,22.5,credit_card,Asia Pacific
4579,ceb81f9d-7914-4120-88dc-d19f3e351128,2026-01-25 18:15:44,Alien Egg Fidget Ball,Novelty Items,5,6.25,31.25,debit_card,Asia Pacific
4580,6210def6-3a9c-4308-9221-cddf7a4a902f,2025-12-09 23:28:52,Air Cushion Machine,Packaging,5,1850.0,9250.0,credit_card,Asia Pacific
4581,cb9bc326-d20e-4c17-8e20-fd1a598336e3,2026-08-04 20:41:09,Ergonomic Keyboard,Electronics,9,65.0,585.0,debit_card,Asia Pacific
4582,fb37afae-cd85-43ca-993e-638d774c0afa,2026-04-01 06:12:15,50mm Double Sided Tape,Packaging,8,5.75,46.0,cash,South America
4583,9e8fc965-0a2c-427e-9832-685694340a03,2026-05-13 07:54:15,RC Mini Monster Truck,Toys,3,28.0,84.0,credit_card,South America
4584,6a8fcacb-3f8e-4d0d-9261-9dec3979d5f5,2026-07-21 00:25:54,Giant Chocolate Snake 1.2m,Confectionery,2,45.0,90.0,bank_transfer,Middle East
4585,ccc56569-f9e8-4369-a999-b735dd56cc94,2026-08-01 16:19:33,Packaging Tape Dispenser,Packaging,3,22.5,67.5,debit_card,Europe
4586,edcb8cb6-0692-4c63-9424-aed51bac5c15,2026-07-30 02:32:51,Packaging Tape Dispenser,Packaging,7,22.5,157.5,cash,Middle East
4587,90bde900-1529-46f5-aad1-1fe87d1b695e,2026-04-16 00:18:53,Developer Flashing Fish Hat,Novelty Items,8,18.75,150.0,cash,Asia Pacific
4588,bff15840-207e-463f-9f32-d5d82abe1585,2026-05-07 03:28:45,Air Cushion Machine,Packaging,7,1850.0,12950.0,debit_card,Middle East
4589,3db788a6-1cdc-44c2-a2c9-65b27eb0f62a,2026-04-22 00:43:00,Air Cushion Machine,Packaging,2,1850.0,3700.0,cash,South America
4590,812a1f9b-1596-4802-b6dd-6257fb7d9f1c,2025-11-18 14:51:46,Packaging Tape Dispenser,Packaging,6,22.5,135.0,credit_card,Europe
4591,423cad9d-193e-4783-82b3-42541b1f2eb1,2026-05-16 01:44:30,Air Cushion Machine,Packaging,10,1850.0,18500.0,bank_transfer,Africa
4592,4ac66780-3874-4f3c-82d4-9b56cbbed980,2025-11-19 00:08:35,Novelty Chilli Chocolates 250g,Confectionery,8,8.5,68.0,cash,Middle East
4593,fa34d2e8-dd3f-4d7e-a508-dc9513a4a492,2026-01-17 16:33:56,50mm Double Sided Tape,Packaging,7,5.75,40.25,credit_card,Asia Pacific
4594,fa34d2e8-dd3f-4d7e-a508-dc9513a4a492,2026-08-02 16:14:13,Ergonomic Keyboard,Electronics,1,65.0,65.0,bank_transfer,South America
4595,0a8bb5b4-9049-4583-ac86-a890d7b00bdc,2026-05-04 13:46:35,RC Mini Monster Truck,Toys,7,28.0,196.0,debit_card,North America
4596,36136e15-f200-4261-8d29-d1ab345512f7,2026-08-21 09:12:42,Developer Flashing Fish Hat,Novelty Items,1,18.75,18.75,cash,South America
4597,a2b5b498-5cb8-4aed-b5f6-2c976efb63b1,2026-02-25 03:03:34,USB Food Flash Drive - Chocolate,Novelty Items,3,12.0,36.0,debit_card,Africa
4598,7d1645a0-d253-4966-836b-9a0a41e02a89,2026-05-04 03:52:13,Developer Flashing Fish Hat,Novelty Items,6,18.75,112.5,debit_card,North America
4599,d58842de-a2bc-472f-b412-b29347294739,2026-08-21 02:56:58,Clear Ethernet Cable 2m,Electronics,6,9.99,59.94,paypal,Middle East
4600,261e2555-863e-4f2a-98a8-06efeb053fc4,2026-07-26 13:25:08,Ergonomic Keyboard,Electronics,2,65.0,130.0,paypal,Asia Pacific
4601,f6ee5cdb-2d79-42d1-906e-50c77aa061e9,2025-10-21 19:29:53,Magic Flashing Fruit Bowl,Novelty Items,3,34.0,102.0,credit_card,Middle East
4602,acdabacc-1165-4210-9854-3881118a9d29,2026-07-27 19:24:42,Giant Chocolate Snake 1.2m,Confectionery,3,45.0,135.0,cash,South America
4603,50ee7a92-a091-41e0-b891-b0c3dd3f487e,2026-07-11 21:02:29,Developer Flashing Fish Hat,Novelty Items,10,18.75,187.5,bank_transfer,Middle East
4604,4c636e95-025f-4543-8997-623ae0723d96,2026-03-26 01:29:40,Novelty Chilli Chocolates 250g,Confectionery,9,8.5,76.5,cash,Africa
4605,f836f571-3cce-476c-b836-c448ad261ec5,2026-05-05 20:02:29,Alien Egg Fidget Ball,Novelty Items,4,6.25,25.0,cash,Middle East
4606,6a66c184-7de1-4f5d-af48-47f068bd075b,2025-12-29 12:37:06,Packaging Tape Dispenser,Packaging,5,22.5,112.5,cash,North America
4607,4eb9047d-ba2a-43d9-bcf2-fc3bd95874c2,2026-03-19 18:23:20,Ride On Dinosaur Costume,Costumes,3,145.0,435.0,credit_card,Europe
4608,86bb42c7-d8b2-48b6-9c65-4aa2c63ce21d,2025-11-14 10:15:01,Furry Gloves (Black) S,Clothing,1,15.5,15.5,cash,Africa
4609,7a9a8ef5-c11b-41c4-bfe3-f366bf337a15,2026-07-18 11:34:18,50mm Double Sided Tape,Packaging,4,5.75,23.0,cash,Asia Pacific
4610,4eea9db8-f165-4779-8154-7950176de21f,2026-08-24 00:28:47,50mm Double Sided Tape,Packaging,10,5.75,57.5,paypal,Middle East
4611,e8dd5e5a-1712-4b16-a1a4-344fbb7bee03,2026-06-16 12:19:18,Alien Egg Fidget Ball,Novelty Items,3,6.25,18.75,cash,Europe
4612,ef4afa88-5299-4505-a976-aab22a26f770,2026-07-24 10:42:27,Superhero Mask (Red),Costumes,10,11.25,112.5,cash,Africa
4613,e61ede90-0267-4eb3-aab6-12c9415d174a,2026-01-09 18:49:19,USB Food Flash Drive - Chocolate,Novelty Items,2,12.0,24.0,paypal,Asia Pacific
4614,a4704d48-5128-49b1-b8ed-e0ca20156a72,2026-01-29 06:30:30,Giant Chocolate Snake 1.2m,Confectionery,9,45.0,405.0,bank_transfer,North America
4615,d450281c-6c6f-4633-a260-772317a0df49,2026-09-10 09:28:43,50mm Double Sided Tape,Packaging,8,5.75,46.0,paypal,South America
4616,d4ea120a-5e65-4654-8e90-58b609a0a0f6,2025-10-18 04:04:08,Air Cushion Machine,Packaging,9,1850.0,16650.0,bank_transfer,Asia Pacific
4617,43b47ee5-e1e8-4e7e-a249-8f666e51484d,2026-03-29 07:28:09,Ergonomic Keyboard,Electronics,4,65.0,260.0,debit_card,North America
4618,3cd5fd7f-49c1-4669-86b3-3fe61c76bdf6,2026-01-15 17:16:31,RC Mini Monster Truck,Toys,10,28.0,280.0,paypal,Asia Pacific
4619,13eb22c9-bece-421a-94c7-743b2401342a,2026-02-18 00:37:58,Furry Gloves (Black) S,Clothing,2,15.5,31.0,cash,North America
4620,491b90e9-9ca3-4bb3-bf11-c8ba36ee1640,2026-09-05 11:56:34,50mm Double Sided Tape,Packaging,8,5.75,46.0,cash,Middle East
4621,31d4ee09-8fd3-4afc-91fd-fa4f0d18ab95,2026-08-18 20:07:19,Ergonomic Keyboard,Electronics,7,65.0,455.0,debit_card,Middle East
4622,b807d78a-b788-45d1-bfe5-75f665edcfe3,2025-11-08 10:24:01,Magic Flashing Fruit Bowl,Novelty Items,7,34.0,238.0,bank_transfer,Africa
4623,368acd40-b8f1-4e3c-99e7-703a70aa5b0d,2026-03-25 04:05:17,Superhero Mask (Red),Costumes,3,11.25,33.75,debit_card,Europe
4624,6cedd15d-5800-4c02-87ea-7ff58db06746,2026-09-06 16:45:06,Packaging Tape Dispenser,Packaging,10,22.5,225.0,bank_transfer,Africa
4625,278ed00d-ba02-46ef-be05-5787965befdf,2025-11-20 05:46:37,Novelty Chilli Chocolates 250g,Confectionery,9,8.5,76.5,cash,North America
4626,0f79a8a7-5f8a-44bd-b4bd-0c938177b661,2026-08-02 21:04:15,Clear Ethernet Cable 2m,Electronics,3,9.99,29.97,debit_card,Europe
4627,d847dc53-c605-458a-8845-4343ddb449dc,2026-08-16 23:00:47,Novelty Chilli Chocolates 250g,Confectionery,5,8.5,42.5,credit_card,Africa
4628,baeb286b-f0d0-470f-94d1-3d551db6b844,2026-01-05 16:09:26,RC Mini Monster Truck,Toys,6,28.0,168.0,bank_transfer,Asia Pacific
4629,2cabd7e7-cc6b-46e5-802a-df9c8a4b8f7c,2025-12-26 03:51:58,50mm Double Sided Tape,Packaging,10,5.75,57.5,bank_transfer,Middle East
4630,af521b94-f186-447a-a794-63208cf6e8b8,2026-08-16 11:57:25,Novelty Chilli Chocolates 250g,Confectionery,1,8.5,8.5,credit_card,South America
4631,c85aca46-90e0-44a0-bbdd-3933cbd58bf6,2026-07-19 02:42:40,Alien Egg Fidget Ball,Novelty Items,9,6.25,56.25,paypal,Europe
4632,89c5b31a-eb6c-4016-8ee6-24d09dac6e83,2026-05-21 23:30:28,Alien Egg Fidget Ball,Novelty Items,5,6.25,31.25,cash,Asia Pacific
4633,c29d782b-2722-496e-9a36-d1ec2c6a6e9a,2026-06-30 06:51:02,Ergonomic Keyboard,Electronics,10,65.0,650.0,debit_card,South America
4634,9ef2b93e-30ac-4d7b-a2f9-63a33810ae66,2026-02-18 19:46:34,Developer Flashing Fish Hat,Novelty Items,10,18.75,187.5,debit_card,Africa
4635,01b158e9-0406-4f44-bce4-0679a8c6dbc0,2026-09-05 01:12:55,Air Cushion Machine,Packaging,3,1850.0,5550.0,cash,Africa
4636,d2c2a960-8b09-41ab-866d-ceb344945e09,2026-07-08 16:22:01,Magic Flashing Fruit Bowl,Novelty Items,5,34.0,170.0,bank_transfer,South America
4637,9a3b0319-32f5-4510-a4ee-b4a6c14565c7,2026-05-30 15:42:44,Superhero Mask (Red),Costumes,4,11.25,45.0,cash,North America
4638,c7fee39f-1190-4938-a66f-d7f739669fa7,2026-06-08 09:30:35,Developer Flashing Fish Hat,Novelty Items,7,18.75,131.25,paypal,North America
4639,533420e6-d9d8-4b8d-be8a-dee70758e201,2026-03-20 22:27:58,Giant Chocolate Snake 1.2m,Confectionery,6,45.0,270.0,cash,Europe
4640,575aed2c-a5c5-450c-8186-a57611a72609,2025-12-09 02:43:14,50mm Double Sided Tape,Packaging,8,5.75,46.0,paypal,Asia Pacific
4641,edcb8cb6-0692-4c63-9424-aed51bac5c15,2026-06-01 22:36:19,Ride On Dinosaur Costume,Costumes,10,145.0,1450.0,bank_transfer,Middle East
4642,9fd34579-4667-42ce-a04e-178c10d08d11,2025-11-28 17:25:26,Air Cushion Machine,Packaging,4,1850.0,7400.0,cash,Middle East
4643,ccc56569-f9e8-4369-a999-b735dd56cc94,2026-08-06 10:59:08,Furry Gloves (Black) S,Clothing,6,15.5,93.0,debit_card,Middle East
4644,601bfbcb-f0ee-4cce-8d93-e14a5b167158,2025-12-24 21:29:41,USB Food Flash Drive - Chocolate,Novelty Items,9,12.0,108.0,bank_transfer,Europe
4645,86bb42c7-d8b2-48b6-9c65-4aa2c63ce21d,2026-08-17 14:18:28,Developer Flashing Fish Hat,Novelty Items,1,18.75,18.75,bank_transfer,Middle East
4646,eb3537a0-2d6e-4291-b789-3986573bfc17,2025-12-25 00:30:21,Alien Egg Fidget Ball,Novelty Items,7,6.25,43.75,cash,Europe
4647,f3579560-71d7-4665-b181-8dcf379efc6e,2026-08-14 10:54:34,Novelty Chilli Chocolates 250g,Confectionery,10,8.5,85.0,bank_transfer,Africa
4648,398d1ca6-8b68-40b5-9d61-fac36cd5e859,2025-10-28 16:54:54,Alien Egg Fidget Ball,Novelty Items,5,6.25,31.25,credit_card,South America
4649,81d2c7de-4ce1-4b90-a669-7833b841d0a0,2026-05-15 01:08:16,Alien Egg Fidget Ball,Novelty Items,10,6.25,62.5,cash,Middle East
4650,73c374a6-dac7-46b6-a786-3fb3f3bc9a71,2026-02-18 21:29:50,USB Food Flash Drive - Chocolate,Novelty Items,2,12.0,24.0,bank_transfer,Middle East
4651,568cc69b-1064-405c-b985-c3cf3f76be1d,2026-04-30 08:52:35,Ergonomic Keyboard,Electronics,3,65.0,195.0,debit_card,Middle East
4652,19bd4f93-78ef-4666-b7a4-c719548e1f6b,2026-01-22 19:33:44,Superhero Mask (Red),Costumes,6,11.25,67.5,debit_card,Europe
4653,43b409ef-2260-470f-a0cc-edc5f05db76e,2026-05-25 10:46:36,Furry Gloves (Black) S,Clothing,1,15.5,15.5,paypal,South America
4654,35ebd32d-9ad6-40ab-8821-2ddb45b89cd9,2026-05-02 21:20:48,Clear Ethernet Cable 2m,Electronics,5,9.99,49.95,paypal,Europe
4655,3e5a87e3-5560-4b22-896b-5edb0cf2b69b,2025-12-10 01:03:02,Ergonomic Keyboard,Electronics,2,65.0,130.0,paypal,South America
4656,f2e61828-01bb-419c-8dfe-111722af711f,2026-02-08 08:19:49,USB Food Flash Drive - Chocolate,Novelty Items,4,12.0,48.0,debit_card,Europe
4657,aebbb90e-e4e7-41de-97ff-51d9c9ce44bd,2026-07-06 01:55:00,Magic Flashing Fruit Bowl,Novelty Items,4,34.0,136.0,bank_transfer,Asia Pacific
4658,4eea04e7-0ab5-4bde-a0a0-45026e068097,2026-01-27 07:12:47,50mm Double Sided Tape,Packaging,9,5.75,51.75,debit_card,Asia Pacific
4659,fec21bbe-6624-4bfa-8fcc-a39ab683d2e6,2026-01-26 00:26:28,Ergonomic Keyboard,Electronics,6,65.0,390.0,credit_card,Middle East
4660,0ae4ac11-eb4d-4f42-8735-70a2e5110961,2026-05-16 01:56:33,Alien Egg Fidget Ball,Novelty Items,3,6.25,18.75,credit_card,Europe
4661,d777a477-4c66-40a8-a013-ac6ededa4e16,2026-01-17 11:28:40,Furry Gloves (Black) S,Clothing,2,15.5,31.0,paypal,South America
4662,2a1f1b61-265c-49d9-8962-8f6e929c93b3,2026-09-03 20:57:23,Ergonomic Keyboard,Electronics,7,65.0,455.0,cash,North America
4663,0f5675f8-b048-4aa1-92ae-5c22741b77f5,2026-04-23 10:21:18,50mm Double Sided Tape,Packaging,10,5.75,57.5,bank_transfer,Middle East
4664,f6ee5cdb-2d79-42d1-906e-50c77aa061e9,2026-09-20 05:42:55,Novelty Chilli Chocolates 250g,Confectionery,10,8.5,85.0,debit_card,Asia Pacific
4665,c4767556-f97b-42dd-8f9b-72aed85c16bd,2026-06-26 11:11:18,Novelty Chilli Chocolates 250g,Confectionery,5,8.5,42.5,debit_card,South America
4666,586a346a-dc5b-47d1-bcef-1972bbf483ce,2026-08-18 05:41:48,Superhero Mask (Red),Costumes,9,11.25,101.25,cash,Europe
4667,a2cd1590-58af-493c-8aa2-b4c93ba5bd76,2025-11-11 15:13:22,Clear Ethernet Cable 2m,Electronics,3,9.99,29.97,debit_card,Europe
4668,a9e27ba9-952e-4abb-94dd-5061555736f8,2025-11-27 07:26:24,Packaging Tape Dispenser,Packaging,7,22.5,157.5,credit_card,Europe
4669,68d0a2a8-c4e7-47dd-a929-de738693fd9d,2026-07-23 23:02:38,Superhero Mask (Red),Costumes,10,11.25,112.5,bank_transfer,Asia Pacific
4670,ae8a7813-90e0-495b-a97c-392387fa841a,2026-08-06 18:49:52,Packaging Tape Dispenser,Packaging,8,22.5,180.0,paypal,South America
4671,d6b361e4-3b6d-4a0d-afe5-040b1901ef87,2026-03-14 12:00:53,Ride On Dinosaur Costume,Costumes,8,145.0,1160.0,paypal,Middle East
4672,31d4ee09-8fd3-4afc-91fd-fa4f0d18ab95,2026-09-27 11:12:18,Developer Flashing Fish Hat,Novelty Items,5,18.75,93.75,paypal,Africa
4673,2afaab7b-51cb-49e5-bb7d-3ba158c88c48,2025-10-28 16:14:40,Magic Flashing Fruit Bowl,Novelty Items,7,34.0,238.0,paypal,Europe
4674,32ffe294-4d57-4880-9865-d69a74f33103,2026-01-21 08:30:09,Furry Gloves (Black) S,Clothing,10,15.5,155.0,debit_card,Middle East
4675,d08012b8-96c5-4fe7-aa60-4892392612e9,2026-09-07 09:07:45,Ride On Dinosaur Costume,Costumes,5,145.0,725.0,cash,North America
4676,21bddb41-0699-4731-9dcf-8766a93b12cd,2026-06-17 09:03:23,USB Food Flash Drive - Chocolate,Novelty Items,7,12.0,84.0,credit_card,South America
4677,e0827f76-11a5-49b4-a6a3-02d6f43e8c48,2025-11-23 22:20:36,RC Mini Monster Truck,Toys,1,28.0,28.0,credit_card,North America
4678,1d2324e6-8329-40b7-8143-f426372f871a,2026-07-05 01:25:44,Ride On Dinosaur Costume,Costumes,5,145.0,725.0,debit_card,Middle East
4679,acdabacc-1165-4210-9854-3881118a9d29,2026-09-07 00:05:58,Giant Chocolate Snake 1.2m,Confectionery,4,45.0,180.0,debit_card,South America
4680,0f321333-ce31-4937-b4fa-32b6d0437e4c,2025-11-26 04:25:42,Giant Chocolate Snake 1.2m,Confectionery,2,45.0,90.0,paypal,Europe
4681,47378190-96da-4dac-b2ff-5d2a386ecbe0,2026-01-10 14:49:14,USB Food Flash Drive - Chocolate,Novelty Items,4,12.0,48.0,paypal,Europe
4682,7ba24588-4d56-4a3d-b4e7-069aa4540937,2025-12-01 10:44:51,Ergonomic Keyboard,Electronics,1,65.0,65.0,debit_card,Africa
4683,e61599c8-cbf8-4f86-8ec3-f970956d80e4,2026-07-08 22:20:26,Giant Chocolate Snake 1.2m,Confectionery,7,45.0,315.0,debit_card,Africa
4684,bf1e8366-4b8e-43d4-8e76-07adf7a67b94,2026-02-07 17:49:08,USB Food Flash Drive - Chocolate,Novelty Items,5,12.0,60.0,paypal,Middle East
4685,6de59332-9364-43d0-9024-bdc6dcb33df3,2026-08-23 09:40:12,Packaging Tape Dispenser,Packaging,10,22.5,225.0,bank_transfer,Middle East
4686,b6aae05b-13d5-42f7-b09b-7d97464c04af,2026-01-09 19:02:14,Magic Flashing Fruit Bowl,Novelty Items,8,34.0,272.0,bank_transfer,Africa
4687,7c7c404e-c422-403e-b29a-6339577bc55a,2026-07-28 09:06:29,RC Mini Monster Truck,Toys,4,28.0,112.0,bank_transfer,Africa
4688,5a9a206a-16f1-42a2-86b9-19aa1a7167c7,2026-08-29 06:10:06,Furry Gloves (Black) S,Clothing,8,15.5,124.0,paypal,Africa
4689,8972abbd-cff2-41c4-a53f-9644b39e4df2,2026-06-25 06:37:22,Clear Ethernet Cable 2m,Electronics,3,9.99,29.97,credit_card,South America
4690,f166cdcf-762c-4fbc-ba2a-a7baf3f81c31,2026-03-07 03:53:46,Developer Flashing Fish Hat,Novelty Items,9,18.75,168.75,debit_card,Europe
4691,eb3537a0-2d6e-4291-b789-3986573bfc17,2026-04-13 17:44:45,Alien Egg Fidget Ball,Novelty Items,4,6.25,25.0,credit_card,Middle East
4692,9d264599-c4dd-4df5-9aec-56a857311609,2025-11-29 20:47:44,Air Cushion Machine,Packaging,3,1850.0,5550.0,cash,North America
4693,f2b43abf-8441-4efd-8299-436a8e485223,2026-05-17 21:39:21,50mm Double Sided Tape,Packaging,3,5.75,17.25,credit_card,South America
4694,7c0e8cd8-8573-4793-8715-b2b9c40c5d91,2026-06-08 06:04:25,Air Cushion Machine,Packaging,10,1850.0,18500.0,credit_card,Africa
4695,c56811cd-5563-4616-80e8-5ece0b49452d,2026-01-18 00:17:07,Alien Egg Fidget Ball,Novelty Items,10,6.25,62.5,credit_card,Asia Pacific
4696,9055a36f-4aa5-49d3-b35f-2f595e717fca,2026-06-06 11:17:58,50mm Double Sided Tape,Packaging,1,5.75,5.75,credit_card,Middle East
4697,69288e92-c68a-452f-9b23-aa8c3bcabf85,2026-03-15 12:31:03,Air Cushion Machine,Packaging,7,1850.0,12950.0,bank_transfer,South America
4698,8bc78e81-5a30-4528-8b59-95622227219f,2026-02-28 08:31:10,Air Cushion Machine,Packaging,9,1850.0,16650.0,paypal,North America
4699,0123a348-638a-4df6-adf7-2cd3979aa051,2026-03-30 04:31:41,Packaging Tape Dispenser,Packaging,3,22.5,67.5,bank_transfer,Asia Pacific
4700,a6129a1c-889d-4b76-b75c-30b561730c48,2025-11-03 23:31:21,Packaging Tape Dispenser,Packaging,2,22.5,45.0,bank_transfer,South America
4701,3c9d128a-2176-4930-b6d7-0248a995ecc3,2026-06-08 17:29:55,Furry Gloves (Black) S,Clothing,3,15.5,46.5,paypal,Asia Pacific
4702,de9e3757-5260-401e-aecf-67d2749176f4,2026-08-10 05:51:21,Ergonomic Keyboard,Electronics,6,65.0,390.0,paypal,Middle East
4703,67fd64c4-a334-458a-abd2-b5121335e5db,2026-09-12 11:01:13,Giant Chocolate Snake 1.2m,Confectionery,5,45.0,225.0,debit_card,Asia Pacific
4704,5168bbf2-97af-4bde-bc8e-9d782d14e9f4,2026-07-31 06:10:49,Ride On Dinosaur Costume,Costumes,10,145.0,1450.0,credit_card,Europe
4705,e7c421c7-4049-4b71-bd10-6c6081627cf1,2025-11-10 19:21:58,Ride On Dinosaur Costume,Costumes,10,145.0,1450.0,cash,Africa
4706,ebd14d2c-75b2-4455-84cc-3ede6fac1673,2026-03-11 02:30:04,50mm Double Sided Tape,Packaging,8,5.75,46.0,cash,South America
4707,59e1ac09-5970-4859-86b6-e4ade7ea8d5a,2026-04-23 21:31:33,50mm Double Sided Tape,Packaging,2,5.75,11.5,credit_card,Middle East
4708,72e76b51-6e54-4c6d-aff8-e87e16591c89,2026-07-23 20:19:29,Superhero Mask (Red),Costumes,3,11.25,33.75,bank_transfer,North America
4709,4d3485c5-c5c1-4eb4-b27b-3d901a16342c,2026-01-21 16:54:40,Giant Chocolate Snake 1.2m,Confectionery,8,45.0,360.0,credit_card,Asia Pacific
4710,892e6161-be2d-440a-9e9b-23bc50c7c006,2026-07-02 10:46:01,Giant Chocolate Snake 1.2m,Confectionery,4,45.0,180.0,bank_transfer,Africa
4711,9df2372e-9e82-4aae-9d36-16a108dec921,2026-10-04 06:56:42,50mm Double Sided Tape,Packaging,4,5.75,23.0,cash,Africa
4712,8fddbebc-f7ff-48d4-b509-f08a2c988bca,2026-09-11 08:51:01,Magic Flashing Fruit Bowl,Novelty Items,3,34.0,102.0,credit_card,Europe
4713,ab3b4d37-560c-45ee-a38c-254c076e2bba,2026-02-25 23:39:09,Ride On Dinosaur Costume,Costumes,3,145.0,435.0,cash,Middle East
4714,7354ea6f-6160-4459-85c7-504bc693da11,2026-03-31 05:43:50,RC Mini Monster Truck,Toys,10,28.0,280.0,bank_transfer,South America
4715,0f321333-ce31-4937-b4fa-32b6d0437e4c,2026-04-13 04:33:51,USB Food Flash Drive - Chocolate,Novelty Items,7,12.0,84.0,paypal,Africa
4716,90b2b633-956b-4c0c-a849-9b926b5252e3,2026-02-09 18:13:01,Superhero Mask (Red),Costumes,10,11.25,112.5,paypal,South America
4717,b6aae05b-13d5-42f7-b09b-7d97464c04af,2026-05-19 15:52:43,Packaging Tape Dispenser,Packaging,9,22.5,202.5,debit_card,South America
4718,299656e2-4c9d-4907-93b2-2cecedcabf94,2025-10-06 14:42:38,Developer Flashing Fish Hat,Novelty Items,6,18.75,112.5,debit_card,Middle East
4719,4639447b-2067-4dac-88bd-13d1b540b30e,2026-09-08 02:28:02,Superhero Mask (Red),Costumes,9,11.25,101.25,paypal,Middle East
4720,f7baf55e-4f6b-48c8-998d-daeceaafe543,2026-08-02 07:07:25,Alien Egg Fidget Ball,Novelty Items,5,6.25,31.25,credit_card,Asia Pacific
4721,905881df-ee9b-43e1-9d27-c09a5d71a898,2026-08-30 15:49:54,50mm Double Sided Tape,Packaging,8,5.75,46.0,bank_transfer,South America
4722,4bbe4aff-9326-4ffd-9be4-bf5192698698,2026-07-17 05:08:34,Ride On Dinosaur Costume,Costumes,7,145.0,1015.0,debit_card,North America
4723,9261549d-3d22-4c30-b28f-41defb140bc3,2025-11-10 19:48:11,Magic Flashing Fruit Bowl,Novelty Items,6,34.0,204.0,paypal,Middle East
4724,aa0217d0-cd4f-4b2b-899a-c252c1e1b94a,2026-07-16 12:26:21,Furry Gloves (Black) S,Clothing,8,15.5,124.0,credit_card,South America
4725,b1594847-5c0b-4b10-a757-cb1042f525b9,2026-04-01 16:43:00,RC Mini Monster Truck,Toys,8,28.0,224.0,cash,Asia Pacific
4726,8f7c1d59-594b-4a3a-bad4-65a15129950d,2026-06-09 04:48:09,Novelty Chilli Chocolates 250g,Confectionery,3,8.5,25.5,debit_card,Asia Pacific
4727,778eedb3-693d-4fbc-ac6f-a6115ab33edf,2026-06-20 13:55:44,USB Food Flash Drive - Chocolate,Novelty Items,3,12.0,36.0,paypal,South America
4728,eef16694-50ca-432d-8aba-590ee2c328aa,2026-07-03 10:51:51,Giant Chocolate Snake 1.2m,Confectionery,10,45.0,450.0,cash,Asia Pacific
4729,7354ea6f-6160-4459-85c7-504bc693da11,2026-02-21 18:32:16,50mm Double Sided Tape,Packaging,2,5.75,11.5,bank_transfer,Africa
4730,76f2dbfe-cd29-436f-a222-82e174daaebf,2026-08-31 19:13:28,RC Mini Monster Truck,Toys,6,28.0,168.0,cash,Middle East
4731,5c9d927d-84b8-41bb-b005-68d20de051a6,2025-10-30 05:56:41,RC Mini Monster Truck,Toys,9,28.0,252.0,debit_card,South America
4732,b00805cc-a7f3-4ae9-a5c7-3c443e75c3b4,2026-08-10 15:54:56,Novelty Chilli Chocolates 250g,Confectionery,2,8.5,17.0,paypal,Asia Pacific
4733,79474bfa-cdd0-44d4-9542-27deb6adf48b,2026-05-01 04:51:25,50mm Double Sided Tape,Packaging,1,5.75,5.75,debit_card,South America
4734,2051acef-097a-4e10-b6fe-bc0e7ecddbaf,2026-03-09 02:38:26,Novelty Chilli Chocolates 250g,Confectionery,1,8.5,8.5,cash,Asia Pacific
4735,a4364fcd-f2d3-4761-8ba3-627914cb0564,2025-12-29 05:58:55,Magic Flashing Fruit Bowl,Novelty Items,8,34.0,272.0,cash,Middle East
4736,ef2ddcc4-8df6-41da-9f07-c1a5dfc620ce,2026-03-21 12:13:26,Superhero Mask (Red),Costumes,10,11.25,112.5,paypal,Africa
4737,fb37afae-cd85-43ca-993e-638d774c0afa,2026-08-21 23:47:50,Air Cushion Machine,Packaging,6,1850.0,11100.0,cash,Europe
4738,6b535a19-a902-473f-8f39-f648083f64c3,2025-12-26 22:15:31,Ride On Dinosaur Costume,Costumes,4,145.0,580.0,cash,Asia Pacific
4739,c8ebe27a-23a4-470e-9dbc-15c02a7dc57c,2026-04-15 18:44:15,RC Mini Monster Truck,Toys,1,28.0,28.0,credit_card,South America
4740,f1b64afe-d31e-4f1a-a9ff-1cae41c8ca8c,2026-01-17 22:36:17,Novelty Chilli Chocolates 250g,Confectionery,5,8.5,42.5,debit_card,Asia Pacific
4741,d3293724-6dfd-471a-b7d7-465d37c3b3c9,2026-02-08 00:58:52,Giant Chocolate Snake 1.2m,Confectionery,2,45.0,90.0,cash,Middle East
4742,bf5023f4-40ef-4935-9f90-bed6fb25664d,2026-08-23 08:22:55,Developer Flashing Fish Hat,Novelty Items,2,18.75,37.5,credit_card,Europe
4743,4d407b28-5628-4dcd-99dd-3e8c96053035,2026-01-23 18:56:20,Superhero Mask (Red),Costumes,3,11.25,33.75,debit_card,Africa
4744,654821d0-7fcd-4eb1-a7ca-d415366eb16f,2026-02-13 19:45:58,Magic Flashing Fruit Bowl,Novelty Items,2,34.0,68.0,debit_card,Africa
4745,a2b03c4b-7c96-4b55-af8d-8ded6c4c450b,2026-05-06 04:57:50,Magic Flashing Fruit Bowl,Novelty Items,3,34.0,102.0,cash,Africa
4746,c56811cd-5563-4616-80e8-5ece0b49452d,2026-05-18 02:23:31,Developer Flashing Fish Hat,Novelty Items,1,18.75,18.75,paypal,South America
4747,636f6e5c-2253-4706-87ad-8b268eaa5841,2025-11-25 08:53:11,Ergonomic Keyboard,Electronics,5,65.0,325.0,cash,South America
4748,40198303-5c45-4e4d-a793-13b817e52113,2026-05-13 12:29:12,Novelty Chilli Chocolates 250g,Confectionery,10,8.5,85.0,debit_card,North America
4749,a59b457f-c0d7-4c73-895f-fa8140d92bce,2026-09-01 16:48:51,Magic Flashing Fruit Bowl,Novelty Items,7,34.0,238.0,credit_card,South America
4750,28524385-d9f2-4d0d-8cc9-f5f2e42e5037,2026-04-12 03:20:13,Giant Chocolate Snake 1.2m,Confectionery,10,45.0,450.0,credit_card,Middle East
4751,50ee7a92-a091-41e0-b891-b0c3dd3f487e,2026-08-07 19:10:57,USB Food Flash Drive - Chocolate,Novelty Items,3,12.0,36.0,credit_card,Africa
4752,30a900ad-939b-462d-a645-f129629c2ae3,2026-02-16 03:32:43,Ride On Dinosaur Costume,Costumes,3,145.0,435.0,debit_card,South America
4753,7010ed13-b526-422d-bf6c-21f70a0537f0,2026-09-17 21:47:07,USB Food Flash Drive - Chocolate,Novelty Items,8,12.0,96.0,bank_transfer,Africa
4754,6fb78271-504d-481f-8953-5b63ba81edd9,2026-06-27 17:30:18,Ride On Dinosaur Costume,Costumes,1,145.0,145.0,cash,Africa
4755,30a900ad-939b-462d-a645-f129629c2ae3,2026-07-28 16:22:56,Giant Chocolate Snake 1.2m,Confectionery,2,45.0,90.0,credit_card,Asia Pacific
4756,ce7ae7f6-3982-4cff-8f77-a665ac3c5640,2025-10-24 10:52:01,Clear Ethernet Cable 2m,Electronics,2,9.99,19.98,debit_card,North America
4757,6346d4ef-69ef-44e3-8ab6-821c0328c136,2025-10-23 11:52:44,USB Food Flash Drive - Chocolate,Novelty Items,10,12.0,120.0,credit_card,Asia Pacific
4758,bdd151b0-f64a-46ec-b0a5-648eefe9b3d0,2025-11-13 07:45:49,Ride On Dinosaur Costume,Costumes,6,145.0,870.0,cash,Asia Pacific
4759,b8a6171f-1ee3-4dc4-bb04-8a8b405bfdc9,2026-06-05 20:04:34,RC Mini Monster Truck,Toys,4,28.0,112.0,cash,Africa
4760,295b4715-c333-4861-9fb8-d16c2720797d,2026-08-06 02:02:31,50mm Double Sided Tape,Packaging,4,5.75,23.0,paypal,Middle East
4761,ab05347f-d556-437d-8f08-81ee8011316b,2026-08-26 14:17:22,Air Cushion Machine,Packaging,7,1850.0,12950.0,paypal,South America
4762,03ece8ff-e8b3-4763-b4ff-3f3a4d9dbaeb,2026-04-02 03:16:21,Packaging Tape Dispenser,Packaging,1,22.5,22.5,debit_card,Asia Pacific
4763,243012da-b185-4eb8-9f90-fc872edc017e,2025-10-11 23:24:47,Giant Chocolate Snake 1.2m,Confectionery,5,45.0,225.0,cash,North America
4764,c85aca46-90e0-44a0-bbdd-3933cbd58bf6,2025-11-22 21:38:03,Ride On Dinosaur Costume,Costumes,5,145.0,725.0,credit_card,North America
4765,d2c2a960-8b09-41ab-866d-ceb344945e09,2026-10-01 14:36:08,Alien Egg Fidget Ball,Novelty Items,1,6.25,6.25,cash,Africa
4766,722764e6-8c41-461b-a827-a1b9d4a02e53,2026-09-03 17:33:08,Clear Ethernet Cable 2m,Electronics,9,9.99,89.91,paypal,North America
4767,b00805cc-a7f3-4ae9-a5c7-3c443e75c3b4,2025-12-06 00:10:23,Magic Flashing Fruit Bowl,Novelty Items,6,34.0,204.0,debit_card,Middle East
4768,c04a96c4-f3b6-4fe1-9184-332417e8392a,2026-03-26 00:44:35,Alien Egg Fidget Ball,Novelty Items,7,6.25,43.75,credit_card,Middle East
4769,41b455b8-59b9-422c-915a-ffacb173fcdf,2026-03-31 22:43:02,Air Cushion Machine,Packaging,6,1850.0,11100.0,paypal,Africa
4770,4739cc7b-bff3-4c8d-83ff-3e9667213a70,2025-10-05 21:57:36,Clear Ethernet Cable 2m,Electronics,2,9.99,19.98,credit_card,South America
4771,bc92fd81-039b-458c-afaa-be0bb7f60cdf,2026-03-20 19:02:18,50mm Double Sided Tape,Packaging,10,5.75,57.5,paypal,South America
4772,b69f68c3-e60f-4420-ac33-350c73b911d8,2025-12-23 05:24:08,Furry Gloves (Black) S,Clothing,10,15.5,155.0,credit_card,North America
4773,d9178793-a9d3-42e6-905c-c6869f871ce7,2026-06-30 01:48:05,Air Cushion Machine,Packaging,8,1850.0,14800.0,debit_card,Europe
4774,c74e48ff-cf89-469d-a550-d73607806e71,2026-09-23 19:56:58,Air Cushion Machine,Packaging,7,1850.0,12950.0,paypal,Middle East
4775,3712f2d1-87cd-46a1-bf01-2e32177d6e7e,2025-11-25 21:10:44,Developer Flashing Fish Hat,Novelty Items,9,18.75,168.75,bank_transfer,Europe
4776,1e52d770-3f89-4142-be71-6b1415ce6a66,2026-09-13 05:52:23,Furry Gloves (Black) S,Clothing,3,15.5,46.5,credit_card,Europe
4777,ff5e9ff0-ff50-4de4-b825-67b85cabcc97,2026-06-15 02:04:22,USB Food Flash Drive - Chocolate,Novelty Items,3,12.0,36.0,debit_card,Asia Pacific
4778,2e25b5ee-4f11-48dc-9cd3-336904aac1b7,2026-01-30 21:15:01,RC Mini Monster Truck,Toys,1,28.0,28.0,credit_card,Europe
4779,1a43db54-523a-4993-8b34-46bc8ba435cc,2025-12-06 09:26:14,Magic Flashing Fruit Bowl,Novelty Items,3,34.0,102.0,debit_card,Middle East
4780,134c6c92-ec5b-427c-9fde-4fbf3ff350bf,2026-09-10 05:52:35,Ergonomic Keyboard,Electronics,5,65.0,325.0,debit_card,Middle East
4781,06d3db93-ee33-488d-997e-6845e27718c5,2026-10-02 21:17:32,Magic Flashing Fruit Bowl,Novelty Items,1,34.0,34.0,credit_card,Asia Pacific
4782,3602f8ac-10f1-4c81-848a-aa9e66b2bc5b,2026-09-11 02:07:04,Clear Ethernet Cable 2m,Electronics,10,9.99,99.9,bank_transfer,South America
4783,c362a810-a261-4b8d-9620-bee66406face,2026-01-20 01:42:23,Ride On Dinosaur Costume,Costumes,3,145.0,435.0,paypal,Middle East
4784,5275eb94-14ae-4f5c-a636-58c912d0498d,2025-11-10 21:39:06,Giant Chocolate Snake 1.2m,Confectionery,2,45.0,90.0,paypal,Europe
4785,13f3cade-7a10-413f-b6a2-c52b00473139,2026-06-16 20:51:43,Superhero Mask (Red),Costumes,3,11.25,33.75,credit_card,South America
4786,1c8eaee9-5715-4d6f-a416-1293c4c2e2e3,2026-02-22 15:09:40,50mm Double Sided Tape,Packaging,5,5.75,28.75,debit_card,North America
4787,2a1f1b61-265c-49d9-8962-8f6e929c93b3,2026-01-10 21:27:26,USB Food Flash Drive - Chocolate,Novelty Items,1,12.0,12.0,paypal,Asia Pacific
4788,cdcc2d6a-1a16-498c-b648-776e183fea70,2025-11-06 15:52:30,Ergonomic Keyboard,Electronics,10,65.0,650.0,bank_transfer,Europe
4789,6c776e95-0b98-4ccd-92b2-102d940c3503,2026-02-27 01:29:42,Clear Ethernet Cable 2m,Electronics,5,9.99,49.95,credit_card,Europe
4790,8ac97b01-e3ad-44d4-aab9-eb022f1dc121,2026-06-20 17:19:51,Ergonomic Keyboard,Electronics,10,65.0,650.0,paypal,Europe
4791,b89f3a92-999a-4d86-99db-13028dab66d3,2026-09-21 15:41:20,Alien Egg Fidget Ball,Novelty Items,7,6.25,43.75,debit_card,South America
4792,50834fef-6dec-4bbd-b697-77a159fe3d53,2026-06-14 15:57:03,Alien Egg Fidget Ball,Novelty Items,8,6.25,50.0,credit_card,South America
4793,5844f9fc-114b-4547-89dc-72b85b6a8102,2025-12-08 22:27:56,Superhero Mask (Red),Costumes,5,11.25,56.25,bank_transfer,North America
4794,e61599c8-cbf8-4f86-8ec3-f970956d80e4,2025-10-25 18:21:08,USB Food Flash Drive - Chocolate,Novelty Items,1,12.0,12.0,credit_card,North America
4795,2c8d0e44-e71e-43a6-bf85-bf0ead64b56c,2026-03-08 13:49:52,Furry Gloves (Black) S,Clothing,9,15.5,139.5,credit_card,South America
4796,1c0f0bdc-ac7e-437c-94cc-1e2a5e4cb287,2026-06-05 14:42:52,Novelty Chilli Chocolates 250g,Confectionery,7,8.5,59.5,debit_card,North America
4797,a23d4c2f-c2a7-4689-9933-918cfa745761,2026-02-01 07:12:45,Ergonomic Keyboard,Electronics,7,65.0,455.0,credit_card,Asia Pacific
4798,9780c215-2b2b-48e9-a417-c09380a8a23d,2026-07-14 14:21:43,Ride On Dinosaur Costume,Costumes,7,145.0,1015.0,credit_card,Middle East
4799,4eea04e7-0ab5-4bde-a0a0-45026e068097,2026-07-04 06:55:33,Novelty Chilli Chocolates 250g,Confectionery,9,8.5,76.5,paypal,Asia Pacific
4800,8639bd41-8b15-4d94-a42d-0cd7fd359f6a,2026-07-25 22:56:02,USB Food Flash Drive - Chocolate,Novelty Items,3,12.0,36.0,credit_card,Africa
4801,23d3cd4c-bd5f-4093-816f-9bcc6243bed7,2026-01-04 14:02:19,USB Food Flash Drive - Chocolate,Novelty Items,6,12.0,72.0,credit_card,Asia Pacific
4802,8471b4b0-ae1b-4f69-b740-d83173318749,2026-03-21 08:22:56,USB Food Flash Drive - Chocolate,Novelty Items,4,12.0,48.0,credit_card,Asia Pacific
4803,9bdf0377-a149-43c2-b920-264c0763fcd0,2026-06-17 05:13:30,Ergonomic Keyboard,Electronics,2,65.0,130.0,credit_card,Asia Pacific
4804,21bddb41-0699-4731-9dcf-8766a93b12cd,2025-11-10 01:41:52,50mm Double Sided Tape,Packaging,4,5.75,23.0,credit_card,North America
4805,c4767556-f97b-42dd-8f9b-72aed85c16bd,2026-07-05 22:36:04,Superhero Mask (Red),Costumes,5,11.25,56.25,cash,Europe
4806,7bf47042-bd15-41c8-b764-fbda3108d448,2025-11-11 14:50:10,Ergonomic Keyboard,Electronics,5,65.0,325.0,bank_transfer,South America
4807,e5d7b875-6dad-46c7-95a7-6d79bf3c4c06,2025-10-06 01:47:06,USB Food Flash Drive - Chocolate,Novelty Items,4,12.0,48.0,credit_card,Middle East
4808,6d4067f4-5003-4b35-9857-8bafbac7e2b9,2025-12-27 12:53:22,Clear Ethernet Cable 2m,Electronics,3,9.99,29.97,cash,Middle East
4809,09ce3cfb-2339-4a19-a563-7cc3ca97ebf5,2026-04-08 19:49:14,Giant Chocolate Snake 1.2m,Confectionery,6,45.0,270.0,bank_transfer,Africa
4810,821c1336-9970-4f60-abff-8d1530cbd755,2025-11-04 22:06:05,Clear Ethernet Cable 2m,Electronics,10,9.99,99.9,bank_transfer,North America
4811,6b352f85-504e-4687-b0e7-e75604d9145e,2025-11-26 04:30:42,Air Cushion Machine,Packaging,2,1850.0,3700.0,credit_card,Europe
4812,ea87855e-a382-45d3-9e0e-f546b0b6dedf,2026-05-24 05:09:14,Air Cushion Machine,Packaging,4,1850.0,7400.0,bank_transfer,South America
4813,6ee35607-92ea-4324-ac93-e5962b015723,2026-01-01 11:54:41,Superhero Mask (Red),Costumes,8,11.25,90.0,paypal,Asia Pacific
4814,a4244f23-0d5b-47cd-8000-35f0df7d0dd7,2026-04-25 09:13:52,RC Mini Monster Truck,Toys,7,28.0,196.0,debit_card,North America
4815,7b3a4e3e-7c52-4a17-a80a-c07a2a935d62,2026-06-26 17:33:30,Developer Flashing Fish Hat,Novelty Items,10,18.75,187.5,cash,South America
4816,a879d8f8-9042-4eb7-8b04-0f53e63949d4,2026-03-27 11:59:02,Superhero Mask (Red),Costumes,3,11.25,33.75,bank_transfer,North America
4817,d85480f0-dfca-40b7-99b1-7e80dea4ae17,2025-10-09 06:13:14,Novelty Chilli Chocolates 250g,Confectionery,1,8.5,8.5,bank_transfer,Asia Pacific
4818,8fb864e4-f173-4856-a25d-36eb9e9a9f83,2025-10-08 18:48:30,Clear Ethernet Cable 2m,Electronics,2,9.99,19.98,paypal,Africa
4819,baeb286b-f0d0-470f-94d1-3d551db6b844,2026-07-02 19:05:41,Magic Flashing Fruit Bowl,Novelty Items,1,34.0,34.0,credit_card,North America
4820,ff46a6bf-094d-416d-ab6d-2fedef158d5b,2026-02-16 02:00:11,Novelty Chilli Chocolates 250g,Confectionery,8,8.5,68.0,bank_transfer,Africa
4821,73c374a6-dac7-46b6-a786-3fb3f3bc9a71,2026-08-18 23:40:05,Ergonomic Keyboard,Electronics,2,65.0,130.0,paypal,North America
4822,0f25477d-a559-40e7-8910-fade52380bf2,2025-11-21 11:40:31,Novelty Chilli Chocolates 250g,Confectionery,5,8.5,42.5,debit_card,Middle East
4823,bb026576-f512-44c3-b253-d2186c4a37ea,2026-09-04 18:36:45,Furry Gloves (Black) S,Clothing,9,15.5,139.5,cash,Africa
4824,257f7595-cdfb-4db9-85e7-8b23f4613f09,2026-03-18 15:54:40,Superhero Mask (Red),Costumes,5,11.25,56.25,credit_card,Europe
4825,aba4fc03-5efa-4c5b-b421-ff46637e4b01,2026-07-02 04:29:52,Air Cushion Machine,Packaging,2,1850.0,3700.0,debit_card,North America
4826,bf6b8cdf-7479-4b61-a737-2b527a6a2107,2025-11-25 23:37:18,Alien Egg Fidget Ball,Novelty Items,10,6.25,62.5,cash,North America
4827,088a93ec-70d9-49f8-89e2-60744f1639a0,2026-04-09 04:08:56,Furry Gloves (Black) S,Clothing,10,15.5,155.0,cash,Asia Pacific
4828,6a66c184-7de1-4f5d-af48-47f068bd075b,2025-11-02 03:49:39,RC Mini Monster Truck,Toys,7,28.0,196.0,cash,Middle East
4829,f10bce9c-582b-41ee-b8e8-035b0c00988a,2026-01-02 13:35:58,Ergonomic Keyboard,Electronics,4,65.0,260.0,credit_card,South America
4830,d9e604b3-8412-4335-988c-656db61e5fdb,2026-03-03 10:07:49,Ergonomic Keyboard,Electronics,10,65.0,650.0,credit_card,Asia Pacific
4831,f791f1e5-43f9-4d6b-b97e-be8798cf1188,2025-11-09 08:17:09,Clear Ethernet Cable 2m,Electronics,10,9.99,99.9,paypal,North America
4832,7cb923f5-f5ed-4382-a3a6-ef83cab63107,2026-07-16 10:52:06,Clear Ethernet Cable 2m,Electronics,7,9.99,69.93,credit_card,South America
4833,b0b862ef-6c9f-42b9-b647-8986a3917c99,2026-08-14 15:43:19,Air Cushion Machine,Packaging,8,1850.0,14800.0,credit_card,Asia Pacific
4834,d85480f0-dfca-40b7-99b1-7e80dea4ae17,2025-11-14 10:21:01,Ergonomic Keyboard,Electronics,10,65.0,650.0,debit_card,South America
4835,28fea761-8d49-4e3f-aca8-f78384182d35,2025-11-14 17:34:04,Superhero Mask (Red),Costumes,3,11.25,33.75,paypal,Asia Pacific
4836,905881df-ee9b-43e1-9d27-c09a5d71a898,2026-02-04 08:18:26,Ride On Dinosaur Costume,Costumes,4,145.0,580.0,cash,Africa
4837,4bbe4aff-9326-4ffd-9be4-bf5192698698,2026-02-25 09:34:59,Magic Flashing Fruit Bowl,Novelty Items,10,34.0,340.0,cash,Middle East
4838,aa0217d0-cd4f-4b2b-899a-c252c1e1b94a,2026-09-12 19:04:21,RC Mini Monster Truck,Toys,2,28.0,56.0,bank_transfer,North America
4839,3f4df561-f319-4125-87f1-94f9c1156d6d,2026-01-29 20:55:18,USB Food Flash Drive - Chocolate,Novelty Items,5,12.0,60.0,bank_transfer,Africa
4840,7354ea6f-6160-4459-85c7-504bc693da11,2025-11-27 21:47:51,Ride On Dinosaur Costume,Costumes,1,145.0,145.0,bank_transfer,North America
4841,db8f0e32-edef-4003-9fce-01e3042b03ca,2026-03-03 06:52:43,Packaging Tape Dispenser,Packaging,8,22.5,180.0,cash,South America
4842,28a39779-9c1c-4517-85d2-d0a686295b5d,2026-08-02 00:50:03,USB Food Flash Drive - Chocolate,Novelty Items,2,12.0,24.0,credit_card,South America
4843,1e5ebe54-5907-4299-9c3b-bdd8a74e02a9,2026-08-17 12:47:54,Giant Chocolate Snake 1.2m,Confectionery,1,45.0,45.0,paypal,North America
4844,2460d0d2-9048-43c1-9151-9998f2933585,2026-07-25 03:35:58,Superhero Mask (Red),Costumes,9,11.25,101.25,credit_card,South America
4845,ad371d9e-92cf-4021-9f33-242d49ac9087,2026-09-10 06:33:56,Developer Flashing Fish Hat,Novelty Items,10,18.75,187.5,cash,Middle East
4846,72d78bdd-7817-49ff-b49e-04ccc24369e7,2025-11-26 08:40:22,Packaging Tape Dispenser,Packaging,10,22.5,225.0,debit_card,North America
4847,efcac577-1aa6-47cb-90c7-e6aca3bfe403,2026-06-11 19:34:59,USB Food Flash Drive - Chocolate,Novelty Items,8,12.0,96.0,credit_card,Africa
4848,8d38bbd8-fba6-4bf7-8dbc-c65377a7e8b7,2026-06-25 15:02:06,Superhero Mask (Red),Costumes,9,11.25,101.25,cash,Europe
4849,8da0365b-f898-47b9-805c-acec877409a9,2025-11-30 03:08:49,RC Mini Monster Truck,Toys,9,28.0,252.0,credit_card,Middle East
4850,f8f9a45d-0f55-4896-b610-396b7df59abf,2025-11-01 05:18:08,RC Mini Monster Truck,Toys,7,28.0,196.0,paypal,Europe
4851,56666f9f-53ac-4ab9-b467-2cd9362f5e5c,2026-04-29 16:21:19,Packaging Tape Dispenser,Packaging,3,22.5,67.5,credit_card,Asia Pacific
4852,7ba24588-4d56-4a3d-b4e7-069aa4540937,2026-05-12 09:54:52,RC Mini Monster Truck,Toys,6,28.0,168.0,cash,Africa
4853,8f7c1d59-594b-4a3a-bad4-65a15129950d,2025-10-08 22:39:01,RC Mini Monster Truck,Toys,4,28.0,112.0,bank_transfer,Middle East
4854,7c13f47a-c80c-4195-8b65-84ce7acc9970,2026-05-30 16:14:51,Developer Flashing Fish Hat,Novelty Items,8,18.75,150.0,credit_card,Middle East
4855,bb93cd40-d8df-4535-862d-baeade70bd30,2026-06-15 02:17:15,Ride On Dinosaur Costume,Costumes,1,145.0,145.0,credit_card,Europe
4856,f020e992-b576-455e-9854-9f222102f9c9,2025-12-08 09:20:13,Packaging Tape Dispenser,Packaging,1,22.5,22.5,bank_transfer,Europe
4857,ae13591e-84fa-4c72-b9e7-a4f197fb613a,2026-03-25 13:41:02,Ergonomic Keyboard,Electronics,2,65.0,130.0,debit_card,South America
4858,4ca415ea-8dfa-4a56-912d-bc9aaaf91531,2026-02-19 00:58:00,Clear Ethernet Cable 2m,Electronics,10,9.99,99.9,paypal,Middle East
4859,2f383b43-a137-48e4-a7b1-3040cc39b925,2026-07-13 05:12:52,Clear Ethernet Cable 2m,Electronics,2,9.99,19.98,credit_card,South America
4860,7d1645a0-d253-4966-836b-9a0a41e02a89,2025-12-27 09:28:50,Packaging Tape Dispenser,Packaging,8,22.5,180.0,cash,Europe
4861,2f4dd219-186b-4880-ab54-5a15669d01ff,2026-06-06 13:47:24,Furry Gloves (Black) S,Clothing,3,15.5,46.5,bank_transfer,Middle East
4862,5a0cdd7c-f157-4470-8182-67c47a1b5806,2026-07-23 06:01:51,RC Mini Monster Truck,Toys,9,28.0,252.0,bank_transfer,Africa
4863,963a8617-bdab-47e7-9d9d-028e1bf645f6,2025-12-03 10:34:08,Furry Gloves (Black) S,Clothing,7,15.5,108.5,bank_transfer,Africa
4864,74f93d17-e912-44bf-86a4-bae41986b4b2,2026-09-27 21:41:40,Giant Chocolate Snake 1.2m,Confectionery,1,45.0,45.0,credit_card,Middle East
4865,4499d0a6-1500-4170-92d1-5585b68e47fa,2026-03-14 13:04:27,Developer Flashing Fish Hat,Novelty Items,4,18.75,75.0,credit_card,Europe
4866,0aa6fcb9-c1bc-4e59-9296-a12d8ac35ac4,2026-06-01 21:54:16,RC Mini Monster Truck,Toys,2,28.0,56.0,cash,Asia Pacific
4867,29890880-277d-4be9-a070-b6a198e52499,2026-06-29 06:55:13,USB Food Flash Drive - Chocolate,Novelty Items,6,12.0,72.0,credit_card,Asia Pacific
4868,4a0d2b73-fe54-4e4b-80ff-517323dfecd7,2026-03-26 10:58:35,RC Mini Monster Truck,Toys,9,28.0,252.0,debit_card,South America
4869,7d1645a0-d253-4966-836b-9a0a41e02a89,2026-09-04 15:05:30,Ergonomic Keyboard,Electronics,5,65.0,325.0,cash,Middle East
4870,af70de70-2b69-495e-8567-1b58926bffa5,2025-12-29 00:31:37,Air Cushion Machine,Packaging,6,1850.0,11100.0,bank_transfer,Europe
4871,19a692c9-0d70-4ea4-bb9b-2d45a35055e4,2025-11-08 07:39:03,USB Food Flash Drive - Chocolate,Novelty Items,8,12.0,96.0,bank_transfer,South America
4872,9055a36f-4aa5-49d3-b35f-2f595e717fca,2026-09-18 20:30:43,Alien Egg Fidget Ball,Novelty Items,1,6.25,6.25,cash,Asia Pacific
4873,249204c7-ad58-4b1b-be31-537aa43e558c,2025-11-13 16:03:45,50mm Double Sided Tape,Packaging,5,5.75,28.75,cash,Asia Pacific
4874,3985fb62-17dc-4eff-a872-13f98d605936,2025-11-29 00:40:37,Clear Ethernet Cable 2m,Electronics,9,9.99,89.91,paypal,Middle East
4875,d85480f0-dfca-40b7-99b1-7e80dea4ae17,2026-07-24 20:57:42,Clear Ethernet Cable 2m,Electronics,1,9.99,9.99,bank_transfer,Middle East
4876,0f02bad0-e706-4ef4-a6aa-9385dd59ba71,2025-11-22 11:34:06,Alien Egg Fidget Ball,Novelty Items,3,6.25,18.75,bank_transfer,North America
4877,ddf275eb-e8a3-4341-8881-9065ba2c98ce,2026-05-22 14:53:13,Ride On Dinosaur Costume,Costumes,9,145.0,1305.0,credit_card,Asia Pacific
4878,5254aad3-809c-4839-90ce-82e8e9a53368,2026-07-16 03:50:18,Ride On Dinosaur Costume,Costumes,3,145.0,435.0,paypal,Middle East
4879,4e35da80-a027-4a18-a576-a4100d41ee47,2026-03-03 19:05:48,Furry Gloves (Black) S,Clothing,4,15.5,62.0,bank_transfer,Europe
4880,acf5e81e-7131-4269-b118-e36477097749,2026-02-19 04:12:34,Packaging Tape Dispenser,Packaging,9,22.5,202.5,credit_card,Middle East
4881,d85480f0-dfca-40b7-99b1-7e80dea4ae17,2026-03-21 09:51:11,Magic Flashing Fruit Bowl,Novelty Items,4,34.0,136.0,cash,Asia Pacific
4882,45b1ed25-f153-4ae8-a70a-cc5cb321bf21,2026-02-04 19:02:47,Packaging Tape Dispenser,Packaging,9,22.5,202.5,cash,North America
4883,eadf5085-3fcb-4546-8eb2-25790cdb1ca4,2026-08-08 21:01:44,RC Mini Monster Truck,Toys,7,28.0,196.0,paypal,Asia Pacific
4884,768b4f7e-6421-4e66-9fc6-4cd0721e8b1f,2025-11-28 22:58:18,Ergonomic Keyboard,Electronics,3,65.0,195.0,cash,Asia Pacific
4885,bb026576-f512-44c3-b253-d2186c4a37ea,2026-01-09 21:11:47,Magic Flashing Fruit Bowl,Novelty Items,10,34.0,340.0,bank_transfer,North America
4886,da587e8a-a25d-4b29-afff-cfd2341ef40b,2026-01-21 05:11:08,Magic Flashing Fruit Bowl,Novelty Items,2,34.0,68.0,paypal,North America
4887,88ffbd40-3b72-486d-92fa-675fa6fd0cb1,2026-06-12 23:57:33,Air Cushion Machine,Packaging,2,1850.0,3700.0,debit_card,Europe
4888,66fadca0-0b53-4932-bd94-19aa3ea6e5b2,2025-11-07 08:54:53,Giant Chocolate Snake 1.2m,Confectionery,10,45.0,450.0,debit_card,South America
4889,cb9bc326-d20e-4c17-8e20-fd1a598336e3,2026-01-10 00:44:39,50mm Double Sided Tape,Packaging,7,5.75,40.25,debit_card,South America
4890,f8f9a45d-0f55-4896-b610-396b7df59abf,2026-05-08 13:41:25,Ergonomic Keyboard,Electronics,7,65.0,455.0,credit_card,Europe
4891,9b49bd26-df57-459a-8715-a10343dac043,2026-05-27 01:22:38,Ride On Dinosaur Costume,Costumes,4,145.0,580.0,paypal,Europe
4892,8f9797b0-6d7c-43c9-b4a6-9f3c8d3aed99,2026-05-26 16:08:19,Packaging Tape Dispenser,Packaging,9,22.5,202.5,bank_transfer,Europe
4893,53ea4919-db48-42c2-95ff-2a1f370b9a29,2026-07-12 17:32:29,Furry Gloves (Black) S,Clothing,1,15.5,15.5,debit_card,Europe
4894,423cad9d-193e-4783-82b3-42541b1f2eb1,2026-05-29 14:50:17,RC Mini Monster Truck,Toys,5,28.0,140.0,paypal,Asia Pacific
4895,c9277d9b-6e0d-4648-b5ce-884149732d6c,2026-01-24 07:18:51,Ride On Dinosaur Costume,Costumes,5,145.0,725.0,cash,North America
4896,605fb1eb-4cc5-4e0d-a633-20186883ac6e,2026-08-04 04:11:00,Clear Ethernet Cable 2m,Electronics,6,9.99,59.94,credit_card,South America
4897,ebc2026f-af34-4f65-a193-c4b23c19e71d,2026-06-30 19:21:48,50mm Double Sided Tape,Packaging,5,5.75,28.75,credit_card,Middle East
4898,82701238-9b5f-4f39-848b-34f034981735,2025-10-16 01:40:53,Clear Ethernet Cable 2m,Electronics,7,9.99,69.93,credit_card,Asia Pacific
4899,15bc2a3e-bf76-45d7-b97c-6c3c755d814b,2026-08-30 22:35:13,Furry Gloves (Black) S,Clothing,8,15.5,124.0,credit_card,Middle East
4900,1cd66b09-cf0e-4d2b-b15c-167a45d8a6ad,2026-08-30 14:55:29,Ride On Dinosaur Costume,Costumes,5,145.0,725.0,cash,Middle East
4901,1e5ebe54-5907-4299-9c3b-bdd8a74e02a9,2026-06-18 08:26:34,Furry Gloves (Black) S,Clothing,9,15.5,139.5,credit_card,Middle East
4902,bff15840-207e-463f-9f32-d5d82abe1585,2026-09-10 18:57:39,Packaging Tape Dispenser,Packaging,1,22.5,22.5,bank_transfer,Asia Pacific
4903,51d87c64-55fa-4ab8-858f-1f193c07c574,2026-01-30 19:14:08,Superhero Mask (Red),Costumes,9,11.25,101.25,credit_card,Europe
4904,aca2b148-da33-4aa1-941c-dfcdda0d4a5f,2025-12-24 10:33:10,USB Food Flash Drive - Chocolate,Novelty Items,8,12.0,96.0,bank_transfer,Middle East
4905,be15ad12-90ce-47e9-b513-03b9c7de96ea,2026-04-24 17:25:53,Superhero Mask (Red),Costumes,2,11.25,22.5,debit_card,Europe
4906,329fc417-1081-4d45-bf45-f8a20594b24f,2026-05-29 08:37:42,Magic Flashing Fruit Bowl,Novelty Items,3,34.0,102.0,bank_transfer,Africa
4907,9a3b0319-32f5-4510-a4ee-b4a6c14565c7,2026-04-21 12:45:16,Clear Ethernet Cable 2m,Electronics,5,9.99,49.95,bank_transfer,Middle East
4908,1747f387-7d23-4479-9549-2a82b787ef8d,2025-12-17 21:58:22,Giant Chocolate Snake 1.2m,Confectionery,9,45.0,405.0,debit_card,Africa
4909,0ae4ac11-eb4d-4f42-8735-70a2e5110961,2026-07-23 02:04:04,Magic Flashing Fruit Bowl,Novelty Items,7,34.0,238.0,cash,Middle East
4910,8b2d158a-cd5a-4324-be7c-80e9a1791e93,2026-03-06 19:02:38,Ergonomic Keyboard,Electronics,5,65.0,325.0,cash,Asia Pacific
4911,143a9aff-659b-4105-8b80-f288446f64dd,2026-01-28 10:18:41,Magic Flashing Fruit Bowl,Novelty Items,5,34.0,170.0,credit_card,Europe
4912,9261549d-3d22-4c30-b28f-41defb140bc3,2026-06-13 14:23:55,Developer Flashing Fish Hat,Novelty Items,10,18.75,187.5,paypal,Africa
4913,c9277d9b-6e0d-4648-b5ce-884149732d6c,2025-10-26 20:16:52,Novelty Chilli Chocolates 250g,Confectionery,2,8.5,17.0,cash,South America
4914,0c6b7074-ab10-4c9b-9168-2e09f1f7d904,2026-08-06 01:13:13,50mm Double Sided Tape,Packaging,10,5.75,57.5,debit_card,North America
4915,c4767556-f97b-42dd-8f9b-72aed85c16bd,2026-09-19 08:48:41,Superhero Mask (Red),Costumes,8,11.25,90.0,debit_card,Africa
4916,68f82063-eeb1-4ad2-81a1-fb0f268b84b6,2026-08-09 22:12:26,RC Mini Monster Truck,Toys,7,28.0,196.0,credit_card,Europe
4917,f4dbca07-e506-4670-b092-947dbe4969ec,2026-01-06 14:28:49,USB Food Flash Drive - Chocolate,Novelty Items,2,12.0,24.0,credit_card,Asia Pacific
4918,b04d3376-77fc-4703-9fd5-a423706c5c56,2026-04-15 20:20:52,Giant Chocolate Snake 1.2m,Confectionery,1,45.0,45.0,cash,Middle East
4919,a1e518a2-93d2-48d4-a465-5c397d4d2add,2026-03-04 12:22:27,Furry Gloves (Black) S,Clothing,9,15.5,139.5,bank_transfer,South America
4920,3985fb62-17dc-4eff-a872-13f98d605936,2025-11-18 10:30:25,Clear Ethernet Cable 2m,Electronics,6,9.99,59.94,bank_transfer,Africa
4921,c7b5b2bc-5a8a-4eca-9a50-aec3aabc25fa,2026-01-07 06:42:17,Giant Chocolate Snake 1.2m,Confectionery,3,45.0,135.0,cash,Middle East
4922,1d2324e6-8329-40b7-8143-f426372f871a,2026-04-17 16:06:24,Alien Egg Fidget Ball,Novelty Items,6,6.25,37.5,cash,North America
4923,371ecd7b-27cd-4130-8722-9389571aa876,2026-06-10 11:01:06,Clear Ethernet Cable 2m,Electronics,8,9.99,79.92,credit_card,North America
4924,45c45a3e-e9da-484a-8075-9f1f87e5f0fe,2026-05-24 07:29:12,Magic Flashing Fruit Bowl,Novelty Items,10,34.0,340.0,debit_card,Europe
4925,4ab7706e-b773-40ca-aec2-59dc7f95897c,2025-11-02 05:32:23,Packaging Tape Dispenser,Packaging,10,22.5,225.0,debit_card,North America
4926,0e0630cd-996d-4c50-bc04-a168652ffb49,2026-04-28 19:38:49,Alien Egg Fidget Ball,Novelty Items,7,6.25,43.75,paypal,Africa
4927,1cb9b73a-906d-4c8c-aad0-8c8913fe8a29,2026-09-15 19:10:22,Superhero Mask (Red),Costumes,9,11.25,101.25,bank_transfer,Asia Pacific
4928,080aadfb-e7c9-4b26-9141-25c63a9bedd4,2025-10-10 08:07:57,Ergonomic Keyboard,Electronics,7,65.0,455.0,paypal,Asia Pacific
4929,19db3ad0-ddd1-4fb2-bb98-2ef8daf61a26,2026-02-22 21:20:21,Alien Egg Fidget Ball,Novelty Items,3,6.25,18.75,paypal,Europe
4930,13aec376-c359-410a-b1a6-014c5f3c44dc,2026-10-03 08:27:58,Clear Ethernet Cable 2m,Electronics,6,9.99,59.94,bank_transfer,Europe
4931,8f7c1d59-594b-4a3a-bad4-65a15129950d,2026-02-05 13:23:56,Packaging Tape Dispenser,Packaging,1,22.5,22.5,bank_transfer,Europe
4932,2afaab7b-51cb-49e5-bb7d-3ba158c88c48,2025-11-25 21:49:46,Furry Gloves (Black) S,Clothing,6,15.5,93.0,debit_card,South America
4933,3fead90a-21f8-472d-9db7-570eb390b059,2026-03-04 21:15:13,Furry Gloves (Black) S,Clothing,9,15.5,139.5,cash,North America
4934,5c9d927d-84b8-41bb-b005-68d20de051a6,2026-09-04 23:01:40,Clear Ethernet Cable 2m,Electronics,3,9.99,29.97,paypal,Europe
4935,eb93f78c-620a-4158-9d2d-904f78c59073,2026-08-27 11:27:28,Furry Gloves (Black) S,Clothing,7,15.5,108.5,bank_transfer,South America
4936,75220646-3273-45bf-9373-bf4d5da49cb9,2026-05-14 09:20:57,Superhero Mask (Red),Costumes,3,11.25,33.75,bank_transfer,Europe
4937,a8b317fa-18d0-452b-9825-bc5430beb45f,2026-03-18 02:23:32,50mm Double Sided Tape,Packaging,5,5.75,28.75,credit_card,Asia Pacific
4938,b1594847-5c0b-4b10-a757-cb1042f525b9,2026-02-24 13:33:03,Giant Chocolate Snake 1.2m,Confectionery,6,45.0,270.0,cash,Europe
4939,43b7a3a6-9a8d-4a03-980d-7b71d8f56413,2026-05-05 20:04:08,Air Cushion Machine,Packaging,1,1850.0,1850.0,bank_transfer,South America
4940,d9178793-a9d3-42e6-905c-c6869f871ce7,2026-06-27 21:08:28,Superhero Mask (Red),Costumes,3,11.25,33.75,debit_card,South America
4941,13eb22c9-bece-421a-94c7-743b2401342a,2025-12-11 17:59:45,Alien Egg Fidget Ball,Novelty Items,3,6.25,18.75,bank_transfer,Asia Pacific
4942,b3eda8f1-026b-4383-a301-ec030e5d8c6a,2026-07-28 20:46:51,RC Mini Monster Truck,Toys,8,28.0,224.0,bank_transfer,Europe
4943,2f383b43-a137-48e4-a7b1-3040cc39b925,2026-04-06 13:50:04,Clear Ethernet Cable 2m,Electronics,3,9.99,29.97,paypal,Middle East
4944,a0a04dc4-2720-4bdf-9c11-f735dc713d96,2026-07-31 20:00:04,USB Food Flash Drive - Chocolate,Novelty Items,7,12.0,84.0,credit_card,North America
4945,7d98302f-7357-41e5-be1a-1ba9c8969c5b,2025-11-02 23:59:35,Ride On Dinosaur Costume,Costumes,5,145.0,725.0,credit_card,North America
4946,d3293724-6dfd-471a-b7d7-465d37c3b3c9,2025-10-12 03:12:59,Developer Flashing Fish Hat,Novelty Items,9,18.75,168.75,paypal,Middle East
4947,b40a9181-ac09-4db7-9908-6e477249f62c,2026-05-21 18:17:04,Furry Gloves (Black) S,Clothing,9,15.5,139.5,bank_transfer,North America
4948,d58842de-a2bc-472f-b412-b29347294739,2025-10-31 21:06:33,Novelty Chilli Chocolates 250g,Confectionery,9,8.5,76.5,credit_card,Asia Pacific
4949,c2874f06-9050-47ef-8123-5c9176c5a0dc,2025-10-11 00:13:26,Magic Flashing Fruit Bowl,Novelty Items,9,34.0,306.0,bank_transfer,Africa
4950,83f4a9a9-48a6-49d0-95b5-2908a8aa7158,2026-01-15 11:24:14,Ergonomic Keyboard,Electronics,9,65.0,585.0,debit_card,North America
4951,a5f60735-757b-4b29-bb2a-a1462999394c,2025-12-28 10:31:47,Ride On Dinosaur Costume,Costumes,10,145.0,1450.0,paypal,Asia Pacific
4952,b69f75c5-c82b-41be-a1eb-64e6fd498e20,2025-10-21 02:52:23,RC Mini Monster Truck,Toys,1,28.0,28.0,paypal,Asia Pacific
4953,c0582da5-a757-475b-947f-83b1bc69c155,2026-09-28 22:43:20,Ride On Dinosaur Costume,Costumes,7,145.0,1015.0,paypal,South America
4954,90b2b633-956b-4c0c-a849-9b926b5252e3,2025-10-29 03:16:14,Giant Chocolate Snake 1.2m,Confectionery,7,45.0,315.0,debit_card,Africa
4955,ceb81f9d-7914-4120-88dc-d19f3e351128,2026-08-08 04:22:33,USB Food Flash Drive - Chocolate,Novelty Items,3,12.0,36.0,debit_card,Middle East
4956,c92e8c93-d105-48d6-87c1-c01760452909,2026-03-09 05:03:21,Alien Egg Fidget Ball,Novelty Items,4,6.25,25.0,bank_transfer,Europe
4957,da509fed-1d4a-4d81-b3a7-d0e0cb08587d,2026-04-20 09:36:47,Air Cushion Machine,Packaging,7,1850.0,12950.0,cash,Africa
4958,96a402f2-3ae8-4c93-8dcd-cd03969b6662,2026-01-24 21:55:11,Clear Ethernet Cable 2m,Electronics,9,9.99,89.91,bank_transfer,Middle East
4959,c6deb2f0-530a-41c7-b8ba-83684fc77768,2026-06-06 18:21:48,Developer Flashing Fish Hat,Novelty Items,3,18.75,56.25,paypal,Middle East
4960,83f4a9a9-48a6-49d0-95b5-2908a8aa7158,2026-07-09 09:50:39,Ride On Dinosaur Costume,Costumes,5,145.0,725.0,credit_card,Africa
4961,8d38bbd8-fba6-4bf7-8dbc-c65377a7e8b7,2026-04-18 05:46:29,Packaging Tape Dispenser,Packaging,4,22.5,90.0,paypal,Europe
4962,568cc69b-1064-405c-b985-c3cf3f76be1d,2026-07-30 13:38:36,Developer Flashing Fish Hat,Novelty Items,5,18.75,93.75,credit_card,Africa
4963,39c1e262-f76c-4ede-8110-12662408a6dc,2026-03-15 23:46:00,Clear Ethernet Cable 2m,Electronics,5,9.99,49.95,paypal,Europe
4964,ddf275eb-e8a3-4341-8881-9065ba2c98ce,2026-03-19 03:40:02,Giant Chocolate Snake 1.2m,Confectionery,8,45.0,360.0,debit_card,South America
4965,e08596db-1d87-4966-8710-d430f071d879,2026-07-05 05:00:33,Superhero Mask (Red),Costumes,2,11.25,22.5,debit_card,South America
4966,5876fd09-f1fa-4665-b115-33f312e89d10,2026-03-10 21:09:26,Ride On Dinosaur Costume,Costumes,8,145.0,1160.0,cash,Middle East
4967,0f79a8a7-5f8a-44bd-b4bd-0c938177b661,2025-11-06 15:56:34,Furry Gloves (Black) S,Clothing,8,15.5,124.0,cash,Africa
4968,f0b2a5d1-8c7e-4f42-a646-eaf9d5c0244d,2026-06-11 09:54:00,Superhero Mask (Red),Costumes,2,11.25,22.5,bank_transfer,Asia Pacific
4969,5c9d927d-84b8-41bb-b005-68d20de051a6,2026-05-02 00:48:23,Furry Gloves (Black) S,Clothing,4,15.5,62.0,paypal,Africa
4970,13aec376-c359-410a-b1a6-014c5f3c44dc,2026-05-02 10:58:16,Giant Chocolate Snake 1.2m,Confectionery,3,45.0,135.0,debit_card,North America
4971,d8e049de-0217-4a0e-8964-90ab4926ce5f,2026-06-01 21:38:05,Air Cushion Machine,Packaging,9,1850.0,16650.0,bank_transfer,Africa
4972,d1e91691-a320-4116-a22d-f6a48163b6ce,2025-12-03 22:44:41,Ride On Dinosaur Costume,Costumes,2,145.0,290.0,bank_transfer,Europe
4973,a58e83dd-548c-4d84-b40d-e04941476506,2026-01-21 09:50:48,50mm Double Sided Tape,Packaging,1,5.75,5.75,cash,North America
4974,ea87855e-a382-45d3-9e0e-f546b0b6dedf,2025-11-07 02:50:28,Furry Gloves (Black) S,Clothing,2,15.5,31.0,bank_transfer,South America
4975,81fb18b3-c9a7-491f-af2a-e71357021049,2026-02-03 00:12:05,Superhero Mask (Red),Costumes,1,11.25,11.25,paypal,Africa
4976,1c8eaee9-5715-4d6f-a416-1293c4c2e2e3,2025-11-05 08:11:39,Giant Chocolate Snake 1.2m,Confectionery,4,45.0,180.0,bank_transfer,Middle East
4977,74685b98-d2fe-4fde-9918-b3e5f2f25eef,2026-04-22 05:21:54,Furry Gloves (Black) S,Clothing,4,15.5,62.0,cash,Middle East
4978,74f93d17-e912-44bf-86a4-bae41986b4b2,2026-09-28 07:18:06,Superhero Mask (Red),Costumes,3,11.25,33.75,cash,South America
4979,8409c5ea-cde9-48b3-b922-a7e42de982f8,2025-12-23 13:35:52,Developer Flashing Fish Hat,Novelty Items,4,18.75,75.0,paypal,North America
4980,9d4b2bf9-4d85-49c7-a001-7720200b2903,2026-08-15 11:19:33,Novelty Chilli Chocolates 250g,Confectionery,2,8.5,17.0,credit_card,Africa
4981,25b8a42f-836b-45c7-a7c2-25da73069588,2025-12-04 23:52:47,Superhero Mask (Red),Costumes,7,11.25,78.75,bank_transfer,Middle East
4982,7316ce64-2a14-4a96-9b0c-62eb27c8fc6c,2026-05-01 23:10:43,Alien Egg Fidget Ball,Novelty Items,9,6.25,56.25,credit_card,Asia Pacific
4983,25440fe0-6e41-4d47-9ff5-95ea5bc440f1,2026-02-09 13:11:36,Developer Flashing Fish Hat,Novelty Items,3,18.75,56.25,paypal,Europe
4984,9261549d-3d22-4c30-b28f-41defb140bc3,2026-03-06 09:32:29,RC Mini Monster Truck,Toys,6,28.0,168.0,paypal,Asia Pacific
4985,0db95301-afbb-411a-a123-5a8c93b7a886,2026-05-21 09:39:01,Novelty Chilli Chocolates 250g,Confectionery,9,8.5,76.5,cash,Europe
4986,7f072cb9-2fd3-40c0-b945-f2fd56cb1ab0,2026-06-08 23:42:39,50mm Double Sided Tape,Packaging,2,5.75,11.5,cash,Middle East
4987,23d3cd4c-bd5f-4093-816f-9bcc6243bed7,2026-07-29 01:25:28,Air Cushion Machine,Packaging,8,1850.0,14800.0,cash,North America
4988,6778043b-c5c5-437a-b85e-06a11dad09b2,2026-08-25 18:00:37,Novelty Chilli Chocolates 250g,Confectionery,6,8.5,51.0,cash,North America
4989,92170475-3d95-4e3f-9a52-26e69d642932,2026-06-15 00:36:12,Ride On Dinosaur Costume,Costumes,9,145.0,1305.0,cash,Middle East
4990,3e9aec86-0325-4fbd-9ce8-e1c5dbd30aec,2026-06-27 03:33:32,Giant Chocolate Snake 1.2m,Confectionery,5,45.0,225.0,cash,Africa
4991,f5141058-3138-4975-bbf3-3a349c2dfa97,2026-06-12 10:17:42,Clear Ethernet Cable 2m,Electronics,10,9.99,99.9,cash,Asia Pacific
4992,3240d7a1-4027-4b7d-9430-29a9d88f1c94,2025-10-31 07:53:50,Magic Flashing Fruit Bowl,Novelty Items,9,34.0,306.0,debit_card,Africa
4993,8eac0a33-cdf9-44a7-9882-b5c1f79efd70,2026-02-03 02:38:57,Magic Flashing Fruit Bowl,Novelty Items,1,34.0,34.0,paypal,Asia Pacific
4994,368acd40-b8f1-4e3c-99e7-703a70aa5b0d,2026-07-03 23:47:28,Magic Flashing Fruit Bowl,Novelty Items,3,34.0,102.0,bank_transfer,North America
4995,02571851-26a9-4100-b509-109b116658ce,2026-03-24 13:19:31,Alien Egg Fidget Ball,Novelty Items,8,6.25,50.0,debit_card,Europe
4996,295b4715-c333-4861-9fb8-d16c2720797d,2026-07-16 03:21:54,Clear Ethernet Cable 2m,Electronics,4,9.99,39.96,credit_card,Africa
4997,a85894df-3f8c-4097-84da-2c2e1bffa279,2026-08-30 09:18:52,Magic Flashing Fruit Bowl,Novelty Items,9,34.0,306.0,bank_transfer,Africa
4998,def57689-68f4-4bce-a4e7-5e8eb8f21423,2026-01-06 07:55:18,Alien Egg Fidget Ball,Novelty Items,3,6.25,18.75,debit_card,South America
4999,b2414482-5198-44d8-8643-3603c92a7d7c,2025-10-28 03:22:57,Superhero Mask (Red),Costumes,9,11.25,101.25,debit_card,Middle East
5000,7f7f6c0a-07c0-4116-a394-ed549e3c5a88,2026-01-08 14:22:35,Ergonomic Keyboard,Electronics,3,65.0,195.0,debit_card,South America
