id,user_id,first_name,last_name,full_name,gender,email,phone_number,birthdate,city,state,country,created_at
1,3eb13b90-4668-4257-bdd6-40fb06671ad1,Margaret,Johnson,Margaret Johnson,female,john21@example.net,001-581-896-0013x3890,1965-10-05,Lawrencetown,Wisconsin,United States,2026-06-23 07:27:09
2,ad3c2d6d-1a3d-4fa7-bc89-60a923b8c1e9,Caitlin,Henderson,Caitlin Henderson,female,eric51@example.org,(615)759-4078x1618,1961-12-05,North Donnaport,Colorado,United States,2026-07-31 18:10:15
3,07a0ca6e-0822-48f3-ac03-1199972a8469,Crystal,Garcia,Crystal Garcia,female,shawn52@example.com,(534)719-2832x764,1943-05-16,Port Antonio,Massachusetts,United States,2025-08-13 00:08:48
4,9a1de644-815e-46d1-bb8f-aa1837f8a88b,Debra,Clark,Debra Clark,female,jason76@example.net,724.523.8849x696,1954-08-02,Daviston,Delaware,United States,2025-02-01 03:03:42
5,a65ed389-b74d-4fb1-b2e7-06298fadc1a6,Lori,Conner,Lori Conner,female,ycarlson@example.com,+1-878-448-0184x514,1997-07-05,Lake Nancyview,North Carolina,United States,2026-05-20 05:53:52
6,47378190-96da-4dac-b2ff-5d2a386ecbe0,Christopher,Gaines,Christopher Gaines,male,meagan89@example.org,(252)388-0957,1985-02-27,Johnbury,Oregon,United States,2024-12-05 14:01:51
7,b2b9437a-28df-4ec4-8e4a-2bbdc241330b,Angelica,Tucker,Angelica Tucker,female,spenceamanda@example.org,(578)624-8963,1990-01-23,Samuelhaven,New Hampshire,United States,2025-01-07 09:34:29
8,371ecd7b-27cd-4130-8722-9389571aa876,David,Brown,David Brown,male,chapmanjerry@example.org,5106310518,2001-10-28,New David,Oregon,United States,2025-12-26 23:15:24
9,18c26797-6142-4a7d-97be-31111a2a73ed,John,Mueller,John Mueller,male,glee@example.net,(956)467-0106x51333,1993-03-05,West Steven,California,United States,2025-09-14 14:26:56
10,43b7a3a6-9a8d-4a03-980d-7b71d8f56413,Robert,Chase,Robert Chase,male,williamsyvette@example.org,432-867-7360,1936-01-20,Bakermouth,Maine,United States,2025-08-29 23:19:27
11,1ff49b78-8946-4e85-b59c-de66bacfb3d0,Melissa,Cross,Melissa Cross,female,smoore@example.org,4982050097,2004-11-15,Port Jacobland,Utah,United States,2026-08-05 19:22:03
12,d453dd32-4b0d-4b41-8d52-88f1142c3fe8,David,Wilson,David Wilson,male,bethwilliams@example.org,(799)385-4353x46247,1937-01-10,Howellshire,Connecticut,United States,2024-12-01 07:34:19
13,11ce5dd2-b45e-41f0-b139-d32c93cd59bf,Joshua,Wagner,Joshua Wagner,male,sarahibarra@example.org,(442)678-4980x841,1951-06-20,Lake Angelaview,Maine,United States,2026-01-18 04:44:18
14,4a15544d-c5e7-4e8a-ba57-8a8ea9488d99,Christine,Cooper,Christine Cooper,female,william40@example.org,+1-264-300-5242x7868,1945-12-31,New Barry,Mississippi,United States,2025-12-31 20:39:31
15,19db3ad0-ddd1-4fb2-bb98-2ef8daf61a26,Kristen,Jordan,Kristen Jordan,female,parkerrachel@example.org,(833)215-8692x322,1960-03-03,Kimberlychester,Texas,United States,2026-08-07 13:12:51
16,d58842de-a2bc-472f-b412-b29347294739,Nicholas,Wright,Nicholas Wright,male,kristinrodriguez@example.org,333.675.4330x3654,1983-07-20,Frazierside,Michigan,United States,2026-10-04 22:32:33
17,35a240ae-5af3-4553-9ec4-2e0829a3b2e9,Alexander,Wiley,Alexander Wiley,male,gregory40@example.org,+1-265-856-9816x934,1935-12-28,West Ryan,Texas,United States,2026-09-20 14:18:22
18,a5e5a5ab-aefc-4ad8-afc8-9849b3aa7efe,Gary,Edwards,Gary Edwards,male,cortezkevin@example.com,+1-865-264-8236x62994,1977-02-11,Jasonshire,Rhode Island,United States,2026-02-25 22:29:26
19,88bd6407-2bcf-4e01-a28d-efe39bf00273,Erica,Ramos,Erica Ramos,female,williamleon@example.net,(514)589-5134,1955-10-25,North Johnfort,South Carolina,United States,2026-07-27 10:09:07
20,451b4cf3-6123-4df7-b656-af7229d4beef,Patricia,Gibson,Patricia Gibson,female,jennifercruz@example.com,220.516.3287,1952-04-10,Andersonmouth,Texas,United States,2025-11-21 22:54:33
21,c4b032cc-d7c5-44a5-9304-317faf42e12f,Victoria,Larson,Victoria Larson,female,usalazar@example.net,(387)627-7434x87347,1967-09-03,Matthewside,Colorado,United States,2025-01-20 21:22:22
22,ce177b4e-0837-48a3-9261-a7ab3aa2e4f9,Brittany,Reyes,Brittany Reyes,female,jasminebrown@example.com,787-660-3669x09670,1988-11-01,Medinaside,Rhode Island,United States,2026-09-02 18:18:35
23,3602f8ac-10f1-4c81-848a-aa9e66b2bc5b,Daniel,Robinson,Daniel Robinson,male,ytucker@example.com,+1-462-972-9806x99016,1960-06-28,West Nicholasborough,New Jersey,United States,2025-06-16 06:44:26
24,654821d0-7fcd-4eb1-a7ca-d415366eb16f,George,Hobbs,George Hobbs,male,karen64@example.org,408.505.3100x3309,1952-12-08,Caldwellshire,Indiana,United States,2025-10-01 14:45:18
25,3f22faf8-23be-401d-83cf-2fde24933b83,Michael,Wang,Michael Wang,male,catherinestuart@example.net,824-519-0496,1946-02-06,North Heidi,Maryland,United States,2026-07-27 20:30:29
26,e5d7b875-6dad-46c7-95a7-6d79bf3c4c06,Michael,Trujillo,Michael Trujillo,male,reedross@example.com,985-406-7165,1995-01-11,Lake Aimee,Tennessee,United States,2025-05-03 04:35:38
27,ff5e9ff0-ff50-4de4-b825-67b85cabcc97,Luis,Gillespie,Luis Gillespie,male,umarshall@example.net,253-914-7379x965,1979-12-29,South Jason,Kentucky,United States,2025-06-26 18:16:09
28,c17af08a-1745-46d8-be57-0ddf827050a8,Diana,Carlson,Diana Carlson,female,angela83@example.org,367.683.7770,1965-12-01,Holtport,Texas,United States,2025-12-31 02:52:30
29,a0a04dc4-2720-4bdf-9c11-f735dc713d96,Jackie,Tran,Jackie Tran,female,ronald85@example.com,001-574-544-3135x182,2001-08-28,Jennyhaven,Rhode Island,United States,2025-05-13 05:22:17
30,98ae4334-6c12-4ce8-ae34-0454cac5b68c,Veronica,Wall,Veronica Wall,female,jeremy24@example.org,001-682-940-0842x710,2000-11-29,Petersonton,Kentucky,United States,2026-08-05 17:34:25
31,ff01cf99-988c-44c9-a1b1-cd2262801c45,Karen,Short,Karen Short,female,kvasquez@example.net,+1-502-829-4131x86999,1997-01-27,Evansshire,Nevada,United States,2025-05-30 14:35:37
32,8da0365b-f898-47b9-805c-acec877409a9,Keith,Brown,Keith Brown,male,mezajared@example.org,912-632-8120x679,1940-03-14,West Jasmine,Vermont,United States,2026-08-04 02:07:27
33,ae849217-1d53-434b-b881-39b9ae270da7,Jordan,Mcdaniel,Jordan Mcdaniel,female,kristin93@example.com,683-624-2102,1995-07-12,South Haleyfurt,Louisiana,United States,2025-10-29 03:22:15
34,1c8eaee9-5715-4d6f-a416-1293c4c2e2e3,Joshua,Kim,Joshua Kim,male,prestonjessica@example.net,901-639-9049x027,1960-06-16,Waltersfort,Colorado,United States,2025-10-05 11:31:19
35,00d4af59-7427-4ca3-a87d-06ca6f4cc69a,Gregory,Cook,Gregory Cook,male,hodgemark@example.net,246.980.7154x5168,1992-01-01,East Aprilfort,South Dakota,United States,2025-09-13 18:08:02
36,2dbc2134-c30f-446e-8026-695ff8cda88b,Peter,Harris,Peter Harris,male,sarakim@example.net,310.993.2480x8613,1951-09-30,South Sarah,Maine,United States,2025-11-04 15:57:18
37,d777a477-4c66-40a8-a013-ac6ededa4e16,Michele,Perry,Michele Perry,female,pbaird@example.com,+1-826-739-8214,2004-11-10,Loriport,Washington,United States,2025-05-25 07:22:39
38,295b4715-c333-4861-9fb8-d16c2720797d,Sara,Carpenter,Sara Carpenter,female,cgrimes@example.net,855.288.6753x3963,1979-01-23,Thorntonfurt,Missouri,United States,2026-03-04 21:56:59
39,04fc6d82-7d15-4385-92fb-e43b99546eb4,Rebecca,Pearson,Rebecca Pearson,female,tylerjohnson@example.net,001-851-471-8702,1945-12-10,Harringtonview,Michigan,United States,2026-02-01 12:17:26
40,fc3e058b-e0f3-4ab0-9cec-4eb5edd96831,Melissa,Santos,Melissa Santos,female,melissa86@example.com,+1-978-409-1343x1611,1976-07-07,North Markton,Maine,United States,2025-07-10 20:08:03
41,e0c53cb8-3da9-42a9-8ed4-2f1a3d4cbf37,James,Thomas,James Thomas,male,yknight@example.org,(421)596-9379,1998-07-09,Stevetown,New Jersey,United States,2026-09-05 09:39:16
42,d0e6e660-7c69-4ee1-bb5e-4bcf15ed6269,Donna,Payne,Donna Payne,female,alexandermichael@example.net,664-674-3671x3695,1938-09-29,Hillshire,Utah,United States,2026-06-01 22:40:24
43,c40db9b4-885f-4e66-82b6-d2c5fa5d3100,Natasha,Williams,Natasha Williams,female,swall@example.org,+1-753-439-4210x470,1948-01-10,Markchester,Idaho,United States,2025-03-10 08:58:46
44,f264accc-79ac-4b1e-a8e5-6e0c20de435d,Bonnie,Ryan,Bonnie Ryan,female,alyssa42@example.com,245.617.1236x8516,1952-07-30,Richardsonview,Pennsylvania,United States,2025-07-28 08:43:24
45,9b49bd26-df57-459a-8715-a10343dac043,Samantha,Bentley,Samantha Bentley,female,leonardthomas@example.net,+1-459-231-7461,1940-10-27,Wendyville,Connecticut,United States,2025-04-05 18:52:59
46,8a0f4efb-edcd-465e-b638-6821f6e07cc0,Stephen,Taylor,Stephen Taylor,male,vwatson@example.net,+1-669-226-1796,1986-03-10,South Sean,Kansas,United States,2026-07-31 20:38:26
47,fec21bbe-6624-4bfa-8fcc-a39ab683d2e6,Heidi,Pollard,Heidi Pollard,female,amy50@example.com,531-371-3900x532,1963-12-14,Port Molly,Michigan,United States,2026-05-29 21:10:11
48,7394988f-847f-49b4-a64d-1bcb702753a1,Charles,Lester,Charles Lester,male,ramireztracey@example.org,+1-742-210-2053,1959-06-22,Brianchester,North Dakota,United States,2025-01-01 16:28:11
49,568cc69b-1064-405c-b985-c3cf3f76be1d,Nichole,Alvarez,Nichole Alvarez,female,william17@example.net,890.884.7007,1950-06-14,Josephmouth,California,United States,2026-09-03 21:26:27
50,96a402f2-3ae8-4c93-8dcd-cd03969b6662,Angela,Franklin,Angela Franklin,female,martinezclaudia@example.net,+1-856-398-4789,1951-05-01,South Shannon,Iowa,United States,2025-08-22 19:56:14
51,a18ff6b6-b535-406e-922c-9a5601d74256,Gina,Chavez,Gina Chavez,female,ublair@example.com,245-727-1111x61528,1952-05-24,Gomezchester,Washington,United States,2024-11-14 08:55:03
52,080aadfb-e7c9-4b26-9141-25c63a9bedd4,Tracy,Burke,Tracy Burke,female,dale83@example.org,+1-273-615-8514x93689,1939-09-13,West Jacqueline,Maryland,United States,2026-09-21 04:35:52
53,474a493b-3ced-4f2d-839f-bc501223b513,Gerald,Smith,Gerald Smith,male,ashleymorales@example.org,001-301-283-6675x2545,1956-12-06,Port Christine,Utah,United States,2024-12-07 18:40:59
54,b92da22b-21df-406f-8a0b-3c3336d8393a,Dillon,Stanley,Dillon Stanley,male,alawson@example.com,681.256.1497,1965-10-09,Joyceton,Alabama,United States,2025-03-13 04:36:59
55,ceb81f9d-7914-4120-88dc-d19f3e351128,Eric,Clark,Eric Clark,male,kathrynroberts@example.org,7763226838,1989-10-19,South Andrewland,Massachusetts,United States,2025-12-26 14:49:19
56,a8b317fa-18d0-452b-9825-bc5430beb45f,Jeffrey,Sullivan,Jeffrey Sullivan,male,zroberts@example.org,829-675-1613x69681,1981-12-19,West Kimberly,California,United States,2025-11-05 21:59:29
57,778eedb3-693d-4fbc-ac6f-a6115ab33edf,Mark,Schmidt,Mark Schmidt,male,rebeccabailey@example.net,+1-923-912-4329x2127,1979-09-30,Edwardland,New Mexico,United States,2025-09-13 21:14:56
58,a56c0941-fbf2-4050-a748-dbcfac619e63,Lynn,Hogan,Lynn Hogan,female,bellcharles@example.com,200.954.1199x867,1961-05-18,Cassidyhaven,Georgia,United States,2024-11-22 11:18:09
59,56dc8907-ba6c-44ab-a712-303a0f844fef,Joanna,Shepherd,Joanna Shepherd,female,toni18@example.net,(703)777-8892,1974-04-05,Ortizmouth,Utah,United States,2026-01-12 19:17:37
60,894a05e4-30b1-47ef-b10c-0c003fa7f104,Amy,Mccoy,Amy Mccoy,female,cameron18@example.net,(344)692-5192x5462,1987-01-09,Lisahaven,Colorado,United States,2026-02-19 04:40:07
61,474ebc19-2ef9-4276-ac00-6f6123e2fcb4,Michael,Romero,Michael Romero,male,coxhenry@example.org,473-832-2141x88805,1956-10-01,East Marie,Wyoming,United States,2026-02-02 15:53:59
62,134c6c92-ec5b-427c-9fde-4fbf3ff350bf,Robert,Martin,Robert Martin,male,xwilliams@example.net,001-937-994-7383x4735,1974-02-08,Shawchester,Hawaii,United States,2026-07-01 21:50:59
63,8ce21ea3-db20-456e-9c81-5fe7ceda8bbb,Curtis,Jacobs,Curtis Jacobs,male,brett75@example.net,481-841-2478,1948-03-29,Port Shannon,Minnesota,United States,2026-09-28 03:08:50
64,8a63f881-ffd0-49d5-a6f2-f7b80cf35b58,Alyssa,Brown,Alyssa Brown,female,joe15@example.org,4519522047,1996-10-24,North Andrewborough,Georgia,United States,2025-12-05 16:20:45
65,c0e9ab30-ed26-42e9-97e0-11b7f8102383,Teresa,Lynch,Teresa Lynch,female,srodriguez@example.org,510-436-9711x7980,1975-05-27,Smithstad,Kansas,United States,2025-12-22 15:50:09
66,7b3a4e3e-7c52-4a17-a80a-c07a2a935d62,Jennifer,Beck,Jennifer Beck,female,millsmichael@example.net,+1-788-680-6706,1937-12-20,Kristinastad,Kansas,United States,2026-04-27 16:54:15
67,0f02bad0-e706-4ef4-a6aa-9385dd59ba71,Mary,Garcia,Mary Garcia,female,dennis58@example.com,+1-227-772-2170x4303,1977-12-16,Haysside,New Mexico,United States,2025-04-20 04:00:15
68,63f2ae24-fc3d-4348-808d-4127610461e3,Amanda,Lucas,Amanda Lucas,female,michael05@example.com,956-767-6527,2006-06-07,Lauriechester,Colorado,United States,2025-09-04 20:59:32
69,747b6dba-c8fe-4ccd-88b8-d9c6ed3049cf,Lance,Short,Lance Short,male,manuel15@example.net,647-296-2757x0596,1945-12-21,Coxburgh,Alaska,United States,2025-01-24 07:29:43
70,bb026576-f512-44c3-b253-d2186c4a37ea,Samuel,Gregory,Samuel Gregory,male,ejohnson@example.org,001-455-769-0927x55719,1989-12-06,Debrabury,Delaware,United States,2024-10-25 12:57:10
71,37bb3eec-4bf5-4b52-b09d-258c27a0c3d7,Noah,Porter,Noah Porter,male,hmcintyre@example.com,001-347-739-4731x21727,1983-01-16,New Amberport,Hawaii,United States,2026-04-11 06:58:36
72,0f9aea4b-8acd-4e10-bc59-4585944528c0,Michelle,Graves,Michelle Graves,female,laurahicks@example.org,923.470.5895,1947-06-29,West Raymondfort,North Dakota,United States,2025-08-20 11:40:09
73,7a0ecfea-958c-49ba-8cd6-20c20ea2622b,Randy,Morrow,Randy Morrow,male,martinezlogan@example.org,378.452.8922x680,1977-02-24,East Marcus,Virginia,United States,2025-03-29 12:57:50
74,14822f53-8201-4c62-b5f5-9b220e8fa8e0,Hannah,Everett,Hannah Everett,female,meghan43@example.net,+1-442-449-8182,1981-09-16,Port Michelleland,Arizona,United States,2026-02-15 15:27:27
75,acdabacc-1165-4210-9854-3881118a9d29,Patricia,Baker,Patricia Baker,female,katiebutler@example.net,9783447364,1943-11-30,South Robert,New Jersey,United States,2025-03-12 21:09:28
76,e3e9de99-f10c-418b-9eb0-e38a675dd5af,Gina,Thomas,Gina Thomas,female,jessica56@example.org,001-258-681-5371x47321,1988-01-16,Wrightburgh,Massachusetts,United States,2026-09-30 16:17:00
77,9e8fc965-0a2c-427e-9832-685694340a03,Laura,Edwards,Laura Edwards,female,tyronerobertson@example.com,670-916-8733x9500,1999-10-21,Amandaville,Nevada,United States,2025-01-17 10:37:17
78,90b2b633-956b-4c0c-a849-9b926b5252e3,Sonya,Luna,Sonya Luna,female,zdiaz@example.org,001-983-658-4168,1951-12-06,North Phillip,Michigan,United States,2025-12-12 16:37:56
79,ab73295b-344a-44b8-82c1-8a62ef48e8d5,Todd,Fischer,Todd Fischer,male,carriemorales@example.org,4027578729,1979-02-10,South Vicki,West Virginia,United States,2026-07-21 21:07:54
80,21813d25-6552-48a6-83ff-50113d1a85dd,Edwin,Rogers,Edwin Rogers,male,terickson@example.com,9556169409,1966-09-23,New Timothyhaven,South Dakota,United States,2026-04-18 13:42:56
81,c07a30f2-edd4-453b-90f0-fd0a750cab75,Manuel,Randall,Manuel Randall,male,lorraineallen@example.net,001-913-207-5626x368,1954-07-21,New Mark,Texas,United States,2025-10-11 23:22:29
82,ff9ab5c2-9f04-4aed-b552-332702627f73,Kelly,Edwards,Kelly Edwards,female,stevepatel@example.net,(549)973-3484x344,1978-11-28,Baileyview,Maine,United States,2025-01-08 01:47:28
83,8181a8cc-3691-47eb-89a2-688b12c136e0,Laura,Daniels,Laura Daniels,female,xcardenas@example.org,604-415-7473x3848,1950-08-16,East Brent,North Dakota,United States,2025-03-29 16:43:03
84,e1805081-5958-4499-aeea-163e21e8ac68,Mark,Williams,Mark Williams,male,erivera@example.org,+1-520-282-6773x45401,1959-08-02,Khanburgh,Arizona,United States,2026-07-16 21:51:02
85,48f4ef12-5e99-43d2-be89-6c64e117dac3,Jennifer,Simpson,Jennifer Simpson,female,nancy04@example.net,+1-515-347-8872x874,1980-10-06,Lake Stephen,Kentucky,United States,2026-04-16 13:32:03
86,b41b3143-8b10-450c-9570-4f32702cdd20,Charlotte,Doyle,Charlotte Doyle,female,ashley32@example.net,+1-266-685-1612x2753,1987-12-18,South Karen,Michigan,United States,2025-05-27 22:34:18
87,ce9e1a11-fcbb-4e59-bbdd-cf7c9c96e9ec,Kevin,Berry,Kevin Berry,male,desiree30@example.net,774-526-8414,1965-07-31,South Eric,West Virginia,United States,2026-01-18 21:41:08
88,4ca415ea-8dfa-4a56-912d-bc9aaaf91531,Jacqueline,Miles,Jacqueline Miles,female,ztodd@example.net,339.218.7851,2004-07-21,New Amanda,Hawaii,United States,2025-06-17 06:26:57
89,43b409ef-2260-470f-a0cc-edc5f05db76e,Sarah,Ramos,Sarah Ramos,female,jenniferburns@example.net,207.828.6790x874,1970-05-23,Lake Jefferyland,Arizona,United States,2025-08-30 12:11:06
90,8da01097-be0f-451b-9b66-b5a9e3c43657,Haley,Brown,Haley Brown,female,michaelcesar@example.com,8468226567,1946-09-06,Lake Michelle,Delaware,United States,2025-02-21 00:52:58
91,35ebd32d-9ad6-40ab-8821-2ddb45b89cd9,Wendy,Long,Wendy Long,female,jessicawalker@example.org,001-504-378-6863x37524,1940-02-22,Mendeztown,Kansas,United States,2025-03-14 11:31:59
92,da587e8a-a25d-4b29-afff-cfd2341ef40b,Austin,Wheeler,Austin Wheeler,male,tharper@example.org,606.573.8302,1979-02-28,Joelberg,Texas,United States,2025-11-14 06:43:02
93,e7c421c7-4049-4b71-bd10-6c6081627cf1,Daniel,Turner,Daniel Turner,male,hawkinsbrittany@example.net,(868)870-5685,1956-01-25,Nicholasside,New Mexico,United States,2025-04-10 13:51:57
94,d450281c-6c6f-4633-a260-772317a0df49,Sarah,Turner,Sarah Turner,female,lindamelendez@example.net,(568)282-6343x51751,1972-04-18,Nunezton,California,United States,2025-02-28 13:30:40
95,c56811cd-5563-4616-80e8-5ece0b49452d,Robert,Matthews,Robert Matthews,male,timothybooth@example.com,603-831-7393x6385,1999-03-20,Kylestad,North Carolina,United States,2026-08-22 02:42:03
96,295d6fbf-430f-401d-bad4-09e2a319dcb4,Kathleen,Garcia,Kathleen Garcia,female,ugill@example.org,(856)609-3204x899,1956-07-02,West Jerry,Oregon,United States,2026-07-14 16:54:01
97,8f9797b0-6d7c-43c9-b4a6-9f3c8d3aed99,David,Pierce,David Pierce,male,jonathan77@example.com,(252)328-7280,1942-05-12,South Derrickbury,California,United States,2026-04-07 16:29:22
98,e21342b0-f1ee-4ba3-9343-2e611ca3c448,Brittany,Robinson,Brittany Robinson,female,nbrooks@example.net,+1-697-270-0886x00848,2004-02-10,Drakeburgh,Connecticut,United States,2026-09-18 11:33:51
99,5e84f058-d5a8-44eb-8939-23de8babce3b,Anne,Hernandez,Anne Hernandez,female,christineking@example.com,361-856-7933x410,1987-05-18,Tranton,South Dakota,United States,2024-10-12 18:03:26
100,4eea04e7-0ab5-4bde-a0a0-45026e068097,Michele,Miller,Michele Miller,female,vnewman@example.net,380-633-9740,1940-03-27,Port Leonard,Indiana,United States,2026-01-04 09:02:22
101,f8e1daa7-cbce-4bde-aede-db07e623a689,Charles,Hoover,Charles Hoover,male,thickman@example.org,001-739-268-5621,1949-01-19,Hallland,Michigan,United States,2026-01-18 11:03:22
102,ae9bec36-35c7-436c-9b99-62c6e61fecc0,Patricia,Friedman,Patricia Friedman,female,unovak@example.org,+1-647-573-5866x2961,1945-10-06,West Ericberg,West Virginia,United States,2025-08-04 00:58:24
103,c7b5b2bc-5a8a-4eca-9a50-aec3aabc25fa,Emily,Rodriguez,Emily Rodriguez,female,hahnsean@example.com,821-326-7888,1939-05-02,West Angelamouth,Missouri,United States,2024-10-14 23:56:20
104,2790cebd-bfdd-43d9-9ee3-ac2af94d6204,Edgar,Hughes,Edgar Hughes,male,hardyanita@example.org,001-982-462-2444,1944-05-15,South Joshua,Maryland,United States,2025-10-16 12:37:09
105,ccc56569-f9e8-4369-a999-b735dd56cc94,Rachel,Ward,Rachel Ward,female,jennifersimpson@example.net,871.724.0659,1995-09-03,Ryanberg,Maryland,United States,2025-06-11 11:31:30
106,2dea9493-0658-463a-a98c-206fe1a47e10,Lindsey,Dominguez,Lindsey Dominguez,female,zedwards@example.com,479-235-6465x1939,1998-08-02,South Lauren,Vermont,United States,2024-11-28 03:06:15
107,cd5f4822-6966-48aa-ae49-f329c84a7b28,Robert,Flynn,Robert Flynn,male,ichambers@example.net,834-226-6179x7968,1984-09-09,North Kaylastad,Hawaii,United States,2026-02-19 22:50:40
108,b386f7a4-c991-403f-a8c1-3091444d610b,Lisa,Hart,Lisa Hart,female,vrasmussen@example.com,501-943-8889,1986-09-04,Fordshire,Vermont,United States,2025-10-29 03:15:06
109,dbccc477-09e9-4b0a-9f46-529061ee411a,Brittany,Cuevas,Brittany Cuevas,female,agarcia@example.org,725-945-7387,1949-01-16,Bowenmouth,Massachusetts,United States,2024-11-26 14:06:49
110,eb1fa9f2-d10b-41d0-b317-347038f16a81,Eric,Patrick,Eric Patrick,male,johnsonmatthew@example.org,+1-423-882-8258x67362,1989-08-06,Lake Christinaborough,New Hampshire,United States,2026-01-08 09:21:37
111,cb9bc326-d20e-4c17-8e20-fd1a598336e3,Jeffrey,Smith,Jeffrey Smith,male,jamiegoodwin@example.org,001-618-925-5371,2007-07-31,Candicefurt,Pennsylvania,United States,2025-01-02 03:20:00
112,3170f437-a8f7-4f5a-860e-df5b39118497,Hannah,Bruce,Hannah Bruce,female,lisamccarthy@example.com,+1-891-825-1341x252,1954-07-10,Hendersonfort,South Dakota,United States,2025-11-26 19:22:08
113,11c58ef0-dd46-4c09-8752-87aa5408f9ac,Michael,Brewer,Michael Brewer,male,angelaburns@example.org,(557)890-5072,2004-07-19,Ortizfort,Nebraska,United States,2026-04-09 23:54:23
114,6651529e-8268-490b-a438-25b559e4b671,Ryan,Burns,Ryan Burns,male,cunninghamlaura@example.org,304-638-4279x7881,1985-09-08,Port Jenniferside,Indiana,United States,2025-08-31 15:21:04
115,e08596db-1d87-4966-8710-d430f071d879,Brian,Greer,Brian Greer,male,kennethkidd@example.com,451-571-3395x962,1963-12-04,New Michaelview,Rhode Island,United States,2025-11-27 21:16:01
116,fbc9f87a-f668-4617-94a1-875d2db69edb,Christopher,Werner,Christopher Werner,male,keith48@example.net,726-504-2232,1989-03-16,Thomasview,South Dakota,United States,2025-08-23 03:36:31
117,6f3f920c-98b8-44cc-9bc0-44fc09cb3942,James,Jones,James Jones,male,powellkara@example.net,(577)859-0175x186,1964-08-04,Adamsport,Michigan,United States,2025-12-04 12:30:04
118,6fb78271-504d-481f-8953-5b63ba81edd9,Kenneth,Knight,Kenneth Knight,male,rkramer@example.org,8175012770,1953-09-17,Erikview,Colorado,United States,2026-02-25 20:17:50
119,30a900ad-939b-462d-a645-f129629c2ae3,Heather,Miller,Heather Miller,female,brettgarrett@example.net,001-936-211-0371x293,1936-11-08,Lisachester,Vermont,United States,2025-01-16 01:49:00
120,006ed6e3-6fa1-4735-b572-f3d00b5cea6a,John,Perez,John Perez,male,crosscurtis@example.com,(942)762-2189x092,1964-10-03,South Christina,New Hampshire,United States,2026-08-04 08:45:24
121,f2e9702d-11e9-4daa-ae69-81a35d3d9e56,Claudia,Mosley,Claudia Mosley,female,karenlawrence@example.com,(665)223-4138x999,1976-10-24,New Catherine,Illinois,United States,2026-05-09 06:42:33
122,d9178793-a9d3-42e6-905c-c6869f871ce7,James,Lucas,James Lucas,male,troyrodriguez@example.com,+1-491-980-5526x9658,1945-09-10,New Carlosview,Indiana,United States,2024-11-05 08:19:11
123,81d2c7de-4ce1-4b90-a669-7833b841d0a0,Tammy,Fry,Tammy Fry,female,ohunter@example.net,566.461.8892x41418,1980-03-24,Willisland,Maryland,United States,2026-04-01 02:09:20
124,6703b636-5380-4904-a88c-7015aab97e49,Jeffrey,Ashley,Jeffrey Ashley,male,brianmiller@example.com,479-290-4210,1958-01-21,Bentonhaven,North Dakota,United States,2026-06-05 13:49:50
125,6ba25efe-311c-4eb6-a095-eef68dedf9fb,Rodney,Green,Rodney Green,male,david41@example.org,464-781-4917x78507,1957-03-02,Kerrishire,Utah,United States,2026-04-19 19:27:31
126,2c8d0e44-e71e-43a6-bf85-bf0ead64b56c,Brian,Yang,Brian Yang,male,williamsmichelle@example.org,5757622086,1969-07-19,Moonmouth,Louisiana,United States,2026-07-08 23:35:36
127,001a9a8b-d56f-4350-8c45-9ce267f48ad5,Blake,Watson,Blake Watson,male,whitelinda@example.org,(617)544-5187x0534,1998-11-24,Brittanyfort,Wyoming,United States,2026-05-31 01:27:21
128,c9277d9b-6e0d-4648-b5ce-884149732d6c,Craig,Mccullough,Craig Mccullough,male,edwardrandolph@example.org,585.505.0641,1992-11-23,Woodwardberg,Virginia,United States,2025-05-10 18:12:52
129,acf5e81e-7131-4269-b118-e36477097749,Brandon,Morse,Brandon Morse,male,xhaynes@example.com,001-519-618-2619x9062,1971-04-12,Sarafurt,Vermont,United States,2026-07-13 13:37:48
130,e6b3c944-cb32-4e35-b922-bac282dc4c8e,Nancy,Stewart,Nancy Stewart,female,jesus32@example.net,721-527-7561,1997-04-06,Stevenville,Colorado,United States,2025-02-04 20:03:24
131,83f4a9a9-48a6-49d0-95b5-2908a8aa7158,Rhonda,Torres,Rhonda Torres,female,lewismelissa@example.org,235-868-0442,1997-04-21,North Steven,Florida,United States,2025-01-07 17:56:46
132,c04a96c4-f3b6-4fe1-9184-332417e8392a,Adam,Greer,Adam Greer,male,davidcolon@example.com,+1-219-994-1013x72151,1942-08-26,New Ryan,Washington,United States,2025-08-08 05:12:09
133,ce7ae7f6-3982-4cff-8f77-a665ac3c5640,Kathleen,Reyes,Kathleen Reyes,female,nthompson@example.org,947-220-9993x476,1947-09-12,Patrickchester,Illinois,United States,2026-02-16 13:48:16
134,3eae0032-0bd4-4990-8640-be0f25b8fd4b,Stacey,Fox,Stacey Fox,female,mayokimberly@example.com,587.259.8564x2059,1973-12-29,Port Victoriahaven,Minnesota,United States,2026-05-24 00:52:02
135,12a4def0-c4bb-47a9-9988-68dd9c7c7377,Kevin,Hall,Kevin Hall,male,craigsandoval@example.com,+1-703-796-5223,1939-08-07,Staceyshire,Georgia,United States,2025-12-16 19:00:13
136,935f2b0a-a138-4ddc-a2d9-de5d6a18ce4c,Travis,Copeland,Travis Copeland,male,lweaver@example.com,2107393087,1963-03-06,West Jennifer,Massachusetts,United States,2024-11-20 16:05:49
137,7e8f8095-624c-49b6-b244-45a7b7e58481,Alison,Willis,Alison Willis,female,kimmathis@example.com,456-891-5452,2002-01-24,Grantside,Vermont,United States,2026-08-27 09:14:35
138,b00805cc-a7f3-4ae9-a5c7-3c443e75c3b4,Timothy,Buchanan,Timothy Buchanan,male,elizabetholsen@example.com,542-320-9690x2959,2003-04-16,West Julie,Kansas,United States,2025-07-01 18:54:09
139,c521bf2d-dc45-4539-803f-3538e4855aa1,Vickie,Jackson,Vickie Jackson,female,underwoodelizabeth@example.net,870-443-3154x10067,1992-02-09,Maciasstad,Ohio,United States,2025-07-23 22:52:45
140,2d06e8cf-3805-4907-acd6-6193c7468f59,Ashley,Mendoza,Ashley Mendoza,female,franciscojones@example.org,705-941-1526x2181,1939-12-23,Dunlapburgh,Rhode Island,United States,2026-08-27 12:05:47
141,eadf5085-3fcb-4546-8eb2-25790cdb1ca4,Jeffrey,Brown,Jeffrey Brown,male,jamie36@example.net,+1-984-444-3106,1943-03-06,Adamland,Maine,United States,2026-07-07 08:27:08
142,76f2dbfe-cd29-436f-a222-82e174daaebf,Mary,Greene,Mary Greene,female,collinclark@example.net,717-814-6774x1862,1986-01-13,South Bradley,New Hampshire,United States,2025-10-01 15:12:07
143,714c7df4-e434-4d51-8158-1092f335cba3,Dennis,Hood,Dennis Hood,male,hernandezheather@example.org,858-969-3806,1967-10-30,Evansfurt,Virginia,United States,2024-11-01 09:16:45
144,722764e6-8c41-461b-a827-a1b9d4a02e53,Jonathan,Lester,Jonathan Lester,male,davidtodd@example.org,(433)620-6163,1979-04-11,North Paulfurt,Oklahoma,United States,2025-06-15 17:20:15
145,7337c599-7984-4388-9c8a-ee30be6033f7,Shannon,Stone,Shannon Stone,female,buchanancindy@example.net,(716)822-9991x19148,1971-09-16,Penashire,Rhode Island,United States,2025-10-07 20:07:17
146,a33dc7af-d701-410d-bf4b-1a70c074718e,Andrew,Hill,Andrew Hill,male,christinebecker@example.com,7656307450,1978-01-29,Meganville,Iowa,United States,2025-01-17 19:01:15
147,7c0e8cd8-8573-4793-8715-b2b9c40c5d91,Eric,Manning,Eric Manning,male,joseph69@example.net,437-336-7850,1978-02-07,Taylorhaven,Oregon,United States,2024-10-27 21:31:34
148,b6aae05b-13d5-42f7-b09b-7d97464c04af,Carrie,Golden,Carrie Golden,female,marywright@example.com,2535457861,1986-06-14,Wheelerburgh,New Mexico,United States,2026-01-04 06:08:02
149,51d87c64-55fa-4ab8-858f-1f193c07c574,Juan,Cooper,Juan Cooper,male,kaitlyn14@example.org,(902)493-3334x6800,1959-05-01,East Johnnyport,Virginia,United States,2026-04-09 09:28:29
150,620e99d3-3b33-43d8-a69c-d696236c7b87,Maria,Coleman,Maria Coleman,female,dyork@example.com,774.689.6910,1976-05-19,South Calebview,South Dakota,United States,2025-06-14 22:53:15
151,6a34c854-1071-4d51-b6c5-9dacb4d7e28e,Shannon,Green,Shannon Green,female,jacob83@example.org,+1-565-720-7446x660,1966-01-08,Knoxstad,North Carolina,United States,2025-05-26 13:55:49
152,6a702e2f-7746-40ba-8ae8-905b54b4a482,Ryan,Pittman,Ryan Pittman,male,kellyruiz@example.net,682-651-3534x655,1998-11-16,South Brianshire,Pennsylvania,United States,2026-01-30 11:44:07
153,63b4c08b-6b8e-469f-9538-5b0e34f3193c,Andrea,Preston,Andrea Preston,female,dillonpatrick@example.com,(702)423-5697x25217,1978-05-31,North Shannonborough,Wisconsin,United States,2026-05-29 05:45:59
154,9360715f-c3fe-4183-a172-b725db52ca58,Caroline,Duran,Caroline Duran,female,xglover@example.org,(296)566-6760,1986-07-15,West Katherinehaven,Illinois,United States,2024-10-19 07:52:26
155,5a0cdd7c-f157-4470-8182-67c47a1b5806,Michael,Sims,Michael Sims,male,jeremywiley@example.com,(616)689-4210,1997-10-23,Ryanberg,Michigan,United States,2026-09-05 12:54:17
156,e4429ebb-da7b-4095-a3d6-2a39c0e3befd,John,Christensen,John Christensen,male,stacyhull@example.com,3337230982,1940-11-04,Mcdowellview,Wyoming,United States,2025-11-24 18:02:49
157,8bcf53a1-bc10-4a52-bf5d-2fdf89c8d2ab,Marcus,Wheeler,Marcus Wheeler,male,stanleydesiree@example.org,4165761847,1937-01-09,Robertville,Texas,United States,2025-11-13 13:09:37
158,6f92f25e-45df-46b6-b82c-043f7cfc9b79,Debra,Obrien,Debra Obrien,female,robertroach@example.net,001-791-841-1739x3483,1975-12-15,North Amy,Indiana,United States,2026-03-23 22:56:38
159,ab3b4d37-560c-45ee-a38c-254c076e2bba,Timothy,Rivera,Timothy Rivera,male,smithchristopher@example.org,001-972-618-1143,1971-09-15,Williamsburgh,Arizona,United States,2026-07-29 08:57:37
160,77a6e17c-d72b-4108-aa40-5f12b963f37f,Dylan,Solis,Dylan Solis,male,ronald11@example.org,7227557941,1960-08-24,South Ricardomouth,Louisiana,United States,2026-07-16 12:37:33
161,06e745f9-88bc-439c-9f4c-3b79fb10987f,Janice,Jefferson,Janice Jefferson,female,zbanks@example.org,920-421-6979,1987-06-11,Cherylberg,New Mexico,United States,2026-09-20 07:21:19
162,06f028ff-a9ba-4a27-907b-fe36978648f8,John,Clay,John Clay,male,qwilliams@example.net,708-899-3588x91637,1955-12-28,North Dawnburgh,North Carolina,United States,2026-07-26 17:31:18
163,dde9f863-22bd-4388-adb9-9102a48b3dbe,Julie,Simpson,Julie Simpson,female,charlesvasquez@example.org,340-983-8663x17797,1996-08-08,Davidfort,West Virginia,United States,2026-02-24 21:38:56
164,610cf373-4299-4aa4-8cdf-742b2e85cb21,Albert,Powell,Albert Powell,male,hawkinsaaron@example.org,+1-794-988-3755x037,1985-03-15,Wilsonbury,Alabama,United States,2025-06-27 13:15:04
165,56666f9f-53ac-4ab9-b467-2cd9362f5e5c,Henry,Schultz,Henry Schultz,male,amy51@example.org,(372)861-4933,1965-02-06,Summersborough,Virginia,United States,2025-06-24 21:25:52
166,d4f8fd72-f382-4cfd-8083-b73a473bd358,Brian,Perry,Brian Perry,male,bartonshannon@example.net,001-982-470-8086,1959-05-24,North Paul,Rhode Island,United States,2026-01-19 05:32:56
167,78660765-14f7-4e8d-95bc-b8d04094dded,Stephen,Gordon,Stephen Gordon,male,mbarnes@example.net,001-734-565-4722x69848,1963-02-06,New Jennifer,Utah,United States,2025-06-30 14:37:55
168,fff9f585-0d55-4b61-8a17-5dfebfc00dc8,Tammy,Anderson,Tammy Anderson,female,williambenson@example.com,001-315-287-9968x460,1987-08-06,North Ellen,Illinois,United States,2025-04-30 18:43:44
169,c7fee39f-1190-4938-a66f-d7f739669fa7,Paul,Martin,Paul Martin,male,frances20@example.net,638-205-7198x3863,1987-09-10,Butlermouth,Oklahoma,United States,2024-11-16 04:50:20
170,3f4df561-f319-4125-87f1-94f9c1156d6d,Alexandria,King,Alexandria King,female,ogreer@example.net,001-459-389-3347x212,1987-02-04,South Joshuaview,Florida,United States,2025-02-07 09:49:28
171,2702878b-9f0f-4a8d-8537-9ff6d6d7b3b8,Lauren,Scott,Lauren Scott,female,steven20@example.org,390-494-7985x15832,1992-05-14,Davisbury,Indiana,United States,2026-03-04 15:20:39
172,1d48a071-ab61-47b1-b93b-4c3220500494,Evelyn,Ward,Evelyn Ward,female,stephaniemontgomery@example.com,+1-201-757-3993,1987-08-31,South Jonathanport,Alaska,United States,2026-09-13 06:25:34
173,c4536f1d-4199-4fdf-b310-22f0770c7798,Kelly,Townsend,Kelly Townsend,female,stucker@example.net,358.511.2880,1964-10-08,Houstonborough,Ohio,United States,2026-07-11 02:53:17
174,f6b751f7-9b74-4245-9b1b-c8952af43ab7,Michael,Cherry,Michael Cherry,male,elucas@example.net,+1-520-675-0110x24819,1991-03-28,Hayesfurt,Nevada,United States,2025-06-08 04:05:45
175,f6f7f0cc-29ec-4e49-91bd-b8c0c71d5e60,Alice,Nunez,Alice Nunez,female,maychristine@example.net,001-301-658-1449,1995-04-29,Fostertown,New Mexico,United States,2025-02-03 19:58:26
176,edcb8cb6-0692-4c63-9424-aed51bac5c15,Joseph,Taylor,Joseph Taylor,male,irobles@example.com,+1-824-350-8821x0099,1977-03-24,Lake Judith,Washington,United States,2025-06-29 11:45:09
177,f54ad0a2-e874-46d7-ad66-a1bd93676a02,Daniel,Whitehead,Daniel Whitehead,male,eugenewalker@example.com,612.390.8781,1969-11-16,East Jessicafort,Michigan,United States,2025-07-09 19:26:05
178,32c5bd89-b70b-4420-b104-3785658b2523,Carl,Rios,Carl Rios,male,mitchellchad@example.org,277-759-4929x95562,1969-04-06,Lake Jodi,Nevada,United States,2025-05-08 07:34:45
179,a092f52a-d4a0-47a7-b0cc-1b3b9793b9b4,Sara,Taylor,Sara Taylor,female,natalie77@example.com,001-347-281-2914x28341,2004-10-13,Port Bonniefurt,Wyoming,United States,2026-01-06 16:58:02
180,4d3485c5-c5c1-4eb4-b27b-3d901a16342c,Christy,Johnson,Christy Johnson,female,amy87@example.net,001-225-563-9427x88165,1958-05-01,South Erik,Oregon,United States,2025-12-18 21:24:12
181,c85aca46-90e0-44a0-bbdd-3933cbd58bf6,Mary,Faulkner,Mary Faulkner,female,ccrosby@example.org,001-273-214-5303x85677,1979-11-12,Lake Tanyaview,West Virginia,United States,2025-04-27 22:27:38
182,a9597663-6daa-4e68-8861-fe1858e25888,Lauren,Hudson,Lauren Hudson,female,xvaldez@example.net,+1-218-446-3865x5779,1995-08-18,East Chris,Tennessee,United States,2025-05-11 12:33:43
183,575aed2c-a5c5-450c-8186-a57611a72609,Daniel,Lopez,Daniel Lopez,male,carolyn13@example.com,417-477-3926x03029,2005-07-12,New Dylanburgh,Kentucky,United States,2026-09-21 21:32:57
184,7d7ddbed-d284-476c-ab88-f83dd97dc9cd,Catherine,Mullen,Catherine Mullen,female,johnsjessica@example.com,437-497-7236,2005-04-12,Garymouth,New Jersey,United States,2026-01-11 18:04:52
185,a2b5b498-5cb8-4aed-b5f6-2c976efb63b1,Leslie,Hall,Leslie Hall,female,banderson@example.org,386.929.1279x90881,1953-06-30,Port Erikachester,North Dakota,United States,2025-08-28 04:00:42
186,2d174fc9-6f7c-45ea-a72a-6d8eb5122df8,Jacob,Williams,Jacob Williams,male,zperez@example.com,001-865-699-1624x73149,1961-06-26,Lake Juliatown,Oregon,United States,2025-11-15 06:45:24
187,89c5b31a-eb6c-4016-8ee6-24d09dac6e83,Bruce,Smith,Bruce Smith,male,gwendolynstewart@example.com,726-694-4869,1989-11-07,South Andrea,Oklahoma,United States,2025-10-15 03:44:39
188,bb2488a3-d363-47b6-af81-cf4f7701f7bb,Christopher,Hansen,Christopher Hansen,male,tking@example.net,(262)413-7213x865,1988-09-18,Port Christopherberg,New Mexico,United States,2026-09-24 13:12:28
189,d4aac9a3-3ed8-456c-9a09-dfa052828d80,Kyle,Davis,Kyle Davis,male,jeffrey19@example.org,001-666-598-4902x7703,1940-05-01,New Gavin,Arizona,United States,2025-07-11 19:55:58
190,3e6dd58b-7367-428d-a1b2-94de4767d76c,Cynthia,Smith,Cynthia Smith,female,christopherhill@example.com,(766)793-8011x848,1973-05-23,New Sylvia,New Jersey,United States,2026-09-27 13:00:55
191,6105716b-ab0e-464e-9c3e-b2d591e1aa96,Jared,Smith,Jared Smith,male,richardrodriguez@example.org,745.918.4894x76973,1998-06-18,South Darrenland,Missouri,United States,2026-02-09 14:12:19
192,533420e6-d9d8-4b8d-be8a-dee70758e201,Richard,Robinson,Richard Robinson,male,laurengutierrez@example.com,780.543.4165x18275,1972-05-18,Lake Felicia,Illinois,United States,2025-10-27 23:54:54
193,cc3ebdde-5ad5-4f06-b64d-7c877cd0129d,Nancy,Young,Nancy Young,female,moniqueclark@example.org,295.221.1179,2001-05-25,Christinefort,Oregon,United States,2026-08-11 04:55:05
194,989d9d4a-e15c-4666-8797-b2c957207246,Donald,White,Donald White,male,raymond92@example.org,267.280.8562x71875,1964-06-10,Carpentermouth,Mississippi,United States,2026-01-24 08:54:17
195,f2b43abf-8441-4efd-8299-436a8e485223,Scott,Lopez,Scott Lopez,male,joel79@example.com,(427)563-6556x472,1949-05-08,Lindaside,Nevada,United States,2026-08-01 12:38:42
196,680bac63-b856-4035-bdc9-829015eabb27,Jane,Thomas,Jane Thomas,female,thomassmith@example.com,428.285.7448x9061,1965-01-30,Thomasville,New Hampshire,United States,2026-05-06 18:07:01
197,b0cbc61f-3d85-4e89-8217-14298e200724,George,Ward,George Ward,male,maurice61@example.com,+1-893-699-8245x58771,1998-11-16,Port Gary,Michigan,United States,2025-08-29 01:07:21
198,72bb912d-7da6-4785-b63b-4dc3a559e463,Mark,Duncan,Mark Duncan,male,millermatthew@example.com,244-496-4759x87622,1967-09-10,Shelbyland,Indiana,United States,2025-02-12 01:19:47
199,6786d506-38ba-4abc-8b53-05e517d2582e,Jennifer,Davis,Jennifer Davis,female,bkelley@example.com,411.449.2164x33472,1939-08-25,Lake Michaelmouth,New Mexico,United States,2025-10-03 07:00:39
200,5e781fd7-94e0-43ba-a9f9-48b24e6384bb,Vanessa,Fernandez,Vanessa Fernandez,female,amy28@example.org,001-997-596-8845,1947-12-12,Parkerchester,Kentucky,United States,2025-02-03 08:40:43
201,6cedd15d-5800-4c02-87ea-7ff58db06746,Eric,Smith,Eric Smith,male,mauriceharrison@example.org,001-577-840-6493x085,1995-04-01,Wrightfurt,Missouri,United States,2025-03-25 18:02:03
202,455ac762-7428-4656-b3ee-4d3b5a104129,Dennis,Henderson,Dennis Henderson,male,zacharymarsh@example.net,001-944-984-6312x241,1972-10-17,Lopeztown,Georgia,United States,2024-11-12 23:06:07
203,b8a6171f-1ee3-4dc4-bb04-8a8b405bfdc9,Wayne,Johnson,Wayne Johnson,male,campbelldavid@example.com,001-903-212-0735x6475,1980-09-14,Port Karenberg,Arkansas,United States,2025-04-30 09:52:48
204,892e6161-be2d-440a-9e9b-23bc50c7c006,Patricia,Jones,Patricia Jones,female,qwhite@example.com,3135673037,2000-02-10,Maldonadoport,Massachusetts,United States,2025-02-05 14:37:29
205,7bf47042-bd15-41c8-b764-fbda3108d448,Lori,Williams,Lori Williams,female,kingdanielle@example.org,(803)513-6502x491,1936-12-21,New Kristenfort,Vermont,United States,2026-01-11 12:05:45
206,c29cfc0c-fa02-4aec-96ef-2ad6b97e6703,Christopher,Townsend,Christopher Townsend,male,ericdavis@example.net,500-252-8127x35857,1987-03-04,Jenniferview,Arizona,United States,2025-10-17 08:34:50
207,31b1b099-d527-41e7-99bc-143efb02bebb,Michael,Hansen,Michael Hansen,male,llopez@example.net,(657)749-8218x274,1997-07-23,Port Danafurt,Washington,United States,2025-02-26 12:30:11
208,4d6168bd-2def-4193-9c62-b3a23a3c563e,Stephen,Harvey,Stephen Harvey,male,kimberly35@example.net,686-738-7829,1991-07-14,Danielhaven,Texas,United States,2024-11-26 04:53:44
209,4639447b-2067-4dac-88bd-13d1b540b30e,Amanda,Pace,Amanda Pace,female,morganharris@example.com,610.296.7899,1985-08-14,New Jennifer,Alabama,United States,2026-09-27 22:17:01
210,4ac9778d-8da8-4ee4-8df5-6ac6f96b648a,Tammy,Rios,Tammy Rios,female,mcdonalddanielle@example.com,+1-665-309-4801,1965-02-21,North Jessicaside,Missouri,United States,2025-03-01 13:41:29
211,7daa39f0-c0b6-4ce2-9e53-790aa34b6cf6,Cheryl,Sandoval,Cheryl Sandoval,female,angelagrant@example.net,895-776-1228,1957-04-14,Mahoneymouth,Oklahoma,United States,2025-06-14 13:53:04
212,48ca7651-92f5-4f7b-8323-d342df6a8f93,Sarah,Gutierrez,Sarah Gutierrez,female,umckenzie@example.net,998.836.8457,1935-10-14,West Caitlinhaven,Florida,United States,2026-08-27 22:44:45
213,2f32751e-5738-411d-b0c2-903f7a8d03aa,Eric,Evans,Eric Evans,male,jasonedwards@example.net,488-689-9210x752,1985-09-19,East Jonathan,Maryland,United States,2024-12-15 19:07:44
214,7a4c75d4-dc99-404c-b0e9-8b3b40a26c60,Laura,Carroll,Laura Carroll,female,jessicacummings@example.com,(379)219-4096,1981-04-08,Nicholechester,Nebraska,United States,2026-09-27 22:56:13
215,7de31a51-6694-4343-90ba-58e3d2762bdc,Shawna,Kane,Shawna Kane,female,julieatkinson@example.org,+1-460-248-0589x2583,1989-03-25,Mullinsshire,North Carolina,United States,2024-12-14 09:09:40
216,0db95301-afbb-411a-a123-5a8c93b7a886,Courtney,Roberts,Courtney Roberts,female,vhernandez@example.org,590.986.4168x6227,1989-07-24,New Christina,West Virginia,United States,2025-11-16 14:34:49
217,f2f9e5fa-9016-4161-8fa7-01cd2631d00b,Danielle,Jones,Danielle Jones,female,kmorris@example.org,266-655-3559,1958-10-17,Christinamouth,South Carolina,United States,2025-01-26 16:08:48
218,1e52d770-3f89-4142-be71-6b1415ce6a66,Jeremiah,Glass,Jeremiah Glass,male,jamesbrooks@example.net,310-639-2405,1997-01-04,Johnsonborough,West Virginia,United States,2025-11-27 07:02:31
219,9e50aa42-ca6d-4da1-989b-c4da9b37a22b,Daniel,Payne,Daniel Payne,male,ana92@example.net,001-606-298-0420x439,1999-01-15,North Paulview,Texas,United States,2026-07-29 05:52:14
220,7354ea6f-6160-4459-85c7-504bc693da11,Susan,Ward,Susan Ward,female,smithmichelle@example.net,(936)281-5798x1238,1941-03-03,New Kevin,New York,United States,2025-08-06 23:23:50
221,fd72b050-96a9-454f-9c33-e1f94c1f55ab,Patrick,Smith,Patrick Smith,male,michael43@example.net,304-860-8432x562,2006-08-18,South John,Georgia,United States,2025-09-01 15:46:37
222,0f6b40d0-9efb-458b-9191-b3634e2d6645,Wesley,Browning,Wesley Browning,male,shane23@example.net,(498)432-4826,1978-12-20,New Amandaville,Idaho,United States,2025-06-09 02:20:29
223,a021c0ca-3531-468d-8342-bd2bf295456e,Sara,Thomas,Sara Thomas,female,cannonnicole@example.com,(547)542-3122x09949,1967-03-09,West Christopherfort,Florida,United States,2025-10-30 13:54:08
224,2834e4c0-14c8-43b4-a911-d19243bfd931,Sarah,Harrison,Sarah Harrison,female,jack67@example.com,(523)530-6046,1963-08-07,East Saramouth,South Carolina,United States,2025-10-20 23:05:27
225,2812859a-1337-439e-8d4f-5d272c7f0b79,Melissa,Delacruz,Melissa Delacruz,female,ronaldparsons@example.net,001-965-269-9988x0817,1969-03-14,Terrellton,Oklahoma,United States,2025-08-02 07:30:45
226,980402a2-b07a-4066-b354-35ea68949b8d,Kelli,Mccoy,Kelli Mccoy,female,leescott@example.com,001-347-426-4908x27718,1954-03-05,Gutierrezmouth,Alaska,United States,2025-02-21 08:25:54
227,49c13de7-3b42-46c5-885b-15fb4a8ff810,Jesse,Mosley,Jesse Mosley,male,nicoledavis@example.com,001-421-811-7518x689,1987-07-24,Port Georgemouth,Oregon,United States,2026-08-13 04:12:11
228,1238d630-743b-45a2-9c0f-2fcfb3f6fe0d,Matthew,Hernandez,Matthew Hernandez,male,haroldjoseph@example.com,947-942-1230x9407,1936-07-16,Youngshire,Texas,United States,2025-10-09 21:48:27
229,ca8f3653-c9af-48f8-83b9-da13ec856f37,Jordan,Ramos,Jordan Ramos,female,sanchezamy@example.net,+1-683-702-2050x2099,1947-09-11,North Robertburgh,Hawaii,United States,2026-03-11 10:34:05
230,398d1ca6-8b68-40b5-9d61-fac36cd5e859,Diane,Guerrero,Diane Guerrero,female,tammycurry@example.com,3146556168,1999-11-02,North Heather,Louisiana,United States,2025-06-18 02:47:06
231,246998e8-d39e-498b-8400-7d5ae88da719,Kelsey,Warren,Kelsey Warren,female,cherylrodriguez@example.net,+1-781-479-4695x4899,2003-04-27,Vasquezburgh,South Carolina,United States,2025-04-04 04:08:20
232,4ebfa5c3-cae9-44a7-aa79-ea680f44704f,Michelle,Krause,Michelle Krause,female,wilsonsteven@example.org,001-639-366-0558x3034,1977-08-24,Williammouth,Wyoming,United States,2024-10-10 04:11:18
233,b04d3376-77fc-4703-9fd5-a423706c5c56,Brian,Cook,Brian Cook,male,nramsey@example.org,(435)957-7027,1981-05-14,Bowerschester,West Virginia,United States,2024-11-17 22:13:27
234,45b1ed25-f153-4ae8-a70a-cc5cb321bf21,Russell,Evans,Russell Evans,male,angela03@example.net,+1-455-312-4056x82996,1977-09-18,Jenniferview,Nebraska,United States,2024-12-11 19:55:16
235,0a3450fc-9918-4e46-9497-d6587010f719,Jonathan,Young,Jonathan Young,male,tgallegos@example.org,542.715.0317x80782,2001-07-23,Kimberlyberg,Wyoming,United States,2026-08-13 13:24:15
236,40181c6e-9a8c-4a3c-9283-aac7bc0a6a5d,Brett,Hendrix,Brett Hendrix,male,jamiejohnson@example.com,001-681-204-0915x701,1978-03-29,West James,Maine,United States,2025-05-08 07:00:52
237,ac9ed156-f63f-4e41-ba9a-ca5e176132ed,Kim,Mejia,Kim Mejia,female,nelsoneric@example.org,7986813858,1955-01-09,Audreyburgh,California,United States,2025-06-04 06:23:30
238,d248a9a7-ac1a-4554-83c7-5611ffe3fa49,Lisa,Morgan,Lisa Morgan,female,bwilliams@example.com,+1-601-760-1662x99795,1962-09-22,Port Kathyshire,Florida,United States,2024-12-16 13:58:34
239,c19ad58c-c35b-4c8c-8a4c-9f7f9384ec2b,Robert,Gillespie,Robert Gillespie,male,tdavis@example.net,+1-977-933-2945x6255,1939-11-17,South Danielfort,New Jersey,United States,2026-07-24 08:07:09
240,7135f221-a6c9-437f-84da-d06a7872bdeb,Carolyn,Tate,Carolyn Tate,female,williamsullivan@example.net,858-514-8769,1968-12-03,South Patrick,Michigan,United States,2025-03-16 03:44:01
241,6f962882-95d8-4980-bf37-d19c2e76128b,Robert,Garza,Robert Garza,male,vbradley@example.net,001-332-919-7199x758,1959-09-26,Stephanieland,Rhode Island,United States,2024-12-28 21:02:24
242,5913f9d3-7852-49f4-975b-a98df8140102,Michael,Carlson,Michael Carlson,male,pmurphy@example.net,6138290227,1996-08-13,East Erin,Massachusetts,United States,2025-05-26 05:21:53
243,1ac70ec0-ab8d-4eb4-9230-dfbd5553b2fe,Kelly,Gentry,Kelly Gentry,male,samantha65@example.org,001-209-286-2405,1984-08-26,Port Juliantown,Kansas,United States,2025-09-05 17:39:12
244,7ed70ed7-b194-490b-a961-929e546e035a,Michaela,Long,Michaela Long,female,jennifer66@example.com,+1-832-472-3865,1975-01-07,East Alexander,Tennessee,United States,2024-10-17 14:42:28
245,d045dd1c-6684-49e3-b1f8-343ea99f1318,Charles,Dyer,Charles Dyer,male,iproctor@example.org,(867)996-9278,1988-02-13,Jeremiahchester,Rhode Island,United States,2024-10-11 04:23:54
246,409d3602-5084-4242-968b-1625746f7891,Laura,Bradford,Laura Bradford,female,jenniferadams@example.net,001-950-309-7519,1955-02-05,Stevenland,North Dakota,United States,2026-08-27 15:07:12
247,6778043b-c5c5-437a-b85e-06a11dad09b2,Leonard,Sanchez,Leonard Sanchez,male,suttonamber@example.net,790-658-0778x7956,1975-02-13,North Heather,Rhode Island,United States,2026-05-10 12:11:35
248,764414fd-8ae7-49ed-9e8e-de0ba85c6e4a,Elizabeth,Glover,Elizabeth Glover,female,bryan79@example.org,001-304-690-4712,1970-01-23,New Juan,Kentucky,United States,2024-10-16 10:39:23
249,5c9d927d-84b8-41bb-b005-68d20de051a6,Patrick,Munoz,Patrick Munoz,male,donnawood@example.org,837-828-0512x927,1968-02-22,Barberburgh,Indiana,United States,2025-12-28 04:04:18
250,0d366dfc-c28e-4d70-b129-9889a01ac992,Nicholas,Reed,Nicholas Reed,male,karla10@example.org,867.247.8366x742,1975-01-23,Reyesmouth,North Dakota,United States,2026-03-19 19:37:49
251,ed7bf656-218a-4536-8c99-a894445dcc38,Tina,Davis,Tina Davis,female,stephanie69@example.net,754-441-4967x393,1978-05-24,Lake Alanland,Alabama,United States,2025-08-20 20:07:33
252,7c16128d-b2c0-4394-a17f-29e170286046,Brent,Garcia,Brent Garcia,male,ubell@example.com,330-409-1093x911,1986-12-04,North Heather,Kentucky,United States,2025-05-22 05:03:01
253,9bdf0377-a149-43c2-b920-264c0763fcd0,Julie,Mayer,Julie Mayer,female,rlivingston@example.com,001-654-421-4066x504,1995-09-21,South Tiffanyborough,South Carolina,United States,2025-08-06 09:07:47
254,8d03c91e-4f8d-4238-a88b-78b5b5b453ca,Cassandra,Vasquez,Cassandra Vasquez,female,amberreynolds@example.net,+1-417-241-0119x4707,1940-11-27,Adamsmouth,Montana,United States,2025-12-25 17:57:50
255,3985fb62-17dc-4eff-a872-13f98d605936,April,Zimmerman,April Zimmerman,female,zmendoza@example.net,001-218-330-6719x85546,1985-06-25,Christophermouth,Wisconsin,United States,2026-05-23 18:38:23
256,a5d04d53-1e12-42e3-b272-92b6762172ed,Donna,Harris,Donna Harris,female,poncedonna@example.com,001-561-957-1732x030,1988-09-01,Port Amberport,New York,United States,2025-11-24 03:15:25
257,4ab7706e-b773-40ca-aec2-59dc7f95897c,Traci,Cain,Traci Cain,female,johnsonbrian@example.net,5613387829,1940-10-11,South Desiree,New Mexico,United States,2026-09-10 00:55:59
258,faf14ff0-7b85-479a-95b0-77e06a5d932b,Thomas,Williams,Thomas Williams,male,alexischen@example.com,579-329-1117,1963-05-04,Rogersfurt,Massachusetts,United States,2025-01-07 05:48:50
259,25074181-8d1f-4540-b4ef-f5453e652603,William,Johnston,William Johnston,male,marcoconnell@example.org,001-909-525-1142x62582,1941-04-19,North Kylie,South Dakota,United States,2026-01-24 02:37:49
260,821c1336-9970-4f60-abff-8d1530cbd755,James,Moore,James Moore,male,amiller@example.org,994-867-2324,1968-04-27,New Heather,Rhode Island,United States,2025-02-22 05:20:42
261,c5ce099c-46b8-4659-91df-12d7dd30de89,Michelle,Salazar,Michelle Salazar,female,burtonkimberly@example.com,(508)633-1819x58837,1942-12-25,North Laura,Utah,United States,2026-07-22 19:07:26
262,81fb18b3-c9a7-491f-af2a-e71357021049,Warren,Wells,Warren Wells,male,ernestlivingston@example.org,+1-454-436-4597x0108,1939-09-18,Robertsonland,Kansas,United States,2026-04-18 17:49:17
263,b9de7a3a-4868-42b9-80a8-1de9d20f87d0,Jeremy,Riley,Jeremy Riley,male,rgonzalez@example.com,515.331.3636,1999-11-11,Brownchester,Georgia,United States,2025-03-22 07:30:14
264,ffb8102d-9475-4bc9-9641-8cedd664d264,Timothy,Gibson,Timothy Gibson,male,dbrooks@example.net,654.435.2090,1950-11-18,Ellisburgh,Wisconsin,United States,2025-06-29 06:36:51
265,89e06ab3-7250-4e18-a60a-5962dd81b7f5,Daniel,Phillips,Daniel Phillips,male,kristinelittle@example.net,(998)931-6873,1973-10-02,Lake Ronniebury,Kansas,United States,2025-06-16 15:07:55
266,c34b9fbb-8d4a-45b8-951a-c8ea585a0afa,Jeffrey,Walker,Jeffrey Walker,male,robinvillanueva@example.com,3079806867,2003-03-02,North Angela,Alabama,United States,2026-03-27 19:19:45
267,de9e3757-5260-401e-aecf-67d2749176f4,Nicholas,Dodson,Nicholas Dodson,male,michaelallen@example.org,9744279907,1990-12-05,Port Monica,South Dakota,United States,2025-10-01 00:59:38
268,9261549d-3d22-4c30-b28f-41defb140bc3,Michele,Smith,Michele Smith,female,cruzhannah@example.net,7462498931,2005-10-24,Pamelaville,Missouri,United States,2025-07-16 09:00:03
269,69288e92-c68a-452f-9b23-aa8c3bcabf85,John,Williams,John Williams,male,gregory81@example.net,001-732-653-8179x335,2004-04-17,Ramirezland,Mississippi,United States,2025-06-30 13:22:59
270,b489d070-7914-48a8-bea4-ff31517400f8,Jodi,Mason,Jodi Mason,female,harrisonamanda@example.net,379-451-3711x6241,1973-04-25,Lake Earlberg,Indiana,United States,2025-11-13 20:12:51
271,cada4f80-a9e7-42d4-bd08-b32c62d60e93,Tristan,Johnson,Tristan Johnson,male,imontes@example.org,756.770.4310x3856,2001-12-03,Ellisshire,Florida,United States,2026-09-03 03:04:55
272,2051acef-097a-4e10-b6fe-bc0e7ecddbaf,Rachel,Jackson,Rachel Jackson,female,jeremy54@example.org,(454)472-9284,1956-08-24,East Daryl,Massachusetts,United States,2025-12-25 15:49:07
273,d85480f0-dfca-40b7-99b1-7e80dea4ae17,Cameron,Green,Cameron Green,male,jamiemann@example.net,952-757-8284x10672,1956-12-30,Lake Amyhaven,Michigan,United States,2026-02-20 03:23:42
274,74f93d17-e912-44bf-86a4-bae41986b4b2,Michael,Wells,Michael Wells,male,tara92@example.net,001-575-917-0281x4069,1984-05-26,West Brianborough,Pennsylvania,United States,2025-11-18 07:19:53
275,def57689-68f4-4bce-a4e7-5e8eb8f21423,Courtney,Walls,Courtney Walls,female,james18@example.com,+1-818-763-7599x80562,1988-04-22,Alexanderstad,Minnesota,United States,2025-06-01 17:01:13
276,f81dbaa1-c812-4a8e-b830-89301327f1bc,Vanessa,Sawyer,Vanessa Sawyer,female,lewispamela@example.net,(774)326-6299x12347,1986-11-25,North Robertview,Nebraska,United States,2025-02-18 06:08:07
277,65c17795-b155-46bc-9f8d-ed9756abf2f1,Justin,Page,Justin Page,male,jamescollier@example.com,+1-570-249-4787,1936-02-03,West Kevin,South Dakota,United States,2026-07-15 09:18:40
278,aca2b148-da33-4aa1-941c-dfcdda0d4a5f,Mallory,Martinez,Mallory Martinez,female,robert73@example.org,847-619-5979,2000-07-19,West Williamshire,Alaska,United States,2026-07-23 23:03:21
279,b7fddd71-a075-4927-9110-b492f4427e0b,David,Perkins,David Perkins,male,luisjohns@example.org,(520)445-6504x481,1948-08-15,New Marcus,Massachusetts,United States,2026-07-09 14:58:20
280,9e11d2cd-0930-4ef6-8a80-068ddf547e50,Ryan,Marsh,Ryan Marsh,male,gina51@example.net,001-852-702-8457,1957-12-12,East Ericbury,Illinois,United States,2026-06-14 23:45:25
281,ebc2026f-af34-4f65-a193-c4b23c19e71d,Stephanie,Austin,Stephanie Austin,female,butlersabrina@example.org,(707)454-5279,1977-03-23,Lake Lisabury,Florida,United States,2026-08-01 22:05:11
282,1723199d-bf2c-44a0-ba3c-8a71ff574e2b,Michael,Watts,Michael Watts,male,david21@example.com,001-211-907-6031x089,1951-12-11,Bradleyport,Texas,United States,2024-10-13 09:23:04
283,a23d4c2f-c2a7-4689-9933-918cfa745761,Paul,Patton,Paul Patton,male,brianagonzalez@example.net,(301)324-9552x893,1937-08-30,Lake James,Maine,United States,2025-02-15 19:58:57
284,4ca9cf07-b1aa-4f6a-aa96-e1e27194eae2,Stephanie,Medina,Stephanie Medina,female,glasssamantha@example.net,859.327.1256x6383,1978-07-13,South Danielberg,New York,United States,2026-05-20 11:42:16
285,0e5dd462-cbd0-4ef2-930a-37df0bc61066,Heather,Roberts,Heather Roberts,female,millertristan@example.com,779-447-3864x6317,1937-07-01,Powersfurt,New Hampshire,United States,2025-11-15 09:01:34
286,25440fe0-6e41-4d47-9ff5-95ea5bc440f1,Matthew,Miller,Matthew Miller,male,ralphneal@example.org,001-621-653-5396x1367,1990-03-25,Thomasfurt,New York,United States,2025-11-06 15:21:03
287,ae8a7813-90e0-495b-a97c-392387fa841a,Diana,Tate,Diana Tate,female,martineztracy@example.org,+1-620-310-1702x6952,1946-03-04,Sparksborough,Maine,United States,2026-03-03 16:12:20
288,9c07a751-1437-4509-acd1-586a2b840c67,Kathleen,Wagner,Kathleen Wagner,female,lisa88@example.org,001-606-416-7567x70028,2002-08-25,Taylorfurt,New York,United States,2026-05-21 20:05:35
289,7f671eec-3da7-4577-aee1-e86b9ea556aa,Brian,Leonard,Brian Leonard,male,kalvarez@example.net,7642796954,1939-08-04,East Marystad,West Virginia,United States,2026-01-01 23:49:36
290,4104a8b5-a34d-47c5-b60d-ebbb3b70b3a1,Alyssa,Vance,Alyssa Vance,female,oscar65@example.com,(250)733-3491x14152,1940-11-05,Barrettchester,Oregon,United States,2025-11-09 05:42:42
291,e61ede90-0267-4eb3-aab6-12c9415d174a,Steven,Adams,Steven Adams,male,uchapman@example.com,001-965-791-7135,1958-06-09,Michaelchester,Illinois,United States,2025-10-26 09:44:40
292,8beddb12-ad77-482f-89a2-3a89e6b5a92c,Mark,Dickson,Mark Dickson,male,pittmanamanda@example.com,604-396-3919x195,2008-01-14,Simmonsstad,California,United States,2026-02-23 11:25:11
293,5876fd09-f1fa-4665-b115-33f312e89d10,Samantha,Wagner,Samantha Wagner,female,ryan85@example.org,(964)698-7820x82973,2008-04-05,Michaelton,North Dakota,United States,2025-03-10 06:14:37
294,b0b862ef-6c9f-42b9-b647-8986a3917c99,Jackson,Hernandez,Jackson Hernandez,male,juliecannon@example.com,(451)536-4424x93631,1939-07-13,Port Margaret,New Jersey,United States,2025-10-17 10:04:34
295,32ffe294-4d57-4880-9865-d69a74f33103,Justin,Graham,Justin Graham,male,harrisjoseph@example.org,348-820-7001x594,1985-03-22,South Sherryberg,Kansas,United States,2024-12-31 08:27:49
296,3cb98350-1b4d-40fe-bbb3-8605da743152,Kenneth,Mason,Kenneth Mason,male,boydmaria@example.net,571-439-1559x636,1950-04-18,East Tara,New Hampshire,United States,2025-08-18 14:33:55
297,4bbe4aff-9326-4ffd-9be4-bf5192698698,David,Lawrence,David Lawrence,male,sferguson@example.org,286-573-4257x54090,1970-03-10,Parkerstad,Utah,United States,2025-01-08 05:08:25
298,a881bfd3-d47d-477b-ba5a-91ca059dd55d,Joseph,Young,Joseph Young,male,zprice@example.com,913-843-2756x0417,1981-01-15,Mcdowellville,Hawaii,United States,2026-03-31 22:32:42
299,dd750e98-90e0-495f-8212-b554464458b4,Dean,Jones,Dean Jones,male,jguzman@example.net,370-402-7206x34591,1969-09-23,Port Brooke,Nebraska,United States,2026-06-13 01:48:59
300,7f2984f5-bec3-4a37-9b3d-74bde91e314e,Teresa,Hayes,Teresa Hayes,female,jorgemcdaniel@example.com,531-365-2669x3008,1998-09-11,West Jacqueline,Hawaii,United States,2024-11-13 01:54:54
301,9b689c88-3ae9-49fe-8c82-18dac696f5e6,James,Patterson,James Patterson,male,edward52@example.net,508-667-7133,1974-12-13,Reyeschester,Indiana,United States,2026-01-14 12:14:50
302,9ef2b93e-30ac-4d7b-a2f9-63a33810ae66,Daniel,Holloway,Daniel Holloway,male,robertortiz@example.org,9443397359,1937-03-01,Andersonmouth,Vermont,United States,2025-08-10 04:51:01
303,c478f6f1-b88e-4318-816d-83edad81f8bd,Michael,Reeves,Michael Reeves,male,qfitzgerald@example.org,280-205-3759,1970-04-13,Turnerfurt,Texas,United States,2025-07-20 11:59:35
304,a0a11839-e745-4704-98df-bc3ca0d4de3d,Brandi,Mcclain,Brandi Mcclain,female,carpenterjorge@example.net,457.921.5862x4150,1974-01-01,Saraport,Kentucky,United States,2026-01-24 11:45:57
305,088a93ec-70d9-49f8-89e2-60744f1639a0,Sandra,Mcintosh,Sandra Mcintosh,female,ryan25@example.net,428.970.3203x2074,1995-02-27,South Billystad,Virginia,United States,2025-12-15 00:58:45
306,e8dd5e5a-1712-4b16-a1a4-344fbb7bee03,John,Vasquez,John Vasquez,male,daviddavis@example.com,(428)849-9390,1946-03-20,Port Tyler,Connecticut,United States,2026-08-25 15:37:34
307,2cf6bf75-6a5e-4920-bf5a-e7e653a3dd5a,Gary,Mitchell,Gary Mitchell,male,longbrittany@example.org,720-417-7749x05097,1964-07-11,Port Dawnmouth,Arkansas,United States,2026-05-06 03:19:48
308,e05fb8bc-8a16-406c-8958-e75e21d53971,Andrea,Crane,Andrea Crane,female,qdavis@example.org,461.303.2664,1976-05-22,Owenport,Utah,United States,2026-01-17 04:12:08
309,45c45a3e-e9da-484a-8075-9f1f87e5f0fe,Carlos,Wade,Carlos Wade,male,william77@example.com,249.796.1659x2661,1998-11-04,Lake Gina,Georgia,United States,2026-09-28 06:47:42
310,f1b64afe-d31e-4f1a-a9ff-1cae41c8ca8c,Kathleen,Soto,Kathleen Soto,female,robertssamuel@example.com,322-843-8649x0810,1991-12-21,South Donnashire,Kentucky,United States,2025-07-08 12:06:14
311,bf1e8366-4b8e-43d4-8e76-07adf7a67b94,David,Miller,David Miller,male,wilsondorothy@example.org,(960)616-4597,1982-03-19,East Jacob,West Virginia,United States,2026-01-17 14:15:18
312,f6802cdb-77e4-40c7-9d7b-c313cde22f1c,David,Nunez,David Nunez,male,aferguson@example.com,702-877-6974,1976-12-13,East Derekborough,Delaware,United States,2026-07-01 04:38:36
313,39c1e262-f76c-4ede-8110-12662408a6dc,Alexis,Waller,Alexis Waller,female,clarkdeborah@example.net,868.231.4727,1951-08-11,East Joanne,New Hampshire,United States,2025-10-17 03:49:18
314,8eac0a33-cdf9-44a7-9882-b5c1f79efd70,John,Heath,John Heath,male,jameshudson@example.com,6502166799,2002-02-08,Tuckershire,Washington,United States,2026-01-23 08:59:30
315,03902c5d-6502-46a2-8a6a-2224171e16cc,Timothy,Stein,Timothy Stein,male,dhall@example.net,3699581467,1982-12-14,Terrytown,Hawaii,United States,2025-05-17 02:48:12
316,5e5ba13d-746c-4b77-9fa3-82e8895ccd99,Nicholas,Harrison,Nicholas Harrison,male,ohall@example.net,+1-359-972-4665x72934,1953-04-30,East Eric,New York,United States,2024-12-22 18:52:30
317,a377f6f1-d289-40ab-a18a-e30595a5bafa,Ricky,Hahn,Ricky Hahn,male,ntorres@example.net,3057452280,1994-05-14,New Jeremyside,Iowa,United States,2025-10-18 04:23:58
318,78b2b549-3bdb-409e-acc2-16a01bbc91f7,David,Peterson,David Peterson,male,kayla84@example.org,001-289-310-7711x991,1958-06-29,Port Jamiestad,Hawaii,United States,2026-04-24 03:18:28
319,8fb864e4-f173-4856-a25d-36eb9e9a9f83,Dorothy,Alexander,Dorothy Alexander,female,goconnor@example.org,+1-455-321-3760x3754,1971-12-18,Jenniferchester,Mississippi,United States,2026-02-06 07:30:46
320,a5cc8bf7-38ab-454c-9c2e-58deea4e3617,Maurice,Hernandez,Maurice Hernandez,male,icobb@example.com,(867)485-0720x81155,1994-11-01,South Katherineberg,Oregon,United States,2024-11-19 07:32:47
321,e8cda0cc-76da-4ca0-92e8-2f38a2a9d4d8,Vanessa,Whitney,Vanessa Whitney,female,robert84@example.net,001-955-704-8926x7389,1990-10-24,West Christopher,Ohio,United States,2025-06-22 05:17:36
322,23c86d30-1dde-4969-a886-13dba6348e78,James,Higgins,James Higgins,male,abigailfernandez@example.org,688-548-5200,1977-02-15,Benitezville,Washington,United States,2024-11-20 23:21:46
323,fef518a6-4dea-4645-8986-bbebf23e323d,Sarah,Green,Sarah Green,female,david17@example.com,001-507-753-9989,1976-06-24,Elizabethshire,Utah,United States,2025-01-22 03:09:03
324,e3236d1a-3c1b-4acc-98e1-93311dba1267,Miguel,Stone,Miguel Stone,male,danielblack@example.org,001-957-312-6611x06273,1986-01-07,Chapmanhaven,Wyoming,United States,2025-08-08 01:10:19
325,aba4fc03-5efa-4c5b-b421-ff46637e4b01,Shelby,Silva,Shelby Silva,female,sbarajas@example.com,001-962-928-2772x8813,1940-03-12,New Mike,Delaware,United States,2026-01-15 16:32:02
326,278ed00d-ba02-46ef-be05-5787965befdf,Samuel,Rodriguez,Samuel Rodriguez,male,ashley08@example.org,454-854-4702,1942-05-19,Pamelaborough,Idaho,United States,2026-07-03 15:29:28
327,7d45d8ef-d56c-48ea-9959-7b5aa7a8f636,Patrick,Smith,Patrick Smith,male,carlos06@example.com,001-449-975-6792,1996-12-29,Hernandezmouth,Colorado,United States,2026-06-18 15:27:45
328,08601833-479d-4cda-b396-ea37f065c817,Mario,Hanson,Mario Hanson,male,zhall@example.com,+1-307-341-2094,1961-12-12,New Aimeefort,North Carolina,United States,2026-09-02 00:39:19
329,f3579560-71d7-4665-b181-8dcf379efc6e,Albert,Barrett,Albert Barrett,male,suzannehill@example.org,297.918.9569,1938-12-04,Samuelchester,Alaska,United States,2026-08-04 02:54:04
330,fb1e143b-196f-4dfa-9cd8-fe1adafec8a9,Kelsey,Reyes,Kelsey Reyes,female,wilsoncory@example.org,222-241-2462x0952,1976-04-26,Garciaberg,Nebraska,United States,2026-08-30 00:49:31
331,a5135ea0-fa53-434d-a6d5-901d8b621d41,Frederick,Bennett,Frederick Bennett,male,williamsjohn@example.net,001-737-988-6140,1991-02-28,South Anthonybury,Alaska,United States,2025-05-02 11:23:40
332,30974b2b-46a0-4a9b-a5ec-7acd0f8035f5,Julian,Willis,Julian Willis,male,sanchezangela@example.org,896-971-8325x8238,1941-06-12,Port Stevenport,Tennessee,United States,2025-02-12 10:06:50
333,74685b98-d2fe-4fde-9918-b3e5f2f25eef,April,Mahoney,April Mahoney,female,qnelson@example.net,(853)398-4028x9141,1954-10-07,Natalieborough,South Carolina,United States,2025-11-01 12:25:29
334,a3b5cece-a446-4e72-b64c-911aa9ab364a,Tina,Flores,Tina Flores,female,cynthia74@example.org,+1-455-837-9502x09700,2002-04-23,Medinaland,Ohio,United States,2024-10-29 10:47:48
335,3e5a87e3-5560-4b22-896b-5edb0cf2b69b,Stephanie,Cabrera,Stephanie Cabrera,female,wchambers@example.com,+1-256-620-1753x703,1984-06-16,North Lisa,South Dakota,United States,2025-05-28 21:33:02
336,11906f50-3488-4a46-9088-2eafc9776598,Rhonda,Walker,Rhonda Walker,female,ccoffey@example.com,593.403.6149x8728,1944-08-27,Lake Calvin,Kentucky,United States,2026-09-30 12:46:35
337,dea45c19-d024-4d72-b748-967f961d33ba,Laura,Perez,Laura Perez,female,james08@example.net,987-906-0566x418,1984-12-14,Lake Jeffreyview,Nebraska,United States,2025-11-22 22:44:25
338,c9e48e8c-25c6-4c45-863d-04ee541c7a86,Joann,Smith,Joann Smith,female,matthewbeard@example.org,001-836-213-3254x1107,1981-04-04,Johnfort,Kansas,United States,2025-06-27 02:54:08
339,250a4578-fbe9-4499-9bc0-80fd46fb7bf3,Sandra,Underwood,Sandra Underwood,female,sherryparsons@example.net,217.991.1006x512,1943-03-20,Cherylchester,California,United States,2024-12-23 12:05:49
340,2cabd7e7-cc6b-46e5-802a-df9c8a4b8f7c,Megan,Hansen,Megan Hansen,female,melissa61@example.net,001-263-999-0767x69915,2006-02-24,Brianaville,Connecticut,United States,2024-10-14 22:58:08
341,21bddb41-0699-4731-9dcf-8766a93b12cd,Linda,Jones,Linda Jones,female,rebeccamartinez@example.net,656-879-7232x002,2005-08-05,Larryside,Wyoming,United States,2025-01-26 12:32:03
342,3ce915e7-c9d6-463b-8a3c-6f5f5bb5c40c,Brittany,Parker,Brittany Parker,female,kelly08@example.net,+1-520-938-8065x33315,1999-05-16,Melissashire,Michigan,United States,2026-01-26 22:53:17
343,0d6a05b3-43ef-4016-ac9b-662e040a3aae,Elijah,Murphy,Elijah Murphy,male,gibsonkristina@example.org,830.433.7933x7563,1936-09-03,Alejandrostad,Alaska,United States,2025-12-10 06:05:39
344,1d181ee9-86ad-4a8c-abc4-123ebde13c1b,Ashley,Roberts,Ashley Roberts,female,crystaldurham@example.com,7035342342,1960-01-22,North Gregory,Kentucky,United States,2026-09-12 17:37:12
345,5cae9610-c72c-4fe3-b2c2-2a1679eb4168,Ashley,Decker,Ashley Decker,female,nicholascobb@example.org,434-573-5528x96112,1961-11-05,Bensonmouth,Rhode Island,United States,2025-09-04 01:06:08
346,f206c269-38b7-4c07-80fb-929673b6a09b,Vanessa,Sanchez,Vanessa Sanchez,female,hinesbrenda@example.net,325-430-4289x7317,2004-12-24,Potterhaven,Mississippi,United States,2025-10-27 16:14:35
347,ddf275eb-e8a3-4341-8881-9065ba2c98ce,Kelly,White,Kelly White,female,alicia77@example.com,696-890-3337x363,1987-01-29,Port Neil,Oklahoma,United States,2024-12-10 05:54:50
348,07f97d05-f6ca-4b8b-a4b1-f99175424646,Chad,Miller,Chad Miller,male,ostone@example.net,8787956776,2003-06-22,Joshuatown,Idaho,United States,2025-09-13 11:33:49
349,66d06371-d8e8-4ebb-ba9e-8eefffa361be,Cynthia,Brewer,Cynthia Brewer,female,rachel48@example.net,+1-514-731-1150,1962-07-10,Johnview,Illinois,United States,2026-04-06 12:01:31
350,b65feea9-7d82-4264-9ba3-62e7afa415e5,Larry,Taylor,Larry Taylor,male,alan44@example.com,(969)907-8263x3373,1982-02-14,West Meganchester,Wyoming,United States,2026-03-31 12:27:41
351,5275eb94-14ae-4f5c-a636-58c912d0498d,Jason,Gonzales,Jason Gonzales,male,brooksbarbara@example.org,207-255-3666x8459,1954-09-11,West Ashley,Rhode Island,United States,2026-09-15 03:28:07
352,9fd34579-4667-42ce-a04e-178c10d08d11,Lisa,Camacho,Lisa Camacho,female,zharris@example.org,+1-363-471-5974,1949-12-15,North Margaret,Rhode Island,United States,2025-10-19 22:18:21
353,87d292a6-98ee-4c2b-be9f-ecaa6182f347,Alexander,Gonzalez,Alexander Gonzalez,male,ocampbell@example.com,+1-481-870-5802x56621,2000-11-05,South Stephanieborough,Florida,United States,2026-08-12 12:14:24
354,6e218b09-9afd-4015-816b-cb9f7426b193,Daniel,Reynolds,Daniel Reynolds,male,kmoore@example.com,001-338-874-3027,1969-05-09,Reneefort,New Jersey,United States,2025-09-29 19:09:42
355,da509fed-1d4a-4d81-b3a7-d0e0cb08587d,Laura,Mclaughlin,Laura Mclaughlin,female,debbie75@example.net,001-446-392-6329x676,1989-04-27,East Nicoleburgh,Louisiana,United States,2026-08-21 21:55:35
356,3a7e8e14-e359-4ee1-b399-1a476e191042,Lori,Carter,Lori Carter,female,wolfejennifer@example.org,568.215.1185x6724,1998-08-29,North Daniellemouth,Missouri,United States,2025-06-29 08:08:14
357,66132e69-7418-4109-93d1-bf0f56c438e4,Patrick,Foley,Patrick Foley,male,qjohnson@example.org,001-925-677-7118x372,1957-09-20,Port Andrew,Connecticut,United States,2025-02-20 01:49:23
358,6d4067f4-5003-4b35-9857-8bafbac7e2b9,Edward,Nichols,Edward Nichols,male,qjackson@example.org,+1-842-675-2308x37081,1996-03-08,New Adamfurt,Wyoming,United States,2025-03-11 02:33:47
359,f41ea3ac-5fd2-4109-8140-752caa448259,Timothy,Brooks,Timothy Brooks,male,jamessmith@example.org,8533131220,1980-04-13,Annaborough,South Carolina,United States,2025-03-15 06:52:37
360,112fa612-7969-4ed2-ac48-bf55afd380c4,Taylor,Foster,Taylor Foster,female,nmartinez@example.org,(652)706-5063x731,1941-09-27,East Robertfort,Connecticut,United States,2026-04-11 20:26:09
361,6e8f75a1-17dd-4d81-95da-705cd4ef00aa,Kimberly,Mooney,Kimberly Mooney,female,johnathandavis@example.com,+1-862-552-5715x0997,2004-04-10,East Andrewville,Maryland,United States,2025-04-07 00:38:24
362,cfd01cbd-5f65-48ce-bd21-bc11be9d61ee,Nancy,Todd,Nancy Todd,female,brownnicholas@example.com,426.630.3975,1978-12-22,New Latoyachester,Tennessee,United States,2026-06-28 15:54:57
363,f4e559e5-9622-4348-8f5a-e9d38e6e5003,Donna,Johnson,Donna Johnson,female,matthew38@example.org,+1-233-496-8527x01713,1963-07-21,North Glenn,Oklahoma,United States,2026-07-13 00:58:24
364,5a856750-692a-4139-9f4a-8ca1ab85fd59,Robert,Harris,Robert Harris,male,simmonsstuart@example.org,001-933-362-9344x9734,1984-09-11,Grayfort,New Hampshire,United States,2025-08-29 17:32:28
365,0d2b91ef-b897-4ec5-aa74-bb18de3b496f,Jonathan,Moss,Jonathan Moss,male,lorileon@example.org,001-966-614-9828x24674,1986-10-25,Jonesberg,Virginia,United States,2025-10-04 21:30:19
366,1a85910d-5a05-4c11-8ffc-a6b199b479d4,Craig,Hendricks,Craig Hendricks,male,smithvincent@example.net,(276)366-5674x916,1988-02-18,East Kathryn,Kentucky,United States,2026-05-27 11:24:54
367,39681c81-7b70-43b8-a81f-dec3279c658a,Susan,Bowen,Susan Bowen,female,xreid@example.net,4666337050,1997-09-30,West John,Pennsylvania,United States,2026-03-04 01:44:22
368,5e187b24-8e67-4a01-986a-646059a1120e,Sarah,Smith,Sarah Smith,female,newmansabrina@example.com,001-891-683-6264x488,1991-10-12,North Daisystad,Georgia,United States,2025-05-02 08:48:52
369,39e58ff0-92f8-47d4-8750-3f1dc33a1f6c,Nicole,Conrad,Nicole Conrad,female,ahale@example.org,401.516.8646x2252,2001-12-19,New Stacy,New Hampshire,United States,2025-12-19 21:15:24
370,c4767556-f97b-42dd-8f9b-72aed85c16bd,Robert,Lopez,Robert Lopez,male,bradylisa@example.org,367-791-2141x614,1939-10-18,South Todd,Wisconsin,United States,2024-12-22 17:06:43
371,d4578ad9-a867-4096-add8-77c89be71737,Alexandra,Adams,Alexandra Adams,female,ortegakristina@example.org,938-706-9847,1994-03-17,Nathanmouth,Massachusetts,United States,2026-07-01 21:01:43
372,b3e4110a-45f5-4c52-ae2f-bf77076979d6,David,Ward,David Ward,male,dgray@example.com,910-876-2091x84357,1961-05-03,Lake Susanmouth,Alaska,United States,2026-02-09 16:21:30
373,01902620-59dc-4bd0-96fe-bfb9ebe9e207,Isaac,Williams,Isaac Williams,male,erica39@example.com,(291)456-7164x9328,2003-07-11,West Marisaside,New Jersey,United States,2025-02-12 22:37:31
374,a847bce7-90fa-4b57-a4ac-2130deaf528d,Stephanie,Friedman,Stephanie Friedman,female,pbates@example.org,621.516.0256,1970-10-27,Lynnville,Texas,United States,2025-01-18 20:34:35
375,a2178f84-bdb0-45ff-a451-e5a411d059b2,Thomas,Schultz,Thomas Schultz,male,sdavis@example.com,599.515.6686,1971-01-08,West Christopherland,Michigan,United States,2026-05-03 15:19:40
376,3712f2d1-87cd-46a1-bf01-2e32177d6e7e,Leslie,Lopez,Leslie Lopez,female,berrydavid@example.com,(590)340-9836x6552,1989-07-24,New Melissamouth,Georgia,United States,2026-07-01 07:59:38
377,284bf962-5744-4596-b422-21676b7a2460,Tommy,Hood,Tommy Hood,male,jfrazier@example.net,620-895-4814x9737,1943-10-06,Ericborough,Washington,United States,2026-10-01 04:59:06
378,c6deb2f0-530a-41c7-b8ba-83684fc77768,Robert,Graves,Robert Graves,male,leblanckimberly@example.com,001-364-620-8656x7566,1974-03-10,Lake Melissa,Montana,United States,2024-12-20 00:03:41
379,284c03d2-27d4-45b6-8d77-c5a0e222b6a6,Bonnie,Goodwin,Bonnie Goodwin,female,hornjenna@example.com,+1-329-427-7423x3305,1987-01-03,Sheltonburgh,Arkansas,United States,2024-12-19 00:21:10
380,716fda0a-45a8-4829-94e2-86e5ac8936bc,Heather,Wells,Heather Wells,female,wilsonzachary@example.com,001-962-663-0136,1959-03-27,Parsonsland,Wyoming,United States,2025-09-30 13:23:56
381,6a07f213-7129-4ec7-9b69-554d7c54535f,Sean,Santos,Sean Santos,male,cynthia75@example.org,911-617-8309,1948-08-17,South Todd,Tennessee,United States,2026-04-04 05:51:36
382,1d2324e6-8329-40b7-8143-f426372f871a,Jeffrey,Duncan,Jeffrey Duncan,male,nguyenjennifer@example.net,(360)568-8871,1951-09-23,Port Carol,Idaho,United States,2024-10-09 13:08:23
383,ad9fb00d-4882-473c-9c63-45ab6e0ed1e8,Justin,Mcbride,Justin Mcbride,male,williamsbailey@example.net,(718)440-1184,1993-05-02,East Kevinhaven,Maine,United States,2026-03-01 09:28:52
384,0ba078e8-4ef4-42c1-aac9-331686e52753,Joseph,Taylor,Joseph Taylor,male,hneal@example.com,+1-488-531-0303x243,1984-08-17,Davidchester,California,United States,2025-12-06 11:48:51
385,0e0630cd-996d-4c50-bc04-a168652ffb49,Dawn,James,Dawn James,female,ricardomiller@example.com,+1-462-783-1435x98926,1994-10-10,Johnsonbury,California,United States,2025-05-03 05:23:33
386,36136e15-f200-4261-8d29-d1ab345512f7,Belinda,Rodriguez,Belinda Rodriguez,female,ojones@example.org,(354)423-4016x361,2007-05-31,Briannafort,Connecticut,United States,2025-11-20 06:25:28
387,53ffd3a2-4a19-4501-8169-b9fcc3a00c6f,Hannah,Armstrong,Hannah Armstrong,female,andrea91@example.org,(956)425-8896,1971-01-06,Lake Williamberg,Texas,United States,2025-01-11 13:34:13
388,6e3f683a-bf3c-4140-bf54-a51101fa964e,Brenda,Bradley,Brenda Bradley,female,brian53@example.net,+1-567-627-5784x468,1947-08-04,Richardmouth,Colorado,United States,2026-02-10 09:07:27
389,b423ccde-8857-4117-a155-46672112507c,Angela,Blair,Angela Blair,female,martinbrian@example.net,287-506-8277x8816,1936-10-01,Parkstad,Kansas,United States,2026-05-02 09:32:15
390,ab05347f-d556-437d-8f08-81ee8011316b,Mary,Knapp,Mary Knapp,female,lawsontami@example.net,001-783-321-5285x06762,1981-10-03,Port Amber,Wyoming,United States,2026-08-02 16:33:33
391,bdf66ba5-dc9c-46de-a5a6-74c212738a23,Bruce,Evans,Bruce Evans,male,joseph09@example.com,248.907.9705,1980-06-22,Michaeltown,Minnesota,United States,2026-08-27 20:21:16
392,ebd14d2c-75b2-4455-84cc-3ede6fac1673,Miranda,Morales,Miranda Morales,female,garciatravis@example.org,782.861.7024x37654,1960-07-21,Danielmouth,Texas,United States,2026-07-19 08:39:01
393,6de59332-9364-43d0-9024-bdc6dcb33df3,Jessica,Taylor,Jessica Taylor,female,tsmith@example.org,434-502-6650,2000-12-27,Davidfort,Oklahoma,United States,2025-10-25 07:56:34
394,4a1dab32-6aed-4dc7-a3e0-5309b5a1b949,Robert,Klein,Robert Klein,male,karen68@example.net,001-762-811-0225x8030,1936-11-07,Castilloport,New York,United States,2024-12-08 13:56:47
395,532401fc-f758-4ce2-8556-daea67b03283,Paige,Wright,Paige Wright,female,jessicalopez@example.com,001-514-336-3718x92392,1953-10-06,Johnsonborough,Georgia,United States,2025-09-01 12:45:24
396,75c8e90d-9e3d-450d-b296-d9f0cd2372c2,Alicia,Gonzalez,Alicia Gonzalez,female,jamesalicia@example.net,+1-733-656-7086x0414,1983-07-14,Wrightton,Idaho,United States,2024-11-06 04:07:19
397,1b19d8b8-d830-4081-afcc-57dd168fae12,Aaron,Guerrero,Aaron Guerrero,male,jason74@example.net,362-247-5541,1953-06-29,Michaelstad,West Virginia,United States,2026-06-02 07:55:56
398,862268d1-6683-4107-96c0-44d06f887f28,Leah,Jacobs,Leah Jacobs,female,debraclark@example.com,912-391-0933,1945-12-13,Kevinfort,Wisconsin,United States,2025-03-11 07:25:47
399,beed10b6-4f6e-474b-9eda-b0276550f74a,Kim,Hernandez,Kim Hernandez,female,jamespierce@example.com,001-685-457-1617x68802,1975-03-07,New Bruceborough,West Virginia,United States,2026-06-30 01:53:54
400,2b0abedd-c774-44cb-9543-fc3c38b8f24e,James,Cohen,James Cohen,male,martinkaren@example.com,+1-566-294-3202,2005-07-20,Gordonhaven,Kentucky,United States,2025-05-29 01:52:07
401,87d5b7be-1d30-4990-a21b-030782af085c,Sarah,Phillips,Sarah Phillips,female,andrea23@example.org,+1-534-502-4240,2008-07-07,North Deborahstad,Massachusetts,United States,2024-12-09 01:42:50
402,59e1ac09-5970-4859-86b6-e4ade7ea8d5a,Theresa,Henson,Theresa Henson,female,jennifer69@example.com,500-953-4240x89164,1965-10-15,Josephshire,South Dakota,United States,2026-06-24 19:07:37
403,4187222b-257d-4e52-9a51-65ca3c7c1d85,Shannon,Foster,Shannon Foster,female,uhall@example.com,(427)617-2722x397,1938-08-16,Frankburgh,Montana,United States,2026-03-23 07:20:22
404,c29d782b-2722-496e-9a36-d1ec2c6a6e9a,Lisa,Jones,Lisa Jones,female,simmonsspencer@example.net,(418)520-9166x0100,1947-02-19,Douglastown,Alabama,United States,2026-06-12 07:31:06
405,a0c14035-c5d9-4f51-b387-e1bd2d5972c6,Ashley,Fitzgerald,Ashley Fitzgerald,female,melissa13@example.org,397.224.5723x0848,1941-10-26,New Kennethhaven,Nebraska,United States,2025-01-23 13:53:23
406,c2874f06-9050-47ef-8123-5c9176c5a0dc,Aaron,Walker,Aaron Walker,male,ronaldhernandez@example.net,736-317-2131x4519,1984-10-27,North Cassandraburgh,Nevada,United States,2025-11-21 10:46:09
407,9082889b-e1cd-487f-ac95-5f87ae5ec365,George,White,George White,male,qhernandez@example.net,794-451-4754x1022,1988-12-01,Griffithfort,California,United States,2025-01-01 07:25:25
408,50ee7a92-a091-41e0-b891-b0c3dd3f487e,Kenneth,Moyer,Kenneth Moyer,male,duane52@example.org,001-965-957-6769x52366,2008-03-24,South Christopher,Virginia,United States,2025-08-29 01:34:30
409,71348c2a-780b-4657-917b-355b70944bdb,Kelsey,Frank,Kelsey Frank,female,jacquelineyoung@example.org,705.487.2105,1975-11-13,Thomasside,Nebraska,United States,2025-04-11 18:22:21
410,0e614bcd-9767-4900-8651-0367cbdc4318,Daniel,Walker,Daniel Walker,male,daviddominguez@example.org,(706)450-1917x9202,1946-07-05,North Alexander,Nebraska,United States,2025-01-29 16:49:28
411,7634c169-4f76-4388-92fe-28bf81e0d489,Preston,Harrison,Preston Harrison,male,kaitlinhale@example.com,465.270.4120x0928,1989-09-15,Fraziermouth,Oklahoma,United States,2026-04-10 23:28:35
412,d4ea120a-5e65-4654-8e90-58b609a0a0f6,Ronald,Ellison,Ronald Ellison,male,jenna62@example.com,886-423-6903,1946-04-08,Woodsfurt,Missouri,United States,2025-02-10 10:26:31
413,fa34d2e8-dd3f-4d7e-a508-dc9513a4a492,Anthony,Watson,Anthony Watson,male,glee@example.org,359-350-3428,1964-08-07,Port Reneeborough,Oklahoma,United States,2025-03-11 02:20:13
414,626d719d-81cf-4252-9815-9d6c9d713084,Margaret,Johnson,Margaret Johnson,female,christopher99@example.org,001-670-805-1405,2003-11-02,West Karen,Washington,United States,2025-07-08 19:10:52
415,cab4923b-f448-4385-8de7-ad6c949077c2,William,Park,William Park,male,riverapeggy@example.net,682-409-6790,1956-05-19,Millerland,Virginia,United States,2025-04-03 06:40:20
416,925817b7-cf50-4889-a8b7-7f7b7321bf6b,Stacey,Aguirre,Stacey Aguirre,female,kaylamartin@example.net,598.357.2545x96063,1956-07-01,Davistown,Georgia,United States,2026-05-23 15:05:00
417,80599b93-79c2-42e4-9ae1-a991524f93ff,Sheila,Payne,Sheila Payne,female,portershawn@example.org,621-949-5511x2747,1954-11-15,New Tracystad,Maine,United States,2025-08-12 19:56:31
418,1a7f195b-7355-4b9d-8fd6-f47ef52d4af2,Jennifer,Harvey,Jennifer Harvey,female,scotthunt@example.net,351-668-7409x03802,1986-11-28,New Reginald,California,United States,2025-03-27 15:52:14
419,812a1f9b-1596-4802-b6dd-6257fb7d9f1c,James,Ford,James Ford,male,baileytaylor@example.net,711.921.6636x515,1964-09-12,Wilsonmouth,Arizona,United States,2025-12-02 18:56:37
420,7010ed13-b526-422d-bf6c-21f70a0537f0,Brittney,Harrison,Brittney Harrison,female,lukejohnson@example.net,001-360-456-7303x06442,1945-03-08,Richardport,Virginia,United States,2025-09-21 00:59:21
421,28a39779-9c1c-4517-85d2-d0a686295b5d,Seth,Warren,Seth Warren,male,jack01@example.com,242-535-6778x26596,1946-05-07,West Elizabeth,Washington,United States,2026-05-05 09:21:59
422,632dbb5e-486b-46bf-aafd-e7d95f733a3e,Roger,Quinn,Roger Quinn,male,hernandezstephen@example.org,551.564.8072x7910,1992-12-11,New Nicholas,Minnesota,United States,2025-03-17 08:09:37
423,990f0c5b-adcc-4daf-969f-3ab3c6435300,Tristan,Bonilla,Tristan Bonilla,male,woodmichael@example.com,381-477-6655x8685,1998-03-16,Brooksside,Rhode Island,United States,2025-02-08 18:02:31
424,55ab946d-a5b5-4dc2-a181-c85eca0ac6ac,Kimberly,James,Kimberly James,female,swalters@example.net,311-910-9617,2004-04-07,Lake Kellychester,Indiana,United States,2025-03-27 12:39:57
425,adaa44ca-8ed6-4d5e-9831-8aa354669d19,Paula,Arnold,Paula Arnold,female,gonzalezterrence@example.org,(876)560-5384x444,1936-04-28,Johnsontown,Georgia,United States,2026-06-11 10:04:12
426,da003f16-b946-4bcf-8082-cbb948bddb3e,James,Montoya,James Montoya,male,matthew96@example.org,+1-863-496-0962,1990-08-16,Zacharychester,Iowa,United States,2024-12-21 18:09:37
427,a9e27ba9-952e-4abb-94dd-5061555736f8,Michelle,Martinez,Michelle Martinez,female,welchkristen@example.net,282-353-1106x092,1987-10-21,Lake Jessicamouth,South Dakota,United States,2026-02-07 21:56:23
428,f7baf55e-4f6b-48c8-998d-daeceaafe543,Paula,Lopez,Paula Lopez,female,kennethnichols@example.org,001-364-304-1209x1179,1955-01-23,Joseburgh,Colorado,United States,2024-12-04 12:23:15
429,f020e992-b576-455e-9854-9f222102f9c9,Johnny,Ward,Johnny Ward,male,peterhenry@example.org,(217)313-6657x22402,1982-06-01,Timothyside,Alabama,United States,2025-02-05 10:27:52
430,a4bbf962-606e-4e1c-8f15-84494f40c22f,Kelly,Scott,Kelly Scott,female,leeanthony@example.org,682.935.1305x23124,1962-11-16,West Jeanport,New Jersey,United States,2026-05-07 05:19:29
431,b3ecb951-ab8c-4f97-a0b7-1785d02ce0c1,Robert,Graham,Robert Graham,male,qnielsen@example.org,946.819.9423,1996-06-24,Carlsonview,Massachusetts,United States,2026-02-01 05:47:43
432,822c4d32-6c64-4c15-aba3-01cba561e1e9,Ashley,Reyes,Ashley Reyes,female,ashleybrooks@example.net,772-808-4964,1939-11-01,East Lisachester,Idaho,United States,2025-07-10 06:44:04
433,2e25b5ee-4f11-48dc-9cd3-336904aac1b7,David,Lewis,David Lewis,male,nathan51@example.org,505-337-9538x16493,1973-08-07,New Patriciachester,Utah,United States,2026-05-15 18:30:19
434,7c7c404e-c422-403e-b29a-6339577bc55a,Jessica,Li,Jessica Li,female,jameslang@example.com,8465117295,1938-08-27,Andrewshire,Alabama,United States,2026-09-13 12:09:11
435,27aa7cbc-2337-4bbc-bffe-77c839feb99c,Julia,Anderson,Julia Anderson,female,ijohnson@example.net,7507171644,1990-03-31,New Kimfort,South Carolina,United States,2024-11-10 23:23:36
436,19e45c6a-c9c2-4e69-982c-75654bb907ec,Jennifer,Horton,Jennifer Horton,female,psnyder@example.org,(491)303-0021x563,1961-10-10,Lisaside,Alabama,United States,2026-09-30 22:58:20
437,c42cbc39-e05b-46c5-9636-3094a97431db,Melissa,Williams,Melissa Williams,female,rodriguezstacey@example.org,459-864-2297x125,1996-07-25,New Allisonshire,New Mexico,United States,2026-03-03 00:50:25
438,29890880-277d-4be9-a070-b6a198e52499,Katherine,Ramirez,Katherine Ramirez,female,qperez@example.com,001-515-983-3117x030,1988-03-01,South Dan,Indiana,United States,2026-06-29 15:52:03
439,9feefdff-c566-4a81-b15e-54f6d4d30795,Leslie,Rose,Leslie Rose,female,kathleen47@example.net,(581)823-5679,1961-05-04,West Rodneyport,Oregon,United States,2026-02-21 00:37:40
440,692e07b6-0b2f-4d5c-b00b-5d5fb89f72f3,Ashley,Murray,Ashley Murray,female,mcgeejohn@example.com,(340)778-7541,1994-06-25,East Randy,Nevada,United States,2025-11-03 22:20:08
441,f836f571-3cce-476c-b836-c448ad261ec5,Gene,Alexander,Gene Alexander,male,corey66@example.org,536-329-4897x8610,1965-08-23,North Pattyshire,Louisiana,United States,2025-04-08 20:50:07
442,bfa016c2-c09c-4506-88f1-096d9c4ffb46,Austin,Garcia,Austin Garcia,male,nicolelyons@example.com,(261)334-7323x5494,1960-12-12,Stevensonbury,Hawaii,United States,2025-06-07 04:00:57
443,4f3949a8-3d3a-4582-88b4-f4743be79df4,Michael,Jackson,Michael Jackson,male,rachel20@example.net,265.902.4120x9579,1969-06-11,Rodrigueztown,Oregon,United States,2026-03-17 14:52:27
444,5e2ad32d-31ab-4b56-95c9-fdc7e76adca9,William,Conley,William Conley,male,karirowe@example.org,657-775-8474x5705,2006-03-27,Rodriguezhaven,Washington,United States,2026-02-14 08:38:08
445,c7332304-4822-4120-84f9-eccd7630a8a7,Alex,Irwin,Alex Irwin,male,donnathomas@example.com,3396653136,1996-11-26,West Renee,Minnesota,United States,2026-08-26 03:19:05
446,f75d599f-6b2d-4b09-8707-9ad480be7e35,Gary,Lawrence,Gary Lawrence,male,kyle09@example.net,001-459-916-7954x107,1956-03-15,Cindyburgh,Maryland,United States,2025-10-18 12:57:55
447,9acb394a-cd1f-4318-b31f-63fbd11fc8c0,Donna,Marsh,Donna Marsh,female,chavezjeff@example.net,607-440-6500,1983-06-04,Kristenhaven,Texas,United States,2026-05-25 14:57:20
448,a4244f23-0d5b-47cd-8000-35f0df7d0dd7,Kristina,Mckay,Kristina Mckay,female,douglas36@example.net,843-307-5366,1971-04-26,Carlaburgh,Oregon,United States,2025-09-08 22:05:50
449,ef2ddcc4-8df6-41da-9f07-c1a5dfc620ce,Michael,Morris,Michael Morris,male,feliciagonzalez@example.org,(483)944-1497x82661,1978-05-24,Taylorchester,New Jersey,United States,2025-08-28 00:41:13
450,d9e604b3-8412-4335-988c-656db61e5fdb,Tonya,Murray,Tonya Murray,female,bernardrobert@example.org,+1-843-498-5298x940,1990-08-07,South Lindseyhaven,New Jersey,United States,2026-07-19 05:40:43
451,290a3abb-c35b-4fea-9578-d70948f9e3d0,Amy,Brown,Amy Brown,female,cookconnor@example.com,001-475-901-9803,1954-04-28,Lake Danielle,Georgia,United States,2025-05-27 02:55:50
452,25b8a42f-836b-45c7-a7c2-25da73069588,Mark,Ball,Mark Ball,male,shaffercindy@example.org,510-329-1813,2000-03-26,Port Williamfurt,Arkansas,United States,2026-09-24 16:36:46
453,38d77b9a-e916-4a57-b248-23ab177a8a5f,Bryan,Sullivan,Bryan Sullivan,male,loriskinner@example.net,597-991-6202x232,2001-02-24,Keithville,Pennsylvania,United States,2025-10-23 07:24:39
454,06d3db93-ee33-488d-997e-6845e27718c5,Jacob,Hill,Jacob Hill,male,gwolfe@example.com,(962)204-7196x09409,1984-01-14,South Nicole,New Jersey,United States,2025-05-08 11:45:31
455,5fbbf0b1-8083-49c8-a57e-01c90da23e5c,Adam,Moore,Adam Moore,male,michaelmccarthy@example.com,812.925.9572x44617,1960-04-22,Davidmouth,Pennsylvania,United States,2025-12-30 11:23:12
456,5ffa46ef-14e4-480c-be99-36a362dbc850,Hannah,Williamson,Hannah Williamson,female,bjones@example.net,(331)417-7533,1988-01-12,Nielsenton,South Carolina,United States,2025-04-17 23:15:02
457,195d82f8-ee4a-4b5d-9195-54e307374c86,Ashley,Bradford,Ashley Bradford,female,alexandernicholas@example.net,5255176298,1970-02-14,Kimport,Iowa,United States,2025-03-10 16:23:52
458,09ce3cfb-2339-4a19-a563-7cc3ca97ebf5,Patrick,Hamilton,Patrick Hamilton,male,christopherjohnson@example.net,330-720-5698,1960-12-23,Leeborough,Oregon,United States,2026-07-10 05:01:23
459,b231c60b-78f2-4e6b-946b-415deada79a3,John,Bell,John Bell,male,lauriegonzales@example.net,(719)212-8411x7309,1966-04-01,Sandraview,Missouri,United States,2026-04-04 15:51:29
460,72d78bdd-7817-49ff-b49e-04ccc24369e7,Heather,Brennan,Heather Brennan,female,tammyjones@example.net,389.984.6908,1971-07-24,North Matthewview,Illinois,United States,2025-06-22 06:11:38
461,41843b03-04dd-4054-9448-23f7e7e646c7,Stacy,Brown,Stacy Brown,female,amygross@example.net,8373199051,2000-12-01,West Jennifer,Connecticut,United States,2024-11-02 01:31:37
462,f0b2a5d1-8c7e-4f42-a646-eaf9d5c0244d,Kathleen,Perez,Kathleen Perez,female,ryan43@example.org,2038896087,1987-02-06,South Jacqueline,Oklahoma,United States,2025-01-20 10:07:13
463,3cd5fd7f-49c1-4669-86b3-3fe61c76bdf6,Brian,Wilson,Brian Wilson,male,michael56@example.org,231.290.3689,1969-10-09,North Brianmouth,Idaho,United States,2025-05-12 21:51:51
464,6b79afcc-3d0a-4f0c-8c39-4ec71f317405,Andrew,Bailey,Andrew Bailey,male,whitneyanderson@example.com,611.514.8375x3745,2007-06-18,Luisside,North Carolina,United States,2024-12-25 11:38:36
465,e7b7b4c6-d631-4a80-9c61-2ec210142131,Anthony,Mccullough,Anthony Mccullough,male,nramirez@example.org,934.283.1520x37710,1972-07-18,Briannaport,Colorado,United States,2024-11-20 19:09:20
466,a1c7cc8a-0435-4b64-893a-d23298c3e3ca,Douglas,Lynch,Douglas Lynch,male,ysmith@example.com,703.236.2680x408,1981-07-08,Lisashire,Indiana,United States,2026-05-16 14:05:52
467,6de299a1-4a90-4d0c-a4c1-73b9b7f28572,Alyssa,Swanson,Alyssa Swanson,female,yglenn@example.net,001-401-886-4876x9984,1999-05-13,East Rebecca,Louisiana,United States,2026-06-18 11:18:40
468,92170475-3d95-4e3f-9a52-26e69d642932,Melanie,Hill,Melanie Hill,female,kelseyphillips@example.net,(609)445-4490x1495,1996-02-28,Smithtown,New Jersey,United States,2024-11-03 03:41:36
469,15eacbcf-ab10-41ce-aa14-3cd82ff3cde4,Vincent,Castillo,Vincent Castillo,male,rickyriley@example.org,598-451-7244x472,1955-10-02,East Dannyton,Idaho,United States,2026-03-21 00:48:19
470,8b48f496-86ab-44e7-b412-436011536e99,Jonathon,Alexander,Jonathon Alexander,male,bobby30@example.net,940-358-0935x118,2005-04-23,East Jamesshire,Mississippi,United States,2026-07-11 10:08:35
471,0b251279-785a-45d0-9f92-a62163f4c69d,Samantha,Perry,Samantha Perry,female,jliu@example.org,495-256-5749x02504,1950-03-20,Port Lawrence,Virginia,United States,2026-06-03 22:26:06
472,bf5023f4-40ef-4935-9f90-bed6fb25664d,Patrick,Logan,Patrick Logan,male,shelby69@example.org,+1-226-911-3989x86818,2007-02-19,Stewartborough,Oregon,United States,2025-05-21 01:01:35
473,5844f9fc-114b-4547-89dc-72b85b6a8102,Susan,Murphy,Susan Murphy,female,jerry51@example.net,776.951.5881,1967-02-09,Hartmanbury,Oregon,United States,2026-07-10 09:35:49
474,1a89b71e-a0d5-42c8-a837-fe68bba205ca,Samantha,Martinez,Samantha Martinez,female,kimberlyrussell@example.net,+1-929-544-5511x66829,1960-03-30,Smithville,Nebraska,United States,2025-04-27 23:34:48
475,8bc78e81-5a30-4528-8b59-95622227219f,Ralph,Dawson,Ralph Dawson,male,inewton@example.org,(602)312-8866x52683,1981-08-06,Brittanyville,Washington,United States,2024-11-09 13:11:06
476,d49405f0-2cd2-4404-a48e-40f1d0421dfa,Benjamin,Mccall,Benjamin Mccall,male,olozano@example.com,001-764-972-2981x2099,1987-05-23,Samuelhaven,Washington,United States,2026-01-05 04:30:55
477,a1b970d0-7a81-44de-b205-07bbfb16f757,Douglas,Mejia,Douglas Mejia,male,kennethpeterson@example.net,689.786.4565x22036,1949-04-18,Justinville,Maine,United States,2025-05-06 02:47:57
478,b74eba93-1027-4b53-a285-b2efcfbe4fe9,Katelyn,Walker,Katelyn Walker,female,keithhardin@example.net,001-513-242-1388x20908,2002-03-23,West Jamesshire,Nevada,United States,2026-04-27 01:01:45
479,0b36e356-339b-47a8-8b1f-0d7b0977c513,Jeremy,Martinez,Jeremy Martinez,male,hphillips@example.net,001-517-367-4124x151,1980-04-12,New Matthew,New Jersey,United States,2026-02-07 05:34:32
480,eef16694-50ca-432d-8aba-590ee2c328aa,Nancy,Powers,Nancy Powers,female,mannleroy@example.org,(618)953-8003x29633,1956-05-14,Cervantesfort,Maine,United States,2025-01-15 18:40:22
481,d0be73ee-fd37-4539-a5f2-02f983f02dc7,Craig,Liu,Craig Liu,male,aaronjones@example.net,+1-432-606-4969x357,1967-04-27,Elizabethfort,South Dakota,United States,2025-08-06 01:13:07
482,a59b457f-c0d7-4c73-895f-fa8140d92bce,Kyle,Daniels,Kyle Daniels,male,colin14@example.com,953.961.2751x562,1991-10-31,North Kelly,North Carolina,United States,2025-03-21 11:45:46
483,c7e53bbb-dcb5-4c53-9b62-a8df493e904d,Stacy,Patton,Stacy Patton,female,hartmarcus@example.net,966-876-6404x73504,1965-11-17,New Jamie,South Dakota,United States,2024-12-30 02:19:31
484,45f18619-54f9-4429-a7de-02ccdda4f4a7,Theresa,Austin,Theresa Austin,female,david80@example.net,5617558108,2008-08-20,East Mary,Montana,United States,2026-08-04 04:17:18
485,e3b56360-6fdc-4bad-9e36-8127cca1b45c,Michelle,Roberts,Michelle Roberts,female,reneerivera@example.org,+1-930-200-8186,1957-02-12,Kevinbury,South Dakota,United States,2026-05-28 08:41:23
486,f4dbca07-e506-4670-b092-947dbe4969ec,Michael,Johnson,Michael Johnson,male,hessnicholas@example.com,(441)311-8600,1988-12-27,Port Catherine,Maryland,United States,2026-06-06 23:05:57
487,7f072cb9-2fd3-40c0-b945-f2fd56cb1ab0,Franklin,Hunt,Franklin Hunt,male,turnerstephen@example.org,697-564-6136x847,1987-10-21,South Jessicastad,Wisconsin,United States,2025-12-03 22:54:33
488,84ef4324-cc1b-4157-ac9f-9c545e0a72ab,Miguel,Chavez,Miguel Chavez,male,sandersjesse@example.com,591.345.2118x2379,1954-12-29,Jensenfort,North Dakota,United States,2026-04-20 00:11:39
489,6cac028c-ba22-4065-9526-0718cd180a82,Ryan,Hodges,Ryan Hodges,male,saundersjohnathan@example.com,001-952-705-9960x4387,1967-11-04,Stevenfort,North Carolina,United States,2025-12-10 08:14:59
490,d284f54e-febe-40db-9a3a-61036e3c4532,Shannon,Haney,Shannon Haney,female,morseronald@example.org,(420)928-1237x1067,1954-10-17,Rossport,Delaware,United States,2025-09-08 15:49:03
491,1a43db54-523a-4993-8b34-46bc8ba435cc,Whitney,Cortez,Whitney Cortez,female,alexandra95@example.net,+1-522-748-3958x9477,1954-03-06,New Jennifer,New Mexico,United States,2024-10-13 00:58:24
492,4e76833a-4baf-4f5e-a932-009453f28f11,Emily,White,Emily White,female,ajones@example.com,001-433-318-7510x979,1983-06-16,West Courtney,Illinois,United States,2025-05-06 16:26:49
493,2aa93b43-6d15-416f-b7b8-c1a59a45693d,Duane,Buck,Duane Buck,male,tsilva@example.com,+1-464-688-3192x134,1949-09-07,Port Alexa,Tennessee,United States,2026-05-23 10:10:52
494,ba108217-0ad7-49a2-b277-16ec59fefbbc,James,Johnston,James Johnston,male,tammy97@example.org,(903)231-9222,1979-10-07,North Derrickmouth,Nevada,United States,2026-03-05 19:27:02
495,46494296-6f58-42c3-bf86-cc319d66e815,John,Turner,John Turner,male,allenphillip@example.com,001-475-848-5819x324,1995-11-13,Nealview,Utah,United States,2025-01-06 19:19:32
496,67fd64c4-a334-458a-abd2-b5121335e5db,Kristin,Graham,Kristin Graham,female,gregory57@example.net,(763)598-3652x037,1936-07-10,Markstad,Kentucky,United States,2025-10-30 22:38:26
497,adedda80-bff9-407d-8d14-a03e83599af6,Thomas,Lawson,Thomas Lawson,male,hollanddarlene@example.com,9444090797,2000-03-12,North Mikeberg,Virginia,United States,2026-04-30 05:35:04
498,d942644c-248d-41ec-87f8-d4f0f3ea0184,Cassandra,Rosales,Cassandra Rosales,female,barnesmegan@example.org,705.218.4390x552,1990-08-18,Monroeton,California,United States,2025-03-04 06:33:15
499,3c6a3174-1136-44a5-a050-9c6208e895d7,Roger,Mason,Roger Mason,male,christopher70@example.com,+1-938-362-0448x515,1998-10-10,North Samanthaburgh,Washington,United States,2024-12-11 12:50:06
500,9136f1f8-f310-46dc-a202-bee65cb5e69c,Cody,Garza,Cody Garza,male,wangkristina@example.org,+1-657-413-4324x0642,1978-09-14,Perezborough,Louisiana,United States,2026-08-22 16:48:19
501,732e2016-add7-42c9-a747-b93c9ae77eab,Christina,Krause,Christina Krause,female,heidi41@example.com,(595)858-7209x628,1982-12-22,Jaredhaven,Oklahoma,United States,2026-07-11 23:33:42
502,13aec376-c359-410a-b1a6-014c5f3c44dc,Patrick,Adams,Patrick Adams,male,jonathanmcdonald@example.org,882-272-7955,1979-08-20,Lake Michaeltown,Hawaii,United States,2025-08-28 17:30:12
503,507b9072-65e5-4f34-9df0-6e8c878aaed9,Karen,Rogers,Karen Rogers,female,lopezmichael@example.org,582.607.9799x667,1986-07-21,Timothyfurt,Maryland,United States,2024-11-05 13:57:05
504,06a241af-1d0a-47f7-b5e4-a4713fe68c9c,Wesley,Rich,Wesley Rich,male,fisherkim@example.net,(790)228-2498x3922,1948-01-23,Lauraberg,Minnesota,United States,2025-09-26 16:55:59
505,e9ddebf5-6311-4aca-848a-f4407fc15858,Jennifer,Murray,Jennifer Murray,female,jamesjackson@example.com,723-236-1328,2000-09-21,West Cory,Oklahoma,United States,2026-03-22 20:31:13
506,b43bd27f-42a2-49a6-8664-12854303cbc1,Jennifer,Lewis,Jennifer Lewis,female,dbarnett@example.net,816.825.2654,2008-06-14,West Tracyshire,Alaska,United States,2025-03-26 14:34:11
507,491b90e9-9ca3-4bb3-bf11-c8ba36ee1640,Stephen,Thompson,Stephen Thompson,male,mikemorgan@example.org,+1-396-713-2730x346,1988-01-12,South Edward,Maryland,United States,2025-08-01 20:39:25
508,da52d2ee-22bf-48f5-9f65-2a87333ee344,Michael,Castillo,Michael Castillo,male,susan62@example.org,(881)971-5160x2529,1937-05-03,Valdezfurt,Nevada,United States,2026-05-27 13:04:46
509,b69f68c3-e60f-4420-ac33-350c73b911d8,Amy,Coleman,Amy Coleman,female,munozleah@example.com,757.658.5126x86120,1962-08-27,Grahammouth,Maine,United States,2024-11-05 08:38:51
510,ae92ea71-cf7d-4b43-9679-742fff4c96d6,Bryan,Burns,Bryan Burns,male,brendan95@example.com,(254)308-4245x60754,1984-05-18,New Joannabury,Idaho,United States,2024-12-09 16:38:25
511,109fd8ee-b5a4-4200-98f0-dd23aaf78c67,Joseph,Martinez,Joseph Martinez,male,cynthiajordan@example.com,(479)338-9701x550,1987-09-26,West Saraport,Nevada,United States,2025-08-12 16:13:14
512,28524385-d9f2-4d0d-8cc9-f5f2e42e5037,Alex,Clements,Alex Clements,male,jennifer16@example.org,794.949.8830,1965-01-18,Hillburgh,Louisiana,United States,2025-10-29 23:42:24
513,3967e60a-823d-4107-9c8a-c066cb2fafa3,Megan,Jacobs,Megan Jacobs,female,erikanelson@example.com,306.524.4795,1966-05-11,Lake Markland,South Carolina,United States,2025-05-16 23:27:28
514,238d6f44-cac4-40eb-b373-730efc31a597,Monica,Lynch,Monica Lynch,female,omatthews@example.net,586-478-0555x57277,1988-11-05,Richardshire,Colorado,United States,2026-02-07 19:44:43
515,5c63b6f3-06ba-4cd3-be78-38c9ca55e38b,Katelyn,Mercer,Katelyn Mercer,female,clarktraci@example.com,845-877-0299x2959,1938-12-11,Angelafort,Kansas,United States,2025-07-23 21:42:01
516,8d38bbd8-fba6-4bf7-8dbc-c65377a7e8b7,Thomas,Anderson,Thomas Anderson,male,davisjeffery@example.org,001-842-626-8653,1979-03-25,Crystalmouth,North Carolina,United States,2025-11-25 10:42:18
517,10d4de39-1612-47c9-a25d-f9a89ca8a5c4,Kim,Perez,Kim Perez,female,dsimpson@example.com,822.864.0857x216,1991-08-07,Lake Anthony,Iowa,United States,2025-01-21 01:03:48
518,b807d78a-b788-45d1-bfe5-75f665edcfe3,Leonard,Gordon,Leonard Gordon,male,greenejessica@example.org,493-929-7150x96883,1985-12-27,East Thomas,Virginia,United States,2026-09-21 01:46:02
519,68d0a2a8-c4e7-47dd-a929-de738693fd9d,Curtis,Anderson,Curtis Anderson,male,klinejamie@example.com,539.973.2781x952,1945-04-06,Lake Antoniochester,North Dakota,United States,2025-10-05 15:13:42
520,a4704d48-5128-49b1-b8ed-e0ca20156a72,Shannon,Jones,Shannon Jones,female,trosario@example.net,298-707-7046,1990-02-13,Pattersonville,Connecticut,United States,2025-01-26 19:13:38
521,8471b4b0-ae1b-4f69-b740-d83173318749,Sarah,Chang,Sarah Chang,female,bowenmichael@example.net,623-973-4151x77345,1980-10-05,Lyonsshire,Louisiana,United States,2026-01-10 02:50:12
522,c7bf4fbc-d43c-4d6d-a0c1-ff1e20da8972,Andrew,Taylor,Andrew Taylor,male,anthony59@example.com,001-644-829-4774x222,1970-10-11,North Melissa,Pennsylvania,United States,2025-05-28 17:24:47
523,6ec01269-2108-4dd9-b75d-1e3cc48d5650,Brittany,Smith,Brittany Smith,female,jennifer86@example.com,+1-925-429-8585x672,2001-08-18,Smithland,Michigan,United States,2025-03-29 00:56:18
524,272c0588-84a2-476c-9fc9-05f8d4d60735,Ellen,Walker,Ellen Walker,female,charlotte13@example.com,379.608.3350x6158,2008-07-15,Port Brianshire,North Dakota,United States,2025-04-16 00:25:31
525,ef4afa88-5299-4505-a976-aab22a26f770,David,Robles,David Robles,male,hannahcurtis@example.org,572.309.4841,1953-10-19,Brucebury,Kansas,United States,2026-01-03 07:42:40
526,84d67c4f-f0df-4684-b28e-41225894f7f1,Pamela,Woods,Pamela Woods,female,herrerakimberly@example.com,+1-913-671-7173x1893,1937-01-24,Callahanville,Washington,United States,2026-08-24 23:46:37
527,3240d7a1-4027-4b7d-9430-29a9d88f1c94,Jeremy,Day,Jeremy Day,male,qgay@example.com,+1-547-725-8784x448,1973-03-23,Connieville,Wisconsin,United States,2025-02-23 21:58:47
528,9d4b2bf9-4d85-49c7-a001-7720200b2903,John,Flores,John Flores,male,lsimpson@example.org,001-664-717-5823x13348,2007-12-12,Garciaport,South Carolina,United States,2025-03-17 18:01:08
529,9780c215-2b2b-48e9-a417-c09380a8a23d,Laura,Moore,Laura Moore,female,jamesfoster@example.org,(592)658-7964,1999-12-30,Nathanport,Michigan,United States,2026-04-22 20:44:34
530,b87b6384-9fdd-4e2e-a8a2-b7ad2bd3cdcd,Heather,Mcgee,Heather Mcgee,female,kparker@example.com,001-660-760-6527x40334,1938-12-25,Ronaldfurt,Massachusetts,United States,2025-12-12 21:02:16
531,0a8bb5b4-9049-4583-ac86-a890d7b00bdc,Justin,Gonzalez,Justin Gonzalez,male,christinaalexander@example.com,813-925-7970,1969-10-05,Valerieshire,Missouri,United States,2024-11-20 11:38:20
532,a4364fcd-f2d3-4761-8ba3-627914cb0564,Ashley,Bowman,Ashley Bowman,female,amanda74@example.org,921.556.2294x9381,1980-05-18,Angelaport,Vermont,United States,2024-10-22 09:14:26
533,92779574-c457-4cc3-b5f7-89bca6b07458,Charles,Carrillo,Charles Carrillo,male,susan57@example.net,625.673.7553,1938-11-28,North Dawn,Nevada,United States,2025-08-09 05:36:34
534,7f7f6c0a-07c0-4116-a394-ed549e3c5a88,Robert,Yates,Robert Yates,male,durhamwilliam@example.org,001-760-385-8749,1946-01-15,New Kimberlyside,Hawaii,United States,2026-06-17 16:42:29
535,7ba24588-4d56-4a3d-b4e7-069aa4540937,Jose,York,Jose York,male,mbishop@example.org,001-264-877-2512x95786,1975-09-30,New Mariatown,Alabama,United States,2025-03-29 08:29:01
536,67f5ae02-af5b-4f47-8eae-71cfce000af0,Erica,Hernandez,Erica Hernandez,female,breannasaunders@example.net,239.259.2323x421,1953-02-01,Stephaniemouth,Massachusetts,United States,2026-09-26 13:44:41
537,0f5675f8-b048-4aa1-92ae-5c22741b77f5,David,Clark,David Clark,male,frank43@example.org,001-850-527-1607x36077,1963-09-30,Lawrenceville,Colorado,United States,2025-02-18 09:56:02
538,76e5ae78-7bf7-41d3-aa66-2fce7089fc6d,Katie,Lane,Katie Lane,female,martinjason@example.com,001-395-956-3318x5748,1937-12-15,South Lindafurt,Connecticut,United States,2025-07-07 21:37:41
539,5005680f-24c7-48a5-9b4e-164b5716dc2e,Heather,Collins,Heather Collins,female,hamiltonmelanie@example.com,516.470.4502,1937-01-08,New Eric,Vermont,United States,2025-10-05 07:50:12
540,586a346a-dc5b-47d1-bcef-1972bbf483ce,Philip,Brown,Philip Brown,male,michelleguerrero@example.com,+1-262-962-2822x512,1963-07-14,Richardstad,Kentucky,United States,2026-01-31 11:12:09
541,83d5bceb-5edb-48ee-82ba-f0e02179e3f0,Frank,Logan,Frank Logan,male,anthony70@example.net,(360)286-9822,1983-03-19,North Robert,California,United States,2024-12-31 17:22:42
542,1f5d988f-776a-4f09-bde2-885951b1943c,Tracy,Marshall,Tracy Marshall,female,ichase@example.com,(790)347-7425,2000-10-14,Goodmanshire,Illinois,United States,2025-01-11 03:35:24
543,18c8a616-2410-4e9a-bf77-9cae7318b96d,Daniel,Anderson,Daniel Anderson,male,jeremiahmiller@example.org,001-664-491-3342x457,1980-05-23,Brooksberg,Pennsylvania,United States,2026-04-30 09:34:36
544,dd39d793-6257-44a2-b204-be894a4b5563,Taylor,Johnson,Taylor Johnson,female,ywelch@example.org,(902)903-2650,1982-07-25,Lake Molly,Oregon,United States,2025-08-16 11:53:06
545,e6fdd7af-dd84-4acc-b672-94643f8ea40a,Jesse,Lewis,Jesse Lewis,male,amy14@example.net,001-385-752-4578x71584,1993-10-22,New Davidbury,New Jersey,United States,2026-07-12 03:40:04
546,93e34c35-ef0a-473d-93d2-d56dd0401587,Ashley,Pierce,Ashley Pierce,female,david54@example.com,(481)282-6832x30358,2008-04-27,Amberhaven,Hawaii,United States,2025-07-23 06:33:34
547,7f8e5483-28ca-4a1d-835b-ec2c3098f7b2,Christopher,Becker,Christopher Becker,male,meganpotter@example.org,+1-896-934-0646,1999-06-15,Derekport,Alabama,United States,2024-12-02 13:34:49
548,7f53a88e-4efc-4248-a10b-1a477faeb748,David,Peters,David Peters,male,jason99@example.org,8628272362,1962-01-28,Port Michael,Iowa,United States,2025-05-07 22:58:03
549,8164ceec-64ab-451b-b1fa-c6e7170d7507,Brenda,Morales,Brenda Morales,female,jamiethomas@example.com,001-950-418-4819x73741,1945-05-04,Nancyton,Missouri,United States,2026-07-18 06:55:30
550,95560a2d-3713-4466-bda0-6476f778c676,Steven,Rodriguez,Steven Rodriguez,male,ksimmons@example.net,001-874-838-1199x537,1943-06-21,Port Kaylaview,Kentucky,United States,2026-02-14 17:18:21
551,7eb162f1-4806-4804-8cf0-374c0c74dc0f,Jordan,Barnes,Jordan Barnes,male,tonya10@example.org,001-873-897-3964x178,1941-06-27,New Maryville,Oregon,United States,2024-12-18 03:12:37
552,d8e049de-0217-4a0e-8964-90ab4926ce5f,Bruce,Gallagher,Bruce Gallagher,male,betty96@example.com,001-405-277-9806x603,1980-07-12,West Samanthatown,Washington,United States,2025-09-25 01:57:58
553,43b47ee5-e1e8-4e7e-a249-8f666e51484d,Sarah,King,Sarah King,female,michael34@example.com,8577423885,1959-03-06,Gatesmouth,Minnesota,United States,2026-01-27 04:28:22
554,0b95017c-5dae-4201-a73b-a8bdc38c1dec,Joshua,Trujillo,Joshua Trujillo,male,leslietorres@example.net,965-797-2634,1981-08-16,Huangburgh,Hawaii,United States,2025-06-13 02:34:18
555,31d4ee09-8fd3-4afc-91fd-fa4f0d18ab95,Alan,Lopez,Alan Lopez,male,regina84@example.net,+1-826-691-3119,1955-08-07,Amandafurt,Florida,United States,2026-09-20 23:23:35
556,62e7c1a6-12d2-4a06-89e1-cd138da00495,James,Kirk,James Kirk,male,christina15@example.org,903.582.4073x333,1955-07-18,West Johntown,South Carolina,United States,2025-10-15 18:45:37
557,d3479a3b-479b-4637-8cc3-6f3bc3affcfe,Ryan,Perry,Ryan Perry,male,robertabbott@example.net,(396)445-4655x3585,1979-07-15,Port Amanda,Florida,United States,2024-12-19 11:02:48
558,64d6dfbf-18c0-4e2b-b99f-070420f0156a,Veronica,Mueller,Veronica Mueller,female,gnichols@example.net,958.937.4907,1995-02-14,East Andrewmouth,Oklahoma,United States,2026-02-22 11:56:45
559,8ece1128-56ce-4b42-bc9e-1dcbcb7e6268,Anthony,Bailey,Anthony Bailey,male,brycegomez@example.net,694-709-7626x374,1967-05-30,Thomasside,Utah,United States,2026-01-04 05:59:20
560,9a3b0319-32f5-4510-a4ee-b4a6c14565c7,Ernest,Smith,Ernest Smith,male,josephmichael@example.org,001-319-718-6233x92207,1947-11-20,South Audreyfurt,Nebraska,United States,2025-07-28 13:40:02
561,09f64405-0b99-4034-8a4e-255280051b10,Michael,Taylor,Michael Taylor,male,isaac45@example.org,001-764-971-2463x351,1948-07-22,Andrewton,Oklahoma,United States,2024-11-20 08:27:30
562,79474bfa-cdd0-44d4-9542-27deb6adf48b,Melanie,Davis,Melanie Davis,female,stuartallison@example.org,564-709-9512x39728,1948-12-15,New Neil,Idaho,United States,2026-08-28 19:28:44
563,83f82f16-e4a4-474c-9b33-e3a42620f9a9,Jeremiah,Singleton,Jeremiah Singleton,male,williamolsen@example.com,4904814415,1949-05-01,Leeberg,South Carolina,United States,2026-09-19 23:55:13
564,518b2f21-9cf2-4859-ae6e-2e7253f591dc,Gail,Gibson,Gail Gibson,female,hbowers@example.net,+1-815-235-2373,1984-07-11,South Lisashire,Connecticut,United States,2026-07-25 21:32:56
565,bd44089d-9dd2-49de-bd98-fe336498abe9,Kelly,Alvarado,Kelly Alvarado,female,rhonda99@example.net,+1-586-683-4527,1993-10-12,Grahamland,New York,United States,2024-10-23 22:11:38
566,d40ac5e9-81df-4517-961c-921097fe56c5,John,Morris,John Morris,male,tlynch@example.com,001-240-280-3149x98250,1976-12-27,Lopezside,Arkansas,United States,2026-07-07 05:38:02
567,79928faa-4cbf-431d-901b-cdefb56ff8ce,Roger,Russo,Roger Russo,male,williammaldonado@example.org,517.223.5137,1941-11-30,Harrisville,Maine,United States,2024-10-09 02:13:50
568,1c0f0bdc-ac7e-437c-94cc-1e2a5e4cb287,Sue,Keller,Sue Keller,female,tracey63@example.com,(802)229-3946x9434,1992-05-11,Bennettborough,Wyoming,United States,2025-10-19 14:54:30
569,e61599c8-cbf8-4f86-8ec3-f970956d80e4,David,Smith,David Smith,male,xwilliams@example.com,(731)411-2712,1970-09-01,Mitchellport,Maine,United States,2026-07-31 21:43:12
570,f791f1e5-43f9-4d6b-b97e-be8798cf1188,Laura,Rodriguez,Laura Rodriguez,female,fosternicole@example.org,387-332-8077,1966-11-17,Port Paulland,Wisconsin,United States,2026-03-28 03:50:50
571,7afeb114-9561-4813-8d25-9caab8adad87,Renee,Allen,Renee Allen,female,samuel27@example.net,001-908-533-5090x25425,1943-06-10,Jamesport,North Carolina,United States,2024-11-23 20:24:13
572,9ea7017c-b89f-4039-a107-cc4686341718,Courtney,Burton,Courtney Burton,female,diane70@example.com,739-284-8228,1950-12-01,South Apriltown,South Carolina,United States,2026-04-18 00:39:35
573,3e00980e-ae44-4e21-9258-64f225d4a0fc,Christopher,Cantu,Christopher Cantu,male,benjamin13@example.org,(909)806-9130x9810,1974-03-15,Colebury,Utah,United States,2025-10-21 10:38:17
574,1c221cea-b355-46a5-b2bd-92f29293f705,Lisa,Reed,Lisa Reed,female,jmendoza@example.com,+1-753-224-2642,1994-07-08,Douglasmouth,Nebraska,United States,2026-04-10 10:02:14
575,6b352f85-504e-4687-b0e7-e75604d9145e,Sheryl,Christian,Sheryl Christian,female,omartinez@example.com,766.767.7767,1980-02-17,Andersonhaven,Indiana,United States,2025-04-14 11:47:54
576,690e7e62-3432-4ec6-b0c4-a01c69b7c0fa,Claire,Lee,Claire Lee,female,stacydaniel@example.net,(978)665-4362x718,1991-11-06,East Jeffside,Hawaii,United States,2026-03-01 18:41:16
577,ba370623-bc5f-44dd-992f-3c1edf70fb2a,James,Holmes,James Holmes,male,sherryjohnson@example.org,(592)449-2693x2657,2001-12-30,Cherylhaven,West Virginia,United States,2026-02-05 06:15:28
578,35145890-84c8-4c46-a359-5fa4b4adaf89,Sherri,Lowe,Sherri Lowe,female,milleralan@example.org,915-753-2341x59597,1959-08-10,Kevinside,Hawaii,United States,2026-09-05 02:20:25
579,8685abaa-7a76-4555-a987-b218ff84faef,Spencer,Martin,Spencer Martin,male,patelchristine@example.org,+1-287-443-1271,1987-08-10,Grayburgh,Wyoming,United States,2024-10-20 21:51:54
580,75ac824c-2c55-4ef7-b4e9-573450521700,Kevin,Huerta,Kevin Huerta,male,sarah99@example.org,607.895.5151x229,1956-02-07,Port Susanborough,South Dakota,United States,2025-06-11 12:08:53
581,c5a11f5c-ad05-4912-9ab2-8d4a8bd88fcd,Eduardo,Mcguire,Eduardo Mcguire,male,gomeztonya@example.com,6992625438,2002-05-24,Rebeccaton,Tennessee,United States,2025-04-08 21:31:16
582,f5141058-3138-4975-bbf3-3a349c2dfa97,Michael,Baker,Michael Baker,male,rmorgan@example.net,001-971-858-0290x90463,1988-08-14,Lake Emilyfurt,Michigan,United States,2025-07-17 07:25:37
583,3990e2c9-4c6a-40f4-8ede-c44d476cf68c,Regina,Nash,Regina Nash,female,vrussell@example.org,(348)237-4417x158,1953-04-02,East Charlesstad,California,United States,2025-02-02 00:46:32
584,35102852-b474-4349-89fc-2cd8c56bad4c,Kenneth,Young,Kenneth Young,male,shieldsalec@example.org,001-559-312-9751x9102,1961-01-05,Lake Stephanietown,Nevada,United States,2026-06-12 06:15:04
585,8f7c1d59-594b-4a3a-bad4-65a15129950d,Michael,Clark,Michael Clark,male,hughescolleen@example.org,337.492.7490x7280,1962-09-01,Douglasside,Oregon,United States,2025-03-01 11:33:03
586,ad371d9e-92cf-4021-9f33-242d49ac9087,Michael,Warner,Michael Warner,male,lopezmelinda@example.org,(869)649-6843,1982-09-06,New Adrian,Utah,United States,2025-04-18 21:19:41
587,d1812f77-6500-4423-baeb-cd19e5508ea2,Douglas,Martin,Douglas Martin,male,brownmax@example.net,7963170159,1971-06-23,Shannonfort,Mississippi,United States,2025-10-28 12:52:55
588,257f7595-cdfb-4db9-85e7-8b23f4613f09,Eric,Burns,Eric Burns,male,jeremyjackson@example.net,(867)275-6777x226,1954-09-26,Patrickberg,Montana,United States,2025-07-16 11:13:22
589,b6d1f6bb-f48f-409c-89a2-24410ac4de85,Adrian,Moody,Adrian Moody,male,edwardshah@example.org,906-872-4530,1957-04-21,Mariaside,Louisiana,United States,2025-03-31 07:15:41
590,a7edc8d8-713f-4f8c-ac8b-e53758ab4778,Cheryl,Lawson,Cheryl Lawson,female,kreynolds@example.com,+1-805-911-5794x23873,1937-07-10,Crystalmouth,South Dakota,United States,2025-06-03 16:07:09
591,33baba88-36c7-46fa-baa4-f052bf519362,Michael,Patterson,Michael Patterson,male,georgealyssa@example.com,001-752-559-7107x5633,1978-04-18,Buchananside,Michigan,United States,2025-12-27 18:03:00
592,4588fc1b-b238-4849-8fe0-69b6eedaa802,Riley,Hale,Riley Hale,male,tammyharrington@example.net,799.333.7970,1988-01-15,New Marc,North Dakota,United States,2025-10-21 17:41:13
593,963a8617-bdab-47e7-9d9d-028e1bf645f6,Julie,Mccullough,Julie Mccullough,female,carl63@example.com,001-425-607-3305x597,1979-04-26,Gallowayside,Illinois,United States,2026-07-07 12:54:36
594,e7ba26ac-ab7a-4d1c-8cfe-f6833e11bafe,Rita,Lopez,Rita Lopez,female,phillipsbruce@example.org,884.336.6044x32400,1985-12-05,Parsonsberg,New Hampshire,United States,2026-02-03 13:19:34
595,19a692c9-0d70-4ea4-bb9b-2d45a35055e4,Janet,Moore,Janet Moore,female,gblake@example.com,243.797.4292x501,2000-09-09,Donaldfurt,Oklahoma,United States,2024-10-25 04:36:00
596,19bd4f93-78ef-4666-b7a4-c719548e1f6b,Mark,Lucas,Mark Lucas,male,mario90@example.net,4275112218,1948-04-05,Teresamouth,Colorado,United States,2025-08-21 22:05:37
597,fa585b27-8ce3-47c3-b6ea-b3a001539221,Gwendolyn,Jones,Gwendolyn Jones,female,hgardner@example.com,+1-262-281-3721x4330,1966-06-14,Williamsbury,Wisconsin,United States,2025-04-04 03:05:43
598,e1721c83-ef5e-4376-a723-fb72682b163a,Tiffany,Best,Tiffany Best,female,vincentmorris@example.net,+1-560-584-7068x10390,2002-08-24,West Jacquelineshire,Mississippi,United States,2025-11-04 21:06:42
599,c1836315-330f-4be1-a689-b4247a3a10e1,Steven,Martin,Steven Martin,male,edwinsmith@example.net,001-594-748-5862x3945,1971-03-11,Wilsonport,New Hampshire,United States,2024-10-27 19:05:24
600,0f25477d-a559-40e7-8910-fade52380bf2,Jeremy,Faulkner,Jeremy Faulkner,male,hharris@example.org,(613)539-4394x5703,2005-04-26,West Alexanderburgh,Michigan,United States,2025-03-14 16:35:11
601,88ffbd40-3b72-486d-92fa-675fa6fd0cb1,Kathryn,Cortez,Kathryn Cortez,female,stephen69@example.org,278.694.3191x0090,1935-10-06,Seanshire,Hawaii,United States,2024-12-19 22:26:30
602,6afa828c-2cd1-4b9f-abe5-841fe9c96c52,Amy,Lewis,Amy Lewis,female,tashaharmon@example.com,646-904-0142,1963-08-13,Lake Julietown,New Mexico,United States,2025-02-18 00:19:28
603,ff46a6bf-094d-416d-ab6d-2fedef158d5b,Alexis,Miller,Alexis Miller,female,spencertanner@example.net,+1-344-809-7123,1987-02-15,North Tylermouth,Nebraska,United States,2025-02-18 08:33:23
604,efc59738-2fb2-4e66-bed1-7aabc9b7c9bc,William,Ray,William Ray,male,douglassusan@example.com,001-847-934-0433x700,1967-04-08,West Michaelstad,New Jersey,United States,2026-07-04 21:06:53
605,4c636e95-025f-4543-8997-623ae0723d96,John,Martin,John Martin,male,jessica82@example.com,001-856-729-6575x4278,1994-07-07,New Jonberg,Michigan,United States,2026-09-23 15:54:22
606,48d90846-55c5-41fc-bba5-7cc8edaf3766,Heather,Owens,Heather Owens,female,pamelacooper@example.net,(395)882-9236,1950-12-26,New Daletown,Kentucky,United States,2026-10-01 06:20:02
607,8639bd41-8b15-4d94-a42d-0cd7fd359f6a,Joshua,Dunlap,Joshua Dunlap,male,gabriellafrench@example.com,755-886-8639,1950-03-30,Lake Dawn,Georgia,United States,2026-07-15 11:17:28
608,d9df0d0e-225a-4d6c-b045-8043e3a68a70,Michael,Mullins,Michael Mullins,male,barrytanya@example.org,221.643.6438x1300,1952-03-27,East Maria,Utah,United States,2024-11-29 19:41:44
609,1cd66b09-cf0e-4d2b-b15c-167a45d8a6ad,Austin,Chavez,Austin Chavez,male,hendersonmichael@example.com,9942565346,2002-08-18,South Luistown,Kentucky,United States,2026-04-02 14:36:40
610,a5f60735-757b-4b29-bb2a-a1462999394c,John,Salinas,John Salinas,male,hendersonbrenda@example.com,+1-970-860-7174x81131,1981-09-04,New Tracey,Arizona,United States,2025-06-13 04:40:23
611,bc92fd81-039b-458c-afaa-be0bb7f60cdf,Eric,Waters,Eric Waters,male,arobinson@example.org,9296087182,1988-08-03,West Brendahaven,New York,United States,2025-02-17 11:58:20
612,aca58d95-915a-4c30-8b86-b5a1ca6fbff8,Steven,Carter,Steven Carter,male,billburke@example.com,421-837-7306,1941-09-24,Ianmouth,Utah,United States,2026-01-01 16:25:23
613,a383889a-db2c-4ac8-9c67-83932ced3c0d,Sarah,Perez,Sarah Perez,female,hstokes@example.org,(822)299-0775,2007-03-27,Cynthiaville,Nebraska,United States,2025-10-08 07:31:06
614,53f30073-83e9-4ef4-ad7d-f5d0d3b59af7,Andrew,Graham,Andrew Graham,male,fjones@example.com,+1-957-768-3210x21923,1971-07-22,Jonesburgh,Pennsylvania,United States,2025-08-22 09:32:21
615,2f4dd219-186b-4880-ab54-5a15669d01ff,Audrey,Williams,Audrey Williams,female,dylananderson@example.net,(405)708-0184x9804,1968-12-03,Solisborough,Texas,United States,2025-10-09 04:03:10
616,3f800385-ef92-40b6-92d7-8f107a3a6e96,Karen,Lewis,Karen Lewis,female,paulschultz@example.net,422-582-1781,1992-01-14,Sharonview,Nebraska,United States,2024-11-20 18:16:44
617,725d4259-3c4b-4eec-a231-ee7342c2d2eb,Nicole,Williams,Nicole Williams,female,kimberly03@example.net,001-656-979-3279x8623,1945-12-22,Greenechester,California,United States,2025-12-15 16:29:30
618,951c25d5-4d4c-4280-9462-52e7f43ba052,Bradley,Snow,Bradley Snow,male,kendrawilliams@example.com,(447)954-8954x7876,1981-08-20,Lake Tracymouth,Ohio,United States,2025-11-10 23:25:36
619,b1594847-5c0b-4b10-a757-cb1042f525b9,Lisa,Brown,Lisa Brown,female,sarah49@example.net,755.839.3543,1973-08-31,Carlaborough,Wyoming,United States,2026-01-24 14:02:35
620,77242041-1e43-4bd2-aaf4-07f70fe76149,Stephanie,Taylor,Stephanie Taylor,female,james58@example.net,737-598-2143x39527,1989-01-22,Loveshire,New Jersey,United States,2025-11-26 19:54:57
621,80a52e65-afa2-4559-a7c9-620428e333b6,Glenn,Scott,Glenn Scott,male,kingtammy@example.net,(501)634-7789x4896,1942-09-12,Fullerfort,Rhode Island,United States,2024-12-28 08:38:06
622,ea87855e-a382-45d3-9e0e-f546b0b6dedf,John,Hughes,John Hughes,male,taylordavid@example.org,8145188421,1941-03-12,North Danielview,Maine,United States,2025-09-04 05:59:43
623,3818cfd3-3889-436a-9d58-17e85e175b66,David,Robinson,David Robinson,male,sarah53@example.org,2894532638,1948-03-02,Lisaville,Connecticut,United States,2025-04-14 15:15:45
624,bf6b8cdf-7479-4b61-a737-2b527a6a2107,Sarah,Walker,Sarah Walker,female,llynch@example.org,310-334-6996x733,1991-05-12,Ramosfurt,South Carolina,United States,2026-05-11 11:50:49
625,e9ad0e9b-8c9a-41e9-b3b2-63376a74dbb7,James,Weaver,James Weaver,male,jamie76@example.net,850-478-9679x35219,1990-09-29,East Leon,Montana,United States,2025-05-06 08:15:58
626,aa0217d0-cd4f-4b2b-899a-c252c1e1b94a,David,Roberts,David Roberts,male,nicolasrich@example.org,+1-993-817-0695x56076,1947-12-08,Scottbury,Louisiana,United States,2025-07-17 03:42:53
627,c1369c65-ae2a-4341-bf59-e4f2c3093b6e,Susan,Green,Susan Green,female,garynash@example.net,298.630.6503x12198,1946-07-18,Shawnport,Georgia,United States,2026-08-03 05:29:52
628,b42a0456-8736-4a84-b25e-134d86879aa9,Jessica,Pitts,Jessica Pitts,female,jeremycollins@example.net,931-890-9248,1958-08-12,North Lindsey,Illinois,United States,2026-01-16 11:48:41
629,1cb9b73a-906d-4c8c-aad0-8c8913fe8a29,Micheal,Jones,Micheal Jones,male,adamskrista@example.net,278-752-2823,1959-02-20,Williamtown,North Carolina,United States,2025-11-01 06:38:11
630,8167999f-e723-4da3-8c32-bdb2d42a895e,Stephanie,Long,Stephanie Long,female,brandonmoore@example.org,395.594.7372,1957-10-26,North Tonyaberg,Alabama,United States,2025-05-16 11:44:09
631,2a1f1b61-265c-49d9-8962-8f6e929c93b3,Julia,Lindsey,Julia Lindsey,female,upierce@example.com,278.559.9648x62872,1945-10-01,Meaganville,Rhode Island,United States,2026-09-07 16:45:15
632,1dc1e7eb-711c-4673-8535-1a69dabf984e,Jason,Bennett,Jason Bennett,male,andrew73@example.org,462.279.2463,1966-08-30,Kingfurt,New Jersey,United States,2026-04-12 03:07:52
633,1747f387-7d23-4479-9549-2a82b787ef8d,Julie,Khan,Julie Khan,female,danderson@example.org,(314)650-5766,1984-01-16,Williamsfort,California,United States,2025-07-06 04:38:31
634,21c71aa3-7414-43b5-8e3e-25f2cf0671c7,Gary,Collins,Gary Collins,male,alexgarcia@example.net,001-784-900-8385x076,1982-12-22,Justinton,North Dakota,United States,2026-01-03 06:39:47
635,8f0d5540-0ec7-4662-905c-7bdd74f0beae,Caleb,Gonzales,Caleb Gonzales,male,ghamilton@example.org,+1-889-681-2657x42231,1989-06-08,North Bradley,Alabama,United States,2025-01-16 16:06:44
636,b928e23f-4ee4-434e-8e92-0136ac3a812f,Cory,Hudson,Cory Hudson,male,jlloyd@example.com,+1-994-330-1204,1965-07-30,Hermanburgh,Utah,United States,2025-10-23 17:04:08
637,00c59f30-d103-4424-8124-1bb4655ce508,Ashley,Caldwell,Ashley Caldwell,female,christina57@example.com,001-688-555-8298,1966-07-18,South Timothymouth,North Carolina,United States,2025-05-26 20:54:16
638,6c776e95-0b98-4ccd-92b2-102d940c3503,Kathleen,Ramsey,Kathleen Ramsey,female,lwilliams@example.com,712-883-3372x188,1990-03-06,Knightport,Colorado,United States,2025-04-11 18:18:45
639,fe7ee362-8a89-40f0-9052-91d3b34c6c73,Christopher,Olson,Christopher Olson,male,hamptonsara@example.org,(866)526-7055x14377,1990-12-03,Atkinsonport,Kansas,United States,2026-01-22 15:47:37
640,fc737d92-11ab-4d11-a4eb-8000ef40d162,Regina,Rogers,Regina Rogers,female,brittney11@example.org,202-986-7120,1959-12-05,East Kellystad,Utah,United States,2026-03-21 23:33:13
641,2e13418d-68ab-40ea-897e-c6d1081fc6dc,Thomas,Graves,Thomas Graves,male,williamspatricia@example.com,809-910-9032,1950-05-24,Brittneyhaven,California,United States,2026-07-13 11:48:37
642,bab2b77d-fa74-4cc8-a43a-fb7ac40d4874,Lisa,Taylor,Lisa Taylor,female,qobrien@example.org,+1-781-679-3406x5277,1975-09-22,Butlerbury,Maryland,United States,2026-03-06 21:47:36
643,61ea2f30-e42e-407a-be2b-d9875fdcabbf,Gabriel,Allen,Gabriel Allen,male,jacquelinejohnson@example.org,001-712-717-2214,1968-04-27,Grahamville,Tennessee,United States,2026-03-08 11:20:12
644,60a399d4-e821-4716-aac8-0da1de9f6f5b,Tommy,Arnold,Tommy Arnold,male,sharon37@example.net,6528635100,1961-02-24,Fordfurt,Virginia,United States,2026-08-06 09:26:44
645,a96b3c42-f6d2-4a7b-aec7-6a82148b4376,Franklin,Anderson,Franklin Anderson,male,julie65@example.net,001-520-924-6175x202,1973-07-29,Lake Henry,Arizona,United States,2026-05-27 03:45:51
646,1e5ebe54-5907-4299-9c3b-bdd8a74e02a9,Alexandra,Ward,Alexandra Ward,female,lauren55@example.org,878-533-2584,1994-12-14,South Tamarashire,Oklahoma,United States,2025-05-18 19:29:17
647,87623997-649f-4d88-8989-c5abfe2b34d8,Kimberly,Campos,Kimberly Campos,female,mitchellandrew@example.net,+1-617-267-9935x9374,1966-12-28,Ralphtown,North Dakota,United States,2025-04-01 10:52:46
648,d5b6de85-3902-49d9-ba8d-ae42ba54e920,Amanda,Crane,Amanda Crane,female,aallen@example.com,2149886084,1964-10-20,Kimberlybury,Missouri,United States,2025-12-14 23:07:07
649,4c61845e-fa7e-4d94-85d1-fb63c194f97f,Molly,Thompson,Molly Thompson,female,alexisjordan@example.com,+1-537-401-2424x4626,1984-12-12,Port Sarahport,Ohio,United States,2026-03-26 13:27:33
650,6c93a791-8b60-4511-b816-8aebac6a7c85,Joshua,Jones,Joshua Jones,male,morganfarrell@example.org,914.321.7518,2001-04-03,Kristenstad,Colorado,United States,2025-07-06 18:46:02
651,75eb89c2-3f5c-42f3-bacb-43a3d2c7bffb,Christopher,Drake,Christopher Drake,male,jessica91@example.org,(225)728-8375,1988-09-27,Garciahaven,Wyoming,United States,2026-06-27 23:07:04
652,effa2002-3040-413c-8690-fb1527b608dc,James,Jackson,James Jackson,male,vayala@example.net,237-287-6553,1997-05-26,North Ashley,Alaska,United States,2026-03-05 14:34:00
653,6b535a19-a902-473f-8f39-f648083f64c3,Taylor,Wong,Taylor Wong,female,abrady@example.com,712.319.8819x277,1940-03-06,Johnside,Nevada,United States,2025-05-21 08:13:20
654,19d45deb-1139-4a12-b4c1-c3ea3d9c4e64,Amanda,Rodriguez,Amanda Rodriguez,female,elizabeth24@example.com,(645)661-8517,1991-02-18,North Tinamouth,Idaho,United States,2026-04-11 06:48:46
655,b40a9181-ac09-4db7-9908-6e477249f62c,Anna,Taylor,Anna Taylor,female,coxcody@example.com,001-355-612-9391x30448,1976-04-03,South Karenton,Maryland,United States,2026-09-19 02:16:51
656,66fadca0-0b53-4932-bd94-19aa3ea6e5b2,Sherry,Davis,Sherry Davis,female,joseph02@example.org,390-617-0756,1957-05-16,North Matthew,Idaho,United States,2026-02-21 02:32:38
657,c11f6bf5-379e-4467-8a2d-b2e63bfda8a6,Thomas,Haynes,Thomas Haynes,male,mccoyandre@example.org,001-522-283-6084x9378,1994-03-30,New Elizabeth,Illinois,United States,2026-07-08 05:28:51
658,4a0d2b73-fe54-4e4b-80ff-517323dfecd7,Kelsey,Cooper,Kelsey Cooper,female,abeltran@example.net,543-691-6497x0169,1953-03-16,Port Danielle,Delaware,United States,2026-03-10 14:40:59
659,937bf79b-bb44-4adc-aa98-fef8d0d75e37,Danielle,Dawson,Danielle Dawson,female,whitneymcgee@example.net,362-234-1903,1992-01-07,West Jamieberg,Georgia,United States,2026-04-21 00:05:19
660,ac2b0cfc-c5c5-4060-9911-21e793d563ae,Matthew,Martinez,Matthew Martinez,male,mark66@example.net,247.632.3653x37746,1936-03-04,Fordton,Arkansas,United States,2026-05-09 15:40:10
661,24acb722-e052-4739-8d40-6f1b3ca5be29,Jimmy,Roberts,Jimmy Roberts,male,joshua60@example.com,001-481-997-5437x34764,1965-10-11,Conwaytown,Wyoming,United States,2025-04-05 11:49:00
662,0f9aeb70-4670-4cd6-8ced-a16469df14e9,Maria,Cruz,Maria Cruz,female,danielgriffith@example.net,614-584-6019x134,2007-11-18,Lake Tyler,North Dakota,United States,2024-10-08 00:43:49
663,8e4c3ab5-6d5d-4477-adc2-9178a0411612,Brittany,Smith,Brittany Smith,female,abradley@example.com,821.746.4493,1948-11-01,Ruizborough,Kansas,United States,2025-06-14 15:01:14
664,f10bce9c-582b-41ee-b8e8-035b0c00988a,Angel,Rogers,Angel Rogers,male,iblake@example.com,936.880.1192x3603,2008-07-27,North Erinside,New Hampshire,United States,2026-04-16 10:25:02
665,b2414482-5198-44d8-8643-3603c92a7d7c,Chad,Rojas,Chad Rojas,male,nathanjohnson@example.org,001-561-349-7315,1948-06-26,Kylieside,West Virginia,United States,2026-02-06 01:17:51
666,605fb1eb-4cc5-4e0d-a633-20186883ac6e,Todd,Allen,Todd Allen,male,ibarker@example.org,+1-807-736-5118x93940,1984-05-01,Hawkinsburgh,Alaska,United States,2026-05-02 08:00:02
667,3db0174e-7938-478a-89b5-aab0c12169db,Anne,Burton,Anne Burton,female,contrerasjames@example.org,202.933.3247,1966-06-19,North David,Washington,United States,2025-03-12 23:46:43
668,24f43c62-b523-40de-9b87-d29c4cfd0fc1,Holly,Sherman,Holly Sherman,female,mary62@example.net,427-860-2508,1950-07-12,Port Ericland,Georgia,United States,2025-08-23 19:02:20
669,69a53b4f-8ff8-469d-8ec0-713dea2c7a51,Brian,Perez,Brian Perez,male,josephmeyer@example.net,+1-989-695-7298x93762,1978-09-24,Catherinetown,Illinois,United States,2025-08-16 14:51:17
670,636f6e5c-2253-4706-87ad-8b268eaa5841,Edward,Barton,Edward Barton,male,lho@example.org,001-420-538-1876x920,1952-12-18,North William,Rhode Island,United States,2025-12-01 16:38:46
671,a58e83dd-548c-4d84-b40d-e04941476506,Stacey,Allen,Stacey Allen,female,morganamanda@example.com,458-922-0673x231,1945-06-25,Leside,Colorado,United States,2026-05-01 10:23:03
672,5efeef4f-d8dd-4bc0-b325-3aa3ec170298,Paige,Murray,Paige Murray,female,victoria50@example.org,001-900-700-1529x11371,1943-07-20,Lake Edwardstad,Massachusetts,United States,2025-07-26 19:48:19
673,30c36756-d453-4867-b97e-6224891f6912,Megan,Norton,Megan Norton,female,karen42@example.org,+1-329-498-7478,1959-09-04,Walterton,Massachusetts,United States,2025-07-27 03:15:56
674,9adf4709-ac75-4344-a08e-149e44b9e602,Julie,Hunter,Julie Hunter,female,mjohnson@example.org,6434655158,1990-11-26,Hartbury,Nebraska,United States,2025-01-29 08:32:41
675,cdfd9531-302b-4831-92a1-fe7ddfa59722,Rebecca,Hunt,Rebecca Hunt,female,mike05@example.com,(596)508-0706,1991-08-02,Montgomerytown,Wyoming,United States,2026-02-02 09:31:05
676,e8334da5-de95-4695-b579-c1437ab99428,Paula,Benton,Paula Benton,female,davidbrown@example.org,664-481-8804,2000-03-21,Gilmorebury,North Dakota,United States,2025-03-04 23:38:05
677,03ece8ff-e8b3-4763-b4ff-3f3a4d9dbaeb,James,Gallagher,James Gallagher,male,rossjohn@example.net,826-694-2894,1957-05-05,East Natashaberg,Mississippi,United States,2026-04-19 09:35:57
678,bdd151b0-f64a-46ec-b0a5-648eefe9b3d0,Molly,Rice,Molly Rice,female,daltonyu@example.com,670-264-6255,1961-02-25,Kramerstad,Michigan,United States,2025-12-01 12:53:37
679,7a9a8ef5-c11b-41c4-bfe3-f366bf337a15,Melinda,Carter,Melinda Carter,female,barnettterry@example.com,(444)689-8803x15388,1980-11-18,South Chelsea,Vermont,United States,2024-11-22 04:53:49
680,345af934-b42a-4d93-9aba-0f15b2149062,Megan,Morgan,Megan Morgan,female,gloria04@example.org,333.853.8495,1965-12-15,Port Curtis,Connecticut,United States,2026-04-10 21:35:22
681,52555c75-8d55-419e-bd44-cb2cea45ba41,Kyle,Fox,Kyle Fox,male,stephenscatherine@example.org,591.237.3265,1991-02-07,Lake Chaseland,Wisconsin,United States,2026-01-23 16:04:23
682,a6129a1c-889d-4b76-b75c-30b561730c48,Philip,Crawford,Philip Crawford,male,victoria17@example.net,(488)200-2300x91561,1969-01-07,Cookfort,Kentucky,United States,2026-04-24 20:18:23
683,8347f1da-5c11-4b6d-82f5-b3f54ef4c34d,Drew,Werner,Drew Werner,male,hornerebecca@example.org,+1-336-659-5201x491,1950-07-29,Jeremiahfurt,North Dakota,United States,2025-10-11 04:17:03
684,fb37afae-cd85-43ca-993e-638d774c0afa,Grant,Johnson,Grant Johnson,male,katherinerussell@example.org,001-823-399-8213x7455,1948-04-23,Sarahport,Florida,United States,2025-11-13 01:26:06
685,ea11905b-51fa-4efa-96f8-9f7ac2fa1da8,Joshua,Shepard,Joshua Shepard,male,gallegoscrystal@example.com,476.866.0811,1938-03-16,East Nancyton,North Dakota,United States,2026-08-23 18:19:15
686,0bb401e7-69f7-43f1-901b-a8515ee68495,Christina,Myers,Christina Myers,female,meyerskathryn@example.com,(771)753-1234,1942-11-04,Hicksburgh,Nevada,United States,2025-12-23 17:31:11
687,42c21797-0426-4cc9-a55b-30e2bdc2b74b,Ashley,Sims,Ashley Sims,female,jcoleman@example.net,(693)284-4013,2007-08-05,Deleonmouth,Maryland,United States,2025-04-07 19:49:43
688,54720d2d-3239-4ffb-a704-6f254b91b8cb,John,Estrada,John Estrada,male,ricklewis@example.net,(391)601-5709x085,1974-08-26,North Jennifer,New Hampshire,United States,2025-04-21 15:59:11
689,3ee82983-d557-4241-91dd-b9bf613d2de9,Lauren,Martin,Lauren Martin,female,kwang@example.com,001-548-499-7184x28596,1980-09-19,West Andrewhaven,Maryland,United States,2025-12-21 17:47:54
690,af521b94-f186-447a-a794-63208cf6e8b8,Malik,Proctor,Malik Proctor,male,stephaniezamora@example.org,(834)226-6980,2000-02-17,South Danielle,New Jersey,United States,2026-05-21 16:00:03
691,7d1645a0-d253-4966-836b-9a0a41e02a89,Jason,Snow,Jason Snow,male,nthompson@example.com,+1-438-293-5953,1974-07-04,West Susanville,Georgia,United States,2026-09-06 05:01:28
692,cb8383f2-bb96-4602-ab11-5c3675f8e3a8,Michael,Bishop,Michael Bishop,male,anthony26@example.net,001-558-226-4186x96561,2001-05-07,Garciaberg,Wyoming,United States,2025-03-02 05:05:34
693,8bea75c1-b866-47aa-a3d4-526b2b54ff7a,Robert,Edwards,Robert Edwards,male,tina14@example.org,001-546-282-3948x40027,1936-08-23,Burkefurt,California,United States,2024-11-17 05:58:50
694,8ac97b01-e3ad-44d4-aab9-eb022f1dc121,Bruce,Petty,Bruce Petty,male,egordon@example.org,+1-339-750-0168x09414,1943-02-25,Russellburgh,South Dakota,United States,2025-11-14 17:05:39
695,d8c128e7-d6cd-4155-88a8-ac7f862138ad,Christina,Aguilar,Christina Aguilar,female,omay@example.org,6538440777,1957-11-06,Lake Sherriberg,Washington,United States,2025-08-14 14:26:40
696,0c6b7074-ab10-4c9b-9168-2e09f1f7d904,Pamela,Jenkins,Pamela Jenkins,female,caitlyncooper@example.net,677-260-2991,1989-10-29,Carlosborough,Illinois,United States,2025-03-11 19:52:10
697,a175a9c3-d7b1-42a9-a332-a50e6992896e,Jordan,Davis,Jordan Davis,female,stephanieedwards@example.net,(235)561-7817,1958-02-12,North Carrietown,Missouri,United States,2024-12-31 21:16:58
698,02571851-26a9-4100-b509-109b116658ce,Colleen,Henderson,Colleen Henderson,female,david78@example.net,(261)433-7184x449,1979-09-21,East Michelleport,North Carolina,United States,2024-11-07 19:29:41
699,0f79a8a7-5f8a-44bd-b4bd-0c938177b661,Valerie,Davis,Valerie Davis,female,justin03@example.com,941.467.8127,1961-02-28,North Maryland,New York,United States,2026-08-31 00:13:26
700,01b158e9-0406-4f44-bce4-0679a8c6dbc0,Robert,Herrera,Robert Herrera,male,curtislee@example.net,(429)785-7973x63831,1991-05-06,West Jeremymouth,West Virginia,United States,2024-10-23 05:07:42
701,b8e19f56-8787-4a21-8448-2a220308aa5e,Johnathan,Warner,Johnathan Warner,male,hpowell@example.com,406.373.6820x5068,1959-01-09,East Crystal,Massachusetts,United States,2026-03-12 19:59:01
702,0463750e-4964-4b96-ba3c-1628892621df,Christopher,Gay,Christopher Gay,male,alexis58@example.com,446-792-1821,1989-12-01,Fischerton,Oklahoma,United States,2026-01-07 04:05:06
703,2de46e91-e8e6-4840-b090-f5a0ce610199,Joseph,Maldonado,Joseph Maldonado,male,russelllynch@example.com,+1-802-620-5093,2004-10-23,Deborahport,Rhode Island,United States,2025-06-24 17:28:05
704,261e2555-863e-4f2a-98a8-06efeb053fc4,Sarah,Lynch,Sarah Lynch,female,hollandjustin@example.com,+1-888-970-7152x3867,1962-06-07,North Sarah,New Hampshire,United States,2025-05-06 22:24:05
705,409e7a80-86c5-41d6-9ea9-f50831227592,Jamie,Miller,Jamie Miller,female,ballelizabeth@example.com,498.776.8299x6872,2006-01-01,South Virginia,Arizona,United States,2026-06-11 10:24:12
706,143a9aff-659b-4105-8b80-f288446f64dd,Mason,Flores,Mason Flores,male,rossjacob@example.net,750.940.5669,1940-12-21,Lake Davidview,Ohio,United States,2025-02-19 01:02:28
707,90a3fbbf-7580-4050-a7f1-698cf5948a54,Richard,Cooper,Richard Cooper,male,joseph28@example.com,696.832.5942x328,1965-12-31,New Susan,Oregon,United States,2026-10-01 06:54:46
708,4ccb2355-39d1-47ff-b27e-1442fd7fe973,Ashley,Sullivan,Ashley Sullivan,female,christopher52@example.net,001-757-325-6292x69335,1966-03-08,New Jenniferstad,Mississippi,United States,2024-10-25 08:13:00
709,a65f7b8a-dbb4-4021-bdde-64afa75b395a,Tiffany,Burns,Tiffany Burns,female,stephanie85@example.org,+1-357-344-3034x918,2001-04-02,Martinborough,North Dakota,United States,2026-07-14 10:35:45
710,608e2f5c-6117-4270-a7c0-518b17efa621,Michele,Perkins,Michele Perkins,female,laura15@example.org,(741)554-7155x3132,1992-11-06,Lunahaven,Connecticut,United States,2025-04-08 09:18:33
711,b3eda8f1-026b-4383-a301-ec030e5d8c6a,Robert,West,Robert West,male,brandon94@example.org,001-914-210-5276x981,1953-09-03,Smithstad,Florida,United States,2025-04-05 22:47:45
712,6f14b3f6-d867-488b-bff6-b824152aeaec,Sarah,Rose,Sarah Rose,female,richard25@example.net,001-466-905-9867x87442,1981-09-29,Tonyaview,Ohio,United States,2026-02-08 10:26:27
713,f94d8fcb-dba3-496f-ba32-3f6990dbfad6,Gerald,Chapman,Gerald Chapman,male,laura59@example.com,(282)449-1165,1936-08-11,North Ericport,Mississippi,United States,2026-02-13 20:47:35
714,0ae4ac11-eb4d-4f42-8735-70a2e5110961,Crystal,Holland,Crystal Holland,female,charlesyoung@example.net,255-513-0557,1993-09-10,Lake Craig,Maryland,United States,2025-05-14 06:48:11
715,b139c476-de3c-488b-a6b9-d31a361f6d90,Sarah,Warren,Sarah Warren,female,ncruz@example.net,427.736.7746x2025,1974-12-11,North Alicia,Idaho,United States,2026-04-07 23:52:32
716,13087974-ec95-43ac-8beb-7c3445667c48,Joshua,Velasquez,Joshua Velasquez,male,jamesbrown@example.org,+1-820-649-1060x183,2002-05-21,East Jennifer,New Jersey,United States,2025-06-30 09:17:30
717,a879d8f8-9042-4eb7-8b04-0f53e63949d4,Alexander,Martin,Alexander Martin,male,tpowell@example.org,+1-872-425-7754x58472,1940-03-17,Douglasland,North Carolina,United States,2026-07-01 17:41:17
718,508211a5-d9b5-4f84-adc3-a1c32dea2d2d,Patricia,Santiago,Patricia Santiago,female,qreyes@example.net,416.308.2717,1997-12-23,East Scott,Virginia,United States,2026-04-24 02:27:13
719,24e9bcfd-9647-4f9f-b508-507af622d842,Claudia,Cunningham,Claudia Cunningham,female,suehowe@example.com,(322)899-9362,1980-04-04,Lake Kevinside,Oklahoma,United States,2025-01-25 03:52:46
720,299656e2-4c9d-4907-93b2-2cecedcabf94,David,Jackson,David Jackson,male,jacqueline39@example.net,958.544.6177,1957-09-30,Robertstown,Oregon,United States,2025-06-20 18:27:26
721,639fc471-d975-4f00-95ab-a8ae9112fbc0,Debbie,King,Debbie King,female,ucarr@example.org,(979)397-0292,1957-10-26,West Johnmouth,Wisconsin,United States,2025-11-18 17:53:11
722,23d3cd4c-bd5f-4093-816f-9bcc6243bed7,Thomas,Higgins,Thomas Higgins,male,tracywoodard@example.com,(498)783-2201,1989-10-22,New Jacobton,Arizona,United States,2025-04-29 11:39:33
723,588a3f87-f96d-40f8-bed6-3da08033f5c2,Paige,Burns,Paige Burns,female,gstone@example.net,553.258.5238x600,1973-08-11,Joelfurt,Tennessee,United States,2024-12-08 02:40:05
724,d6b361e4-3b6d-4a0d-afe5-040b1901ef87,Robin,Wyatt,Robin Wyatt,female,daniel15@example.org,291.302.9295,1976-12-19,South Joshua,West Virginia,United States,2025-11-06 14:43:32
725,9d264599-c4dd-4df5-9aec-56a857311609,Cheryl,Salazar,Cheryl Salazar,female,rhondaray@example.com,239-471-9126,1956-06-01,East Ericmouth,Nebraska,United States,2025-10-02 19:04:05
726,07958c1f-538d-4b8c-8607-b1e9f80b2cea,Paul,Taylor,Paul Taylor,male,obrienjulie@example.org,216-961-2201,1954-04-07,Dorothyhaven,Wisconsin,United States,2025-09-10 08:02:15
727,7d98302f-7357-41e5-be1a-1ba9c8969c5b,Timothy,Gonzalez,Timothy Gonzalez,male,benjaminarmstrong@example.com,(353)380-2748x1242,1974-06-22,Port Angelafurt,South Dakota,United States,2025-11-17 01:10:47
728,601bfbcb-f0ee-4cce-8d93-e14a5b167158,Brenda,Rogers,Brenda Rogers,female,raymark@example.org,(794)862-0935,1944-09-28,Port Sarahshire,Rhode Island,United States,2025-06-30 13:36:38
729,a921cb4c-95fb-4976-ae00-7b7e2f8c83e5,Carl,Neal,Carl Neal,male,xcolon@example.org,771.724.3658,1988-06-24,Kathrynberg,Indiana,United States,2026-07-24 18:51:13
730,4b9dfd58-9e5d-4c7a-85ac-c35415f00cb4,Alexander,David,Alexander David,male,anthonybranch@example.org,(215)992-7387x40299,1947-05-18,Simmonsshire,Alaska,United States,2025-08-21 16:29:21
731,4499d0a6-1500-4170-92d1-5585b68e47fa,Crystal,Martinez,Crystal Martinez,female,amanda15@example.com,820-934-0301x095,1997-03-15,Rodneyport,South Carolina,United States,2024-11-24 19:23:19
732,a247541d-c8ad-4899-b630-794d6147adeb,Jacqueline,Lawrence,Jacqueline Lawrence,female,nathan62@example.org,371-324-7601x080,1941-01-11,North Linda,West Virginia,United States,2026-06-12 23:43:18
733,5c56d9bc-5111-431d-a3be-441dbd5a0c9e,Jennifer,Hall,Jennifer Hall,female,wross@example.org,226.380.8081x5712,1982-05-27,South Christopherhaven,Arizona,United States,2025-08-18 18:30:14
734,4eea9db8-f165-4779-8154-7950176de21f,Jodi,Wright,Jodi Wright,female,vmarquez@example.org,4453847436,1962-07-05,North Annetteburgh,Minnesota,United States,2025-11-22 09:20:41
735,1a2bd69c-450f-49ee-82e7-9a985c238d8d,Scott,Rhodes,Scott Rhodes,male,bsimmons@example.net,470-931-8053x396,1970-05-11,Prestonchester,Georgia,United States,2024-12-05 17:19:07
736,72e76b51-6e54-4c6d-aff8-e87e16591c89,Heather,Brown,Heather Brown,female,mariahlyons@example.com,7002466614,1944-12-26,North Sergiofort,Texas,United States,2025-10-03 10:05:22
737,5a9a206a-16f1-42a2-86b9-19aa1a7167c7,Caleb,King,Caleb King,male,curryjose@example.org,+1-381-794-9053,1959-03-09,West Cherylhaven,Arizona,United States,2026-06-24 20:58:19
738,530ddda6-c8d0-49e5-9919-65ea98d00c2c,Leah,Lucas,Leah Lucas,female,znoble@example.net,373.813.7971x66984,1987-10-01,East Javierport,Arkansas,United States,2025-10-17 03:20:50
739,6346d4ef-69ef-44e3-8ab6-821c0328c136,John,Adams,John Adams,male,mariahgill@example.com,(938)299-4991,1944-11-16,Frederickchester,Texas,United States,2025-01-21 19:36:11
740,e7bbaefc-8f3d-497f-a6b0-da0ab98f5dbe,Allison,Mcdonald,Allison Mcdonald,female,iweiss@example.org,316-502-0418,1986-01-11,Lesterville,Colorado,United States,2025-09-15 15:10:07
741,af70de70-2b69-495e-8567-1b58926bffa5,Tonya,Simon,Tonya Simon,female,sarah80@example.org,+1-764-548-2217,1995-09-10,Samueltown,Ohio,United States,2025-02-16 10:55:30
742,4d16f049-44d7-4f9a-a38b-05b72b64777c,Antonio,Johnson,Antonio Johnson,male,barnesluke@example.net,323-369-1496,1957-03-28,Craigshire,Louisiana,United States,2026-06-12 03:50:18
743,2ace1aa9-1032-46b3-a55b-fc1c7e3d5ee4,Christopher,Santiago,Christopher Santiago,male,stevengoodwin@example.net,+1-770-840-9531x41961,1941-10-01,Lambury,Idaho,United States,2025-10-19 01:40:42
744,7bf69552-4cbc-4044-abcd-5ce746a56fe8,Duane,English,Duane English,male,mathewbennett@example.org,001-579-662-4096x49668,1994-03-10,West Shawnport,Georgia,United States,2024-11-24 17:06:21
745,3f2086c2-f1b8-4d65-806f-64d65c72aebd,Jill,Hernandez,Jill Hernandez,female,curtis22@example.com,001-536-648-8208,2008-07-09,Patelhaven,Iowa,United States,2026-01-25 09:10:43
746,75366b9f-320f-42c0-9dde-01889803b22e,Andrew,Graham,Andrew Graham,male,randall28@example.com,+1-591-760-9114x131,1957-12-22,Lake Richard,Iowa,United States,2025-03-20 02:54:35
747,f2e61828-01bb-419c-8dfe-111722af711f,Karen,Russell,Karen Russell,female,petersontina@example.org,958-481-6502x544,1971-06-11,New Connormouth,Tennessee,United States,2024-10-29 22:19:20
748,614077d3-9ec4-4a48-9773-f98d550c2fe9,Shane,Terry,Shane Terry,male,anthony96@example.com,277-218-2498,1990-04-18,Whitakerberg,Connecticut,United States,2025-05-04 06:59:38
749,d0c30018-6e3c-4d4f-95b1-45e470b27304,Bobby,Nelson,Bobby Nelson,male,cobbmary@example.net,(566)848-6989,1995-09-09,Sarahfurt,Oregon,United States,2025-06-05 00:31:30
750,f280df1d-9a6c-4db9-9217-1c884ce953a7,Melissa,Delacruz,Melissa Delacruz,female,matthew45@example.net,7115929207,1987-09-05,West Danielfort,Colorado,United States,2025-08-29 13:31:53
751,f6ee5cdb-2d79-42d1-906e-50c77aa061e9,Melanie,Brown,Melanie Brown,female,uclark@example.org,(221)689-4559x06700,1954-04-02,Alyssashire,Kentucky,United States,2025-02-21 09:20:40
752,bc20b9f2-4a9c-489e-91b3-0182f7fe604f,Anthony,Knapp,Anthony Knapp,male,rfleming@example.net,+1-696-467-6056,1937-09-17,Leroystad,New York,United States,2026-05-15 19:43:08
753,3e0f84ce-c82f-48fd-936c-d31cf7bf5244,Jeremy,Medina,Jeremy Medina,male,duncankimberly@example.com,001-453-438-9062x35466,1992-09-30,Jackieton,Connecticut,United States,2025-08-09 09:00:35
754,c92e8c93-d105-48d6-87c1-c01760452909,Mark,Munoz,Mark Munoz,male,jeremy00@example.net,+1-862-421-2242x76774,1978-10-07,South Anthonyland,Idaho,United States,2025-05-11 14:49:09
755,905881df-ee9b-43e1-9d27-c09a5d71a898,Michael,Garcia,Michael Garcia,male,renee84@example.net,460.508.0179x86778,1946-07-12,New Caitlin,Minnesota,United States,2025-09-15 08:17:59
756,2e0fb5b3-8bae-491e-bf4c-c10f979c30cf,Tara,Merritt,Tara Merritt,female,sean64@example.org,+1-561-821-2038x4375,1982-10-23,Delacruzside,Arkansas,United States,2025-09-28 15:21:50
757,f166cdcf-762c-4fbc-ba2a-a7baf3f81c31,Kristen,Beltran,Kristen Beltran,female,miguelbaker@example.net,(742)618-3854,1942-03-05,Lake Shirleyview,Maryland,United States,2026-02-24 11:21:48
758,d4cee27c-4a94-4e9f-8c35-1e4f703e957f,Holly,Pearson,Holly Pearson,female,jodi31@example.org,(332)974-8979,1995-06-04,Duranbury,Texas,United States,2025-05-21 08:34:02
759,cb881c32-cbb0-4a8b-9908-a121d1a7ba20,Maria,Gregory,Maria Gregory,female,tracyjohnson@example.net,+1-362-817-5080,1969-05-14,West Markborough,Arizona,United States,2025-08-01 16:52:55
760,a2224f96-23a1-4e20-bfd2-55eeac484366,Lee,Mcguire,Lee Mcguire,male,markgardner@example.org,993-953-4001x816,2004-07-05,Willieland,Nevada,United States,2025-06-30 15:30:16
761,2775ee42-a89e-42f2-80af-bf3f3df51967,William,Ramirez,William Ramirez,male,sabrina54@example.com,(208)738-5179x93781,1968-07-19,East Amandahaven,North Carolina,United States,2026-03-02 21:08:24
762,72f60958-12ef-4101-a082-786fca00ef58,David,Ryan,David Ryan,male,klara@example.net,(698)982-9045x79271,1954-06-23,Nicholaston,Colorado,United States,2026-08-05 19:54:08
763,81b15db9-88cc-4d49-a69b-29b8950df1a0,Nicholas,George,Nicholas George,male,lpage@example.com,(538)339-7283,1956-04-20,Lake Donnafort,Alaska,United States,2025-08-05 19:23:09
764,f7eae66e-ca6c-4f9b-8969-71018b2c550a,Thomas,Moore,Thomas Moore,male,tonyaholmes@example.net,2984322101,1967-01-24,North Allen,Vermont,United States,2025-11-14 21:04:49
765,8972abbd-cff2-41c4-a53f-9644b39e4df2,James,Hamilton,James Hamilton,male,williamsanthony@example.net,+1-387-661-0814x356,1944-02-27,New Keith,Massachusetts,United States,2026-02-22 04:27:12
766,a85894df-3f8c-4097-84da-2c2e1bffa279,Dana,Harding,Dana Harding,female,hartmanjoshua@example.net,+1-923-854-6951x0030,1960-07-31,West Lisaview,Michigan,United States,2026-05-04 21:24:05
767,0b570720-9cd8-458b-a5a1-c8252a9528c3,Kevin,Kim,Kevin Kim,male,riverarebecca@example.org,(666)264-1106x54113,1996-08-06,Craigshire,Louisiana,United States,2026-05-28 08:57:22
768,f73936e9-54e3-4579-80af-d193f780ef2f,Luke,Williams,Luke Williams,male,richardsonanna@example.org,(868)934-8268x99962,1937-11-09,New Ryan,Oklahoma,United States,2025-11-13 08:07:23
769,423cad9d-193e-4783-82b3-42541b1f2eb1,Steven,Knight,Steven Knight,male,rrice@example.net,+1-979-815-0596x2571,1938-12-09,East Andrew,Colorado,United States,2025-01-16 11:37:12
770,8ed8a80d-84cf-4e39-bf31-c29f82bbad84,Jessica,Miles,Jessica Miles,female,shawn89@example.net,(460)341-8095,1998-07-01,Matthewmouth,Delaware,United States,2025-09-28 03:33:08
771,768b4f7e-6421-4e66-9fc6-4cd0721e8b1f,Katelyn,Carter,Katelyn Carter,female,lambertdevin@example.com,(492)811-8824x1996,1971-12-31,East Donald,New Mexico,United States,2025-06-22 01:05:23
772,7b96e2d1-0649-4cf6-bf69-723d584fc85b,Kayla,Jones,Kayla Jones,female,shepherdnicole@example.com,001-454-221-8545x7056,1955-01-08,Port Molly,New York,United States,2026-07-12 11:37:12
773,f633cc2d-eba9-40e1-aa7d-5d964ba17233,April,Andrews,April Andrews,female,brownreginald@example.net,764-607-2324x72828,1936-06-12,North Toddhaven,Idaho,United States,2025-02-07 09:37:04
774,baeb286b-f0d0-470f-94d1-3d551db6b844,Melissa,Love,Melissa Love,female,christopherchaney@example.org,(785)207-1058x0119,1959-12-26,Blackwellville,Texas,United States,2024-12-11 08:17:11
775,7490adeb-57d3-47d3-8fd8-0bbb592c1107,Emily,Simmons,Emily Simmons,female,manningjeremy@example.com,7922300716,1936-05-20,Scottland,North Carolina,United States,2025-12-25 06:04:31
776,79e5c9aa-592a-4549-bba1-09d08567c805,Rachel,Hoffman,Rachel Hoffman,female,holly32@example.net,376.898.9365x29447,1947-10-01,South James,Maryland,United States,2026-06-27 06:51:02
777,73d39457-b25f-43df-b8d4-9848702ba49f,Kimberly,Lewis,Kimberly Lewis,female,johnsonmartin@example.org,(689)563-2174x357,1981-09-05,South Alyssa,Montana,United States,2026-08-05 23:33:43
778,cf685878-0b70-4933-8cde-1b6b1132567c,Don,Gardner,Don Gardner,male,mcgeeseth@example.net,+1-434-748-8384,1966-10-08,Morseport,Montana,United States,2026-09-16 02:48:48
779,a5e15b55-57d3-44dd-9963-dc7205c8234b,Brenda,Williams,Brenda Williams,female,brian74@example.net,8654795515,1963-10-17,Lake Makayla,Rhode Island,United States,2024-10-31 19:57:57
780,ee0f65a8-2a13-4c1f-8cd0-15c1ad5900dd,Kimberly,Cook,Kimberly Cook,female,daniel74@example.net,8913311178,1938-05-11,West Linda,Virginia,United States,2025-09-16 04:44:49
781,28fea761-8d49-4e3f-aca8-f78384182d35,Melanie,Brown,Melanie Brown,female,garyjohnson@example.net,+1-753-754-1201x227,1943-11-10,East Michelleton,Colorado,United States,2025-06-10 13:56:44
782,76492e64-f55d-4e6d-ad26-8b378f5242d3,Brian,Lewis,Brian Lewis,male,rebeccareed@example.net,+1-494-979-5074x07173,1942-07-01,Jeanetteshire,Utah,United States,2025-07-16 19:33:48
783,2f383b43-a137-48e4-a7b1-3040cc39b925,Maria,Mcintyre,Maria Mcintyre,female,williamstoni@example.com,+1-893-240-3910x45203,2004-09-09,Calebside,Maryland,United States,2026-02-04 07:25:45
784,6544e313-6ea0-4d13-a845-54c3a3f66c61,Lisa,Davis,Lisa Davis,female,veronicarogers@example.net,+1-828-355-3595x205,1940-04-14,South Tamarashire,Oregon,United States,2024-10-15 13:07:47
785,3283daa4-e212-4b7c-9d36-1cb6bcc57be0,Maria,Sanders,Maria Sanders,female,jhahn@example.org,686-477-4037,1965-05-27,New Melanie,Maryland,United States,2025-12-30 17:30:33
786,0123a348-638a-4df6-adf7-2cd3979aa051,Michael,Downs,Michael Downs,male,andrewlong@example.com,(725)650-3250x1736,1953-06-14,Whiteville,New Jersey,United States,2025-11-26 16:45:09
787,b4299924-c098-4750-8741-9b4834ae4abd,Dawn,Perkins,Dawn Perkins,female,dorisarmstrong@example.org,234.851.1009,1942-01-27,Johnside,Oklahoma,United States,2026-09-14 23:13:27
788,df3a098a-ccac-4fb5-9a0c-6c0493cd1291,Jennifer,King,Jennifer King,female,hernandezrebecca@example.org,(967)732-9045x7598,1961-01-30,East Brittneyshire,Wyoming,United States,2025-08-30 08:27:47
789,75220646-3273-45bf-9373-bf4d5da49cb9,Emily,Foster,Emily Foster,female,stephanieallen@example.net,(602)975-5821,1998-10-28,Lake Caitlintown,New Hampshire,United States,2025-01-02 08:58:12
790,7d4ed26e-dcd5-4fae-abb3-16a743299780,Ann,Cooper,Ann Cooper,female,jeremiahwalton@example.org,(336)921-9215,1936-05-04,Arianachester,Connecticut,United States,2026-05-28 15:58:37
791,647dc392-9c7e-4575-a37d-dcd698d3148b,Brian,Kim,Brian Kim,male,martin81@example.net,001-259-277-2168,1981-12-27,South Amanda,Vermont,United States,2026-01-17 10:55:06
792,753659ef-d873-4ad9-9a1b-af0e591196dc,Shannon,Jones,Shannon Jones,female,jfranklin@example.net,001-472-484-5401,2000-08-24,North Brian,Oklahoma,United States,2025-03-20 10:30:32
793,ccf4ffb0-b4bb-473f-ac70-51d1d051267f,Lisa,Herrera,Lisa Herrera,female,derekdougherty@example.org,714-547-4328x116,1937-02-23,Lake Courtney,Alabama,United States,2025-01-12 12:10:10
794,15b24e1d-9715-4633-9d4e-db71eb2ec80e,Andrew,Clark,Andrew Clark,male,hilljennifer@example.org,722.577.5213,1941-05-25,New Clayton,Michigan,United States,2026-08-24 20:23:30
795,4e2d6255-3d13-4a3d-9e2c-2e7d502cf0ee,Amber,King,Amber King,female,aaronjoyce@example.org,(593)477-7569x198,1945-06-05,Lake Fernandoland,Nebraska,United States,2026-03-19 15:09:17
796,243012da-b185-4eb8-9f90-fc872edc017e,Sophia,Jennings,Sophia Jennings,female,harrisonnicholas@example.net,6293831043,1988-06-10,Martinshire,Colorado,United States,2026-06-19 22:09:41
797,93267d25-234b-4562-98af-5cca6b11b7cb,Sean,Mcmillan,Sean Mcmillan,male,gtucker@example.org,(368)856-6706x362,1985-01-12,Bruceshire,Maine,United States,2026-06-02 07:49:55
798,a2b03c4b-7c96-4b55-af8d-8ded6c4c450b,Phillip,Scott,Phillip Scott,male,alexanderryan@example.org,+1-549-433-9650x49627,1958-10-02,Taylorville,Colorado,United States,2025-05-22 22:44:33
799,49f1137d-7d59-4e19-aab7-b2ef8e0ec033,Tracy,Scott,Tracy Scott,female,vwade@example.com,+1-385-842-1880x8799,1955-11-02,Lake Larry,Virginia,United States,2024-12-10 03:36:40
800,7374ccbf-d78c-47d3-9088-50d32fe5b140,Mary,Duncan,Mary Duncan,female,mbaker@example.net,532-247-2505x83334,1968-07-17,North Jasminestad,Texas,United States,2025-11-20 07:12:19
801,02740f73-f3ab-4a0d-9be9-fdb3dd92dd7c,Kathryn,Johnson,Kathryn Johnson,female,mitchell76@example.net,001-547-757-6945,1968-05-30,Woodfort,Louisiana,United States,2025-08-06 16:27:22
802,624a2a50-d0b1-4de0-b1f3-f0c022f3f068,James,Chandler,James Chandler,male,erivers@example.com,242.712.5450,1977-06-14,Port Matthewfurt,Rhode Island,United States,2025-01-24 04:03:49
803,6a66c184-7de1-4f5d-af48-47f068bd075b,Frank,Case,Frank Case,male,csanders@example.org,330-674-2359,1960-06-22,Martinezport,Arkansas,United States,2026-03-08 00:41:00
804,90bde900-1529-46f5-aad1-1fe87d1b695e,Troy,Curtis,Troy Curtis,male,johnmerritt@example.com,545-943-0796,1966-07-08,Lake Rebeccatown,Ohio,United States,2026-02-18 21:03:31
805,4ac66780-3874-4f3c-82d4-9b56cbbed980,Melissa,Martinez,Melissa Martinez,female,samantha21@example.org,(887)918-4523x542,1971-02-10,Meganfort,Arkansas,United States,2024-12-31 17:42:52
806,49e64c22-89a0-47eb-b98f-569b465cc2cb,Kathleen,Day,Kathleen Day,female,mollypeck@example.net,4868523777,1990-03-29,Richardborough,New Jersey,United States,2024-10-08 01:22:21
807,be15ad12-90ce-47e9-b513-03b9c7de96ea,Ashley,Bartlett,Ashley Bartlett,female,buckleycrystal@example.com,(278)210-5580,1956-06-11,Gatesburgh,Washington,United States,2025-01-12 20:25:32
808,929d6377-1cfb-455f-82c4-2e488cbadae5,Austin,Lopez,Austin Lopez,male,mbates@example.org,(509)343-9136x81720,1962-09-21,Deanstad,Virginia,United States,2025-02-02 03:55:04
809,d2c2a960-8b09-41ab-866d-ceb344945e09,Kelly,Myers,Kelly Myers,female,burkejacob@example.net,+1-973-552-5953x3222,1961-08-19,North Justin,New Mexico,United States,2026-03-26 06:36:24
810,0aa6fcb9-c1bc-4e59-9296-a12d8ac35ac4,Michael,Kline,Michael Kline,male,kimberlyperez@example.org,(461)885-0761x08708,2003-07-07,Port Williamburgh,Illinois,United States,2025-07-28 10:43:37
811,6cd6f011-fd61-413b-b7f2-5d368bddcee3,Andrew,Smith,Andrew Smith,male,moorecory@example.net,+1-638-882-1764,2000-11-17,West Scott,Kentucky,United States,2025-01-15 04:21:36
812,c0582da5-a757-475b-947f-83b1bc69c155,Brianna,Petty,Brianna Petty,female,tinahaas@example.org,(480)419-4425,1960-01-27,Richardfurt,Idaho,United States,2026-07-05 03:25:42
813,0840405a-ffd2-4491-9ff3-89aa4c36a70c,Stacy,Haney,Stacy Haney,female,jason06@example.org,+1-273-911-8046x7413,1978-08-31,Port Angelica,Maryland,United States,2026-05-28 04:11:21
814,d1151fff-dcb9-4d5f-993c-572b4347dbca,Bryan,Hoffman,Bryan Hoffman,male,alexanderkeller@example.org,001-762-660-8463x97561,2000-07-24,West Lucasshire,California,United States,2026-06-18 05:35:34
815,1e0d02b5-fe74-42cd-9d83-ad037066e289,Carrie,Sims,Carrie Sims,female,richardsonronnie@example.net,811-595-5640x919,1979-06-15,Paynestad,Idaho,United States,2024-11-21 04:04:03
816,96822e22-bcd4-444f-8f8a-368e35ba9357,Karen,Smith,Karen Smith,female,andrewjackson@example.org,+1-801-897-1212x41393,1998-09-27,Sullivanshire,North Dakota,United States,2025-10-09 00:27:12
817,a1fd4187-9c3a-4e0b-b5f3-f8aadc6dafff,Daniel,Martin,Daniel Martin,male,obarry@example.org,+1-922-876-0759x889,1983-09-21,Port Dana,Indiana,United States,2026-02-07 11:56:13
818,c8ebe27a-23a4-470e-9dbc-15c02a7dc57c,Michael,Mccullough,Michael Mccullough,male,james91@example.net,001-465-343-0895x23120,1945-03-08,Meganstad,New York,United States,2026-06-24 15:47:42
819,0f321333-ce31-4937-b4fa-32b6d0437e4c,Jamie,Kaiser,Jamie Kaiser,female,smarsh@example.com,6008268764,2003-04-27,Evansmouth,Pennsylvania,United States,2025-09-20 01:05:27
820,89ecbc51-98cb-4a52-87f5-301988438de2,Thomas,Dyer,Thomas Dyer,male,barnesjames@example.com,(804)650-0635x53730,1993-10-27,South Scott,Delaware,United States,2026-08-22 01:12:31
821,4aea1b8f-b43c-4e0a-ba9f-c10e52daf681,Madison,Santos,Madison Santos,female,ashleyjames@example.com,305.497.0255,2007-10-04,South Robert,Indiana,United States,2025-09-01 17:40:06
822,dba6fdf8-f3d0-4ffb-8470-9848929ecc92,Elijah,Archer,Elijah Archer,male,christina89@example.net,001-659-765-4663,1971-05-19,Julieport,Virginia,United States,2025-04-23 08:08:14
823,c9230c64-c006-4b5b-b678-39b222b5f457,Rachel,Conner,Rachel Conner,female,cheryl69@example.net,001-539-634-4974,1991-07-20,Andreside,Hawaii,United States,2025-01-26 21:28:19
824,46feacd4-fe13-43cd-8f2d-5c15eb346d3a,Danny,Watkins,Danny Watkins,male,uanderson@example.com,001-939-488-9413x2109,1944-02-02,North Michelle,Wisconsin,United States,2024-11-08 02:01:41
825,3fead90a-21f8-472d-9db7-570eb390b059,Karen,Turner,Karen Turner,female,james65@example.com,892.320.3004x4964,1955-12-15,New Brian,Alaska,United States,2025-01-23 06:26:07
826,3f5fbf4f-d417-4230-9274-ee11b61df906,Stephanie,Baxter,Stephanie Baxter,female,taylordanny@example.net,256.858.9635x957,1946-06-30,North Jose,Mississippi,United States,2025-12-08 14:10:50
827,a1e518a2-93d2-48d4-a465-5c397d4d2add,Edwin,Green,Edwin Green,male,randy31@example.org,888.450.3423,1954-03-26,Port Johnport,New Jersey,United States,2025-05-20 19:14:37
828,73b5bad5-600b-4b35-aa0a-a7d5a0b85755,Clayton,Russell,Clayton Russell,male,smithjesse@example.com,001-696-886-8008x529,1942-07-31,Port Desiree,Tennessee,United States,2026-03-04 02:50:55
829,c4d598f7-e14f-4093-8b6a-d0c7a2356dd4,Valerie,Kim,Valerie Kim,female,caleb43@example.org,635-802-3850x2289,1988-12-13,Howardmouth,Washington,United States,2026-08-13 19:46:23
830,4739cc7b-bff3-4c8d-83ff-3e9667213a70,Nicole,Blake,Nicole Blake,female,jamesmeyer@example.org,+1-230-520-2569x133,1938-09-30,East Jon,New Jersey,United States,2025-09-12 22:13:47
831,53c93ae7-7cf0-4bb3-b343-d9eb7466ef02,Barry,Schwartz,Barry Schwartz,male,xlogan@example.org,762.579.9553x024,1943-05-22,East Reneeshire,Oklahoma,United States,2026-05-26 03:57:01
832,bb93cd40-d8df-4535-862d-baeade70bd30,Deanna,Freeman,Deanna Freeman,female,anthonynelson@example.org,9284471901,1957-12-30,West Brett,Mississippi,United States,2024-11-19 20:13:12
833,a284e8fd-755c-4e2a-b8de-d777bb1e5ae8,Jessica,Johns,Jessica Johns,female,qhendricks@example.net,+1-471-677-5461,1942-07-27,Wardside,Iowa,United States,2025-11-26 08:59:53
834,88d00abd-cbb1-4c79-9036-708dd9a09007,Shane,Alexander,Shane Alexander,male,vfuller@example.net,822-659-0956,1970-06-05,East Todd,South Dakota,United States,2025-02-28 03:30:16
835,d3293724-6dfd-471a-b7d7-465d37c3b3c9,Jerry,Hammond,Jerry Hammond,male,bauercory@example.org,801-287-8035,1945-10-27,Wyattfort,Maine,United States,2026-03-28 03:16:21
836,d40e53ce-52a7-4a41-84be-d4867ea5a387,Amanda,Soto,Amanda Soto,female,carmengomez@example.net,+1-494-952-9517x122,1988-07-16,Johnside,New Jersey,United States,2025-02-23 14:39:55
837,216e9fe5-93f3-4596-8c1c-8b0556771f36,Christopher,Ward,Christopher Ward,male,edward16@example.org,(654)996-3308x3344,1938-04-12,Waynehaven,New York,United States,2025-11-04 10:24:37
838,aebbb90e-e4e7-41de-97ff-51d9c9ce44bd,Kyle,Nielsen,Kyle Nielsen,male,nelsonandrew@example.org,5599685195,2003-05-18,Claireburgh,Montana,United States,2025-09-02 04:20:07
839,c8acffcf-a04d-4d14-997d-bae10bc2ea72,Madison,Clark,Madison Clark,female,robert42@example.com,375.422.5920x6165,1953-12-21,Lake Miguelburgh,Georgia,United States,2026-01-08 15:26:15
840,db8f0e32-edef-4003-9fce-01e3042b03ca,Dustin,Jones,Dustin Jones,male,jrobinson@example.net,259-863-6372x62942,1987-01-24,West Elizabethhaven,Alaska,United States,2026-02-19 09:55:53
841,fde91c42-002c-4c22-b4de-5f7070f81dba,Maureen,Morgan,Maureen Morgan,female,jamierodriguez@example.net,+1-300-449-8321,1956-06-04,Port Geraldland,Mississippi,United States,2026-05-10 07:40:55
842,e8cee951-b047-4ea4-bee5-ce6933cb202e,Edward,Bates,Edward Bates,male,dawsonamanda@example.com,+1-368-776-4019,1971-06-09,South Kyleport,Wisconsin,United States,2025-01-17 03:43:45
843,28b2bf21-4d47-4ed6-a666-3769e1d46f82,Sara,Nunez,Sara Nunez,female,nortongregory@example.net,378.873.5856x6464,1953-05-10,West Donna,Delaware,United States,2026-01-22 14:43:04
844,40198303-5c45-4e4d-a793-13b817e52113,Charles,Conrad,Charles Conrad,male,haroldlee@example.org,310-342-9483x1478,1999-11-14,Hernandezchester,Pennsylvania,United States,2026-01-21 18:07:33
845,a61f0b96-e75f-445a-aa1d-3fc65f31273d,Linda,Austin,Linda Austin,female,pearsonwillie@example.org,480-203-6660,1944-04-01,West Sharonburgh,Ohio,United States,2025-06-23 21:42:03
846,4e35da80-a027-4a18-a576-a4100d41ee47,Cheryl,Foster,Cheryl Foster,female,smithcrystal@example.com,(443)883-8058,1959-01-08,North Shannonside,Vermont,United States,2025-09-06 02:36:08
847,b4258e19-1758-447e-a7cd-e1436de21429,Carly,Ellis,Carly Ellis,female,omahoney@example.org,+1-338-796-3376,1951-04-13,Thompsonmouth,Connecticut,United States,2025-04-15 21:49:10
848,13f3cade-7a10-413f-b6a2-c52b00473139,Jessica,Torres,Jessica Torres,female,smithcharles@example.org,+1-382-933-9218x83527,1980-01-16,South Stephaniefort,New York,United States,2025-07-31 22:47:42
849,ae13591e-84fa-4c72-b9e7-a4f197fb613a,Anna,Williams,Anna Williams,female,margaret20@example.net,+1-981-843-1927,1951-08-27,Hullville,Minnesota,United States,2026-01-09 08:03:33
850,57f479b5-b212-46ee-8210-63710260a123,Jason,Castaneda,Jason Castaneda,male,amberevans@example.net,320.426.6568x6295,1979-10-23,Harrishaven,Pennsylvania,United States,2025-12-18 15:39:33
851,b1ac040d-6c1c-4405-9c3f-42e0fcf7b842,Stephanie,Martin,Stephanie Martin,female,jeffrey46@example.net,+1-807-842-9907x4729,1977-03-15,Port Samuelfurt,New York,United States,2024-10-22 04:25:43
852,6210def6-3a9c-4308-9221-cddf7a4a902f,Kristina,Tran,Kristina Tran,female,rparker@example.com,685-399-4641x839,1991-09-09,Sanchezmouth,North Dakota,United States,2026-02-06 16:20:12
853,1a6b6a7d-1a38-4ad6-8e53-2ffdbb134f02,Gwendolyn,Ross,Gwendolyn Ross,female,osbornkelly@example.net,+1-804-245-0928,1980-03-20,North Mary,Arizona,United States,2025-02-09 19:34:01
854,231ae7c7-4c9b-4f5c-a188-7eaf5e1885c3,James,Woodward,James Woodward,male,sanderskelly@example.net,3085248458,1935-11-01,Port Elizabeth,Arizona,United States,2025-06-18 15:18:09
855,dfdf0e05-c0ce-431b-9038-e153c601818b,John,Estrada,John Estrada,male,christinedoyle@example.com,001-518-256-3027x5000,1982-09-13,Wolffurt,Connecticut,United States,2026-01-08 08:48:51
856,249204c7-ad58-4b1b-be31-537aa43e558c,Stacy,Osborne,Stacy Osborne,female,deanna05@example.com,918-249-3784x6790,1951-11-11,Martinton,Alaska,United States,2025-01-01 04:20:22
857,9c3de1b0-022b-4683-9033-da6587cf63fd,Lynn,Harris,Lynn Harris,female,pamela10@example.org,844-842-9906x745,1986-09-09,West Shelby,Missouri,United States,2025-01-23 12:33:15
858,368acd40-b8f1-4e3c-99e7-703a70aa5b0d,Rachel,Martinez,Rachel Martinez,female,renee99@example.com,625.962.2219x0533,1939-10-05,Victorfort,Missouri,United States,2025-05-29 04:55:21
859,afc2ccfc-9db7-484b-a965-d1d1eb7e2e64,Kimberly,Cohen,Kimberly Cohen,female,nathan39@example.com,521-338-3507x12455,1958-05-20,North Joycefurt,Florida,United States,2026-02-28 19:34:59
860,e5871d89-1631-4fc6-b79d-58f9dc268108,Cody,Davis,Cody Davis,male,noblekimberly@example.org,001-727-772-6488x39585,1959-01-10,New Elizabeth,Hawaii,United States,2026-03-18 13:38:47
861,96ee50e5-1f87-4b46-80a0-473a23d7e6a1,Sarah,Taylor,Sarah Taylor,female,craig18@example.com,359.617.1050x8054,1996-10-05,Parkerfort,Iowa,United States,2026-05-22 08:40:09
862,50834fef-6dec-4bbd-b697-77a159fe3d53,Jacob,Lewis,Jacob Lewis,male,kennethrusso@example.net,001-541-271-5949x7344,1981-02-16,South William,Alaska,United States,2025-03-27 00:51:01
863,159152f2-a505-4a9c-86e7-5a2c3f6eed9d,Christie,Moreno,Christie Moreno,female,ymiller@example.org,001-433-389-2608x788,1983-10-02,South Amy,Illinois,United States,2024-10-12 21:38:45
864,b89f3a92-999a-4d86-99db-13028dab66d3,Dominique,Peters,Dominique Peters,female,lesliebrown@example.org,274-365-3537,2005-06-04,West Rogerfort,Illinois,United States,2025-05-20 15:11:06
865,06ddf6ca-b0c3-4a59-b0f7-ad22c76a8e0f,Douglas,James,Douglas James,male,mossscott@example.com,(496)691-4336,1986-12-10,Greenmouth,Arkansas,United States,2026-01-21 21:30:01
866,82701238-9b5f-4f39-848b-34f034981735,Kevin,Willis,Kevin Willis,male,norrisdaniel@example.net,+1-385-873-9083x521,2006-10-24,Rebeccaburgh,Tennessee,United States,2025-05-22 09:31:56
867,a56b61e0-4ba8-44ca-a449-cb6fbf72ae52,Jean,Fitzgerald,Jean Fitzgerald,female,christine97@example.net,(372)285-7595x828,1960-02-21,North Scott,Pennsylvania,United States,2025-09-29 20:22:45
868,f4655a21-cb35-497a-a5dd-98f1c8a738ab,Monique,Lynch,Monique Lynch,female,wilkinskevin@example.net,697.617.0598,1980-07-01,Port Josephborough,Nevada,United States,2025-10-25 22:20:12
869,3db788a6-1cdc-44c2-a2c9-65b27eb0f62a,Paige,Moore,Paige Moore,female,ghendrix@example.org,(330)338-8568,1969-03-16,Flowersland,Louisiana,United States,2026-09-17 05:29:27
870,873dc8bd-122d-47be-980b-c81ea3595d1f,George,Smith,George Smith,male,rojaschristina@example.net,001-421-877-9055,1993-04-28,East Madeline,Mississippi,United States,2024-12-13 20:59:39
871,51045a16-ef15-4b72-9c70-ee97fca45567,Lori,Sandoval,Lori Sandoval,female,webstersteven@example.net,5533260119,1937-03-06,Port Amanda,Oregon,United States,2025-10-08 19:40:59
872,91816091-d6c6-445c-9c5e-4e786307d4d1,Elizabeth,Lucas,Elizabeth Lucas,female,michael36@example.org,001-608-758-1810,1944-01-23,West Jason,New Jersey,United States,2025-03-14 20:53:58
873,2c3aacdc-aed5-4a46-8bde-005b5d8babd7,James,Bullock,James Bullock,male,wharris@example.com,(571)535-8969,1983-11-01,Port Christine,Virginia,United States,2024-10-10 22:30:55
874,12af97e4-c536-466e-bcc4-091bf45707c6,Mark,Stephens,Mark Stephens,male,odavis@example.com,731.356.6397x925,1949-07-16,Robertsfurt,Utah,United States,2026-01-24 21:19:27
875,431e930f-0387-474d-9149-d096965d744f,Amanda,Anderson,Amanda Anderson,female,thomaswhite@example.org,(689)466-6053,2006-09-12,South Lindsayview,California,United States,2026-07-01 23:52:52
876,f2dcb12b-0f7a-4302-ac2e-28150a3217d2,Michele,Gutierrez,Michele Gutierrez,female,barrycindy@example.net,553.258.4640x510,1954-03-08,Bairdtown,Kentucky,United States,2025-01-24 06:11:56
877,b66edbf4-a0ea-4251-8957-43a281b13b80,John,Clark,John Clark,male,sarahhicks@example.org,844-271-8939x530,1992-09-13,Moralestown,Oregon,United States,2025-02-17 07:54:12
878,1519fd38-66fb-471d-b3a9-dcaa6c6f6d2e,Christopher,Herrera,Christopher Herrera,male,sheena87@example.com,851-335-8727x17430,1950-02-20,Combsview,Wyoming,United States,2026-04-18 07:23:10
879,143ac1c5-4f56-4ed5-9566-9e364708203b,Pamela,Johnson,Pamela Johnson,female,stacey98@example.net,587-538-7758,1964-12-11,Campbellfort,New Hampshire,United States,2024-10-16 05:27:57
880,8950ddd6-27c6-4bb1-8edd-069df96c9a0a,Sandra,Davis,Sandra Davis,female,jacobscindy@example.org,(438)260-2826x254,1971-05-31,Lake Melaniebury,Colorado,United States,2026-01-23 03:43:53
881,c362a810-a261-4b8d-9620-bee66406face,Andrew,Pearson,Andrew Pearson,male,amurray@example.com,001-541-300-7941x93245,1943-11-09,Kleinport,Connecticut,United States,2026-02-10 01:56:56
882,bade8d5d-6fff-45cc-b2dc-6c344f67448e,Tammy,Thomas,Tammy Thomas,female,amy70@example.net,001-987-626-4963x2251,1955-05-18,West Alexis,Vermont,United States,2026-02-18 22:21:21
883,ecb4678c-1612-4aa6-be96-39ba0ed2ec9d,Megan,Jackson,Megan Jackson,female,rodriguezmaria@example.org,2349686163,1937-05-23,New Reginald,Vermont,United States,2026-02-24 10:55:29
884,9bdc70d1-9cbf-4b8c-b410-2d5d1db14bfc,Christopher,Villa,Christopher Villa,male,kimberlyjohnson@example.com,001-736-962-1953x68900,2000-07-06,Anthonyville,New York,United States,2025-04-12 11:06:18
885,a8761e85-bddf-403a-aa84-30f84f2da233,Breanna,Moses,Breanna Moses,female,johnsonsteven@example.net,213.907.2211x386,1946-01-16,Simpsonburgh,Delaware,United States,2024-10-24 19:01:37
886,23204ff5-b538-496c-833e-02f71e93d127,Regina,King,Regina King,female,julia17@example.org,001-528-817-0744,1943-01-30,Port Jeremiah,Maryland,United States,2025-05-21 02:20:23
887,58c1aad6-f3f8-4ea4-bf14-eafa29f0ef7c,Shannon,Arias,Shannon Arias,female,isaiahthomas@example.net,(602)952-3941x2094,2000-05-01,South Christina,Indiana,United States,2026-03-13 05:40:31
888,bff15840-207e-463f-9f32-d5d82abe1585,Clayton,May,Clayton May,male,leslie32@example.com,(317)894-8024x55985,1940-10-20,North Daniel,Texas,United States,2024-12-30 04:38:46
889,c57c7498-1e38-4711-a2ec-13f4bba1aed9,Francisco,Conrad,Francisco Conrad,male,jacksonrussell@example.com,001-849-286-4786x86237,1937-01-27,Larryview,Alaska,United States,2025-11-06 10:49:37
890,45a08539-6de8-470a-8e9e-9ebd55c34853,Nicole,Gonzales,Nicole Gonzales,female,daviladaniel@example.org,549.892.1640x0698,1953-02-27,Port Mark,Iowa,United States,2025-05-09 19:25:12
891,939f71a2-f99c-4a5c-b65a-d0f14350ab06,Kimberly,Hicks,Kimberly Hicks,female,shane08@example.org,439-286-5462,1958-08-24,East Jamesfort,Utah,United States,2026-10-04 14:24:05
892,5c311464-82c2-49f0-b487-d7727f0386fa,Natalie,Cline,Natalie Cline,female,raven03@example.org,8009088634,1968-04-28,New Adamhaven,North Dakota,United States,2025-12-23 11:50:55
893,2ab8bd33-911f-430b-9bff-00b07fe670f3,Patricia,Carroll,Patricia Carroll,female,martinezdavid@example.org,5919692327,2008-02-26,Singhton,Missouri,United States,2024-10-12 07:55:13
894,1a57f9e4-c5f8-42f8-814f-499428457780,Joshua,Quinn,Joshua Quinn,male,amy18@example.com,846.330.0099x8433,1948-12-06,South Christopher,Connecticut,United States,2025-11-15 22:36:56
895,00a85473-8242-4912-bda3-c1623a78b64a,Sonya,Flores,Sonya Flores,female,heather58@example.org,001-894-820-3401x53534,1939-11-02,Morrisshire,Rhode Island,United States,2026-01-12 07:04:32
896,3e9aec86-0325-4fbd-9ce8-e1c5dbd30aec,Danielle,Perkins,Danielle Perkins,female,michelle67@example.org,001-401-408-2402x818,1966-01-15,Carlsonport,Alabama,United States,2025-01-29 08:53:39
897,eb93f78c-620a-4158-9d2d-904f78c59073,Tonya,Myers,Tonya Myers,female,schmidtvincent@example.org,945.227.3536x4235,1936-11-26,Christopherville,Wyoming,United States,2025-12-14 09:18:18
898,db842660-f5d8-4b91-ae60-81ac2dd0622e,Tiffany,Arnold,Tiffany Arnold,female,daniel16@example.org,+1-425-559-0461x0079,1943-04-19,Ronaldtown,Arkansas,United States,2024-12-10 15:07:31
899,b6ca1127-e9f8-4970-8d98-f9e28d888beb,Bethany,Allen,Bethany Allen,female,stephenjohnson@example.net,001-723-229-6151x2048,2003-07-03,Grahammouth,Iowa,United States,2026-06-30 08:40:09
900,6a8fcacb-3f8e-4d0d-9261-9dec3979d5f5,Raymond,Cross,Raymond Cross,male,larry04@example.net,(327)763-4601,1967-12-17,West Victorborough,Washington,United States,2025-06-02 12:27:01
901,92502e59-13f0-4822-9374-8a1145712959,John,Hernandez,John Hernandez,male,michaelwoodward@example.org,868.822.5127x2670,1988-06-27,Sarahfurt,Georgia,United States,2026-08-01 05:30:19
902,e6e59b32-ac5f-42ef-8085-c1471e910f36,Carlos,Terrell,Carlos Terrell,male,ahenson@example.net,784.294.7712x903,1940-09-22,Proctorville,North Carolina,United States,2025-05-28 23:57:55
903,8409c5ea-cde9-48b3-b922-a7e42de982f8,Kathryn,Webb,Kathryn Webb,female,teresa23@example.com,734-804-6682x121,1970-02-28,Frankview,Oregon,United States,2026-06-07 15:33:31
904,e0827f76-11a5-49b4-a6a3-02d6f43e8c48,Carolyn,Booker,Carolyn Booker,female,laurie11@example.org,+1-697-538-8182x73063,1981-09-03,Vincenthaven,Idaho,United States,2026-04-20 18:31:24
905,d847dc53-c605-458a-8845-4343ddb449dc,Austin,Black,Austin Black,male,zherrera@example.com,605-311-0212x543,1961-02-20,Port Anthony,Virginia,United States,2025-08-13 05:26:14
906,74ed5145-8d97-45c7-961d-5c8753c9fe59,Anthony,Carr,Anthony Carr,male,psmith@example.com,(518)360-0320,1996-07-22,North Christopherview,Arizona,United States,2026-10-04 06:09:42
907,9055a36f-4aa5-49d3-b35f-2f595e717fca,Alexis,Evans,Alexis Evans,female,pli@example.org,001-671-397-8601x62590,1974-07-14,Underwoodmouth,Mississippi,United States,2026-09-20 23:30:30
908,76c3e642-3e19-4c1d-9f6a-6a65bd54da04,Adam,Martinez,Adam Martinez,male,susanpeterson@example.com,221.507.2887x80727,1999-06-12,South Danieltown,Oklahoma,United States,2026-03-25 13:15:41
909,ff6ef9ed-7e4c-429f-b8cb-ab4c97790e84,Jose,Maxwell,Jose Maxwell,male,jdaugherty@example.org,599.964.7718,1981-11-16,North Seth,Nebraska,United States,2025-12-14 02:40:41
910,c2aef674-8beb-4e78-a683-73a3bb82b796,Sharon,Yoder,Sharon Yoder,female,whitejustin@example.org,+1-885-457-8002x44323,1957-11-04,South Brendafurt,Rhode Island,United States,2026-03-08 22:54:01
911,68f82063-eeb1-4ad2-81a1-fb0f268b84b6,Pamela,Arnold,Pamela Arnold,female,qgreen@example.com,7674516913,1947-12-07,Brianville,Nebraska,United States,2026-08-31 07:21:42
912,a2cd1590-58af-493c-8aa2-b4c93ba5bd76,Elizabeth,Thomas,Elizabeth Thomas,female,smithsarah@example.org,550.484.2431,1975-01-12,Wesleybury,Alaska,United States,2024-10-13 08:23:14
913,c2492e5e-005f-40e6-95c3-b2dbf374190d,Elizabeth,Rodriguez,Elizabeth Rodriguez,female,zburke@example.org,9537021516,1988-08-01,Richardbury,Iowa,United States,2026-03-08 01:35:31
914,4eb9047d-ba2a-43d9-bcf2-fc3bd95874c2,Sean,Mendez,Sean Mendez,male,jesse81@example.org,9508147642,1952-05-26,Thomasside,Michigan,United States,2025-06-11 16:51:54
915,3cf88d20-fbad-493f-87a1-ec0234879e41,Natasha,Rocha,Natasha Rocha,female,taylorkaylee@example.com,651.423.9597x8155,1986-12-25,Port Emilymouth,Hawaii,United States,2025-03-30 19:01:21
916,f8f9a45d-0f55-4896-b610-396b7df59abf,Nicholas,Smith,Nicholas Smith,male,kristin65@example.com,(977)320-5171x07308,1984-12-23,Trujillofort,Ohio,United States,2026-02-15 11:03:03
917,0b3d0c36-17d0-4810-87a2-a10bb62edb49,Nicole,Olson,Nicole Olson,female,robinsontommy@example.com,780.927.4148,1960-05-26,Williamsshire,Idaho,United States,2025-06-20 12:59:17
918,69be173a-850e-40ad-9872-f72ee5b4a1ae,Debbie,Walton,Debbie Walton,female,czavala@example.org,+1-284-907-6642,1987-02-07,East Timothy,California,United States,2026-08-04 03:14:37
919,15bc2a3e-bf76-45d7-b97c-6c3c755d814b,Ruben,Clark,Ruben Clark,male,jared86@example.com,(625)892-3868x79060,1967-07-29,North Heather,Wyoming,United States,2025-07-20 04:49:04
920,d1e91691-a320-4116-a22d-f6a48163b6ce,Paula,Green,Paula Green,female,kristina89@example.org,739.861.5976x4053,1997-01-13,Lake Thomasmouth,New York,United States,2026-04-10 09:55:39
921,0ff1c51f-915c-431b-9786-7b1213281726,Gerald,Scott,Gerald Scott,male,ljefferson@example.net,4389422736,1963-10-30,North Jasmin,Idaho,United States,2026-02-17 04:56:57
922,3c9d128a-2176-4930-b6d7-0248a995ecc3,Charles,Garcia,Charles Garcia,male,huffmaria@example.net,769.317.1620x4298,1975-01-31,Maryfurt,Oregon,United States,2025-12-09 07:06:58
923,ed1115d7-50a4-4c85-99d5-7b0242d04d55,David,Brooks,David Brooks,male,houstonstephanie@example.org,292.320.2698,1971-12-24,Lake Raymond,New York,United States,2026-07-11 04:18:57
924,53853918-bc40-45fa-94f7-6322b362c0d2,Billy,Henderson,Billy Henderson,male,oneillshannon@example.org,616.537.0500,1964-02-28,South Mary,Idaho,United States,2025-04-20 13:09:53
925,131eb723-3bcd-4203-859e-e67473e7f042,Thomas,Bennett,Thomas Bennett,male,melissaroy@example.com,(594)276-3808,1989-11-19,Jordanburgh,Minnesota,United States,2026-01-26 16:54:21
926,95af6d0c-c528-4425-87a9-f33c22d839d3,Monica,Roth,Monica Roth,female,daniel93@example.net,+1-832-572-7281x291,1983-02-17,West Theresashire,Nevada,United States,2024-11-20 15:02:52
927,7316ce64-2a14-4a96-9b0c-62eb27c8fc6c,Beth,Jordan,Beth Jordan,female,pchavez@example.com,(672)784-5397,1938-12-10,Sharphaven,Ohio,United States,2025-09-08 04:04:02
928,893259f3-1ee8-4a4c-a811-34e250647c59,Eric,Smith,Eric Smith,male,wchaney@example.com,2204801929,1961-02-04,West Kimberlyport,Kansas,United States,2026-01-29 17:52:25
929,73b0d676-3527-45c8-8534-ca08f6f24d1c,Andrew,Green,Andrew Green,male,richardsglenn@example.org,(733)732-0235x102,1982-08-01,North Christinebury,Michigan,United States,2025-05-13 18:04:12
930,1eb2a7b8-da3c-45ca-83d7-8f2b769de1e3,Gary,Robbins,Gary Robbins,male,perezrichard@example.net,+1-684-539-3332,1989-05-25,New Ronald,Alabama,United States,2026-06-27 23:47:40
931,4de1087b-afa1-4a55-8ebe-abaa28597b34,Kimberly,Reed,Kimberly Reed,female,daviddecker@example.com,001-441-229-0759x65999,1951-10-22,East Tammy,Montana,United States,2025-03-08 06:31:11
932,53ea4919-db48-42c2-95ff-2a1f370b9a29,Angela,Stevens,Angela Stevens,female,joshua10@example.com,(394)419-3759,1960-05-14,Griffinbury,Connecticut,United States,2025-10-14 11:53:44
933,f7e9101d-3f8b-4433-b60e-695c1759ba96,Jacqueline,Sharp,Jacqueline Sharp,female,sherrywyatt@example.com,952.586.4612x0961,1939-05-11,New Brittanyside,Louisiana,United States,2025-06-07 09:28:10
934,ad5be3c8-0c88-4714-8372-17e0657046ea,Shannon,Nelson,Shannon Nelson,male,gabrielrodriguez@example.com,001-335-650-5143x219,1968-02-13,New Melissafort,Pennsylvania,United States,2025-09-28 11:28:19
935,2c82989f-fd9c-4bb0-91f1-6485429a4a7c,Mark,Green,Mark Green,male,nicholasfigueroa@example.org,(418)283-4581,1976-12-05,Vasquezchester,New York,United States,2026-02-09 21:23:33
936,73c374a6-dac7-46b6-a786-3fb3f3bc9a71,Janet,Andrews,Janet Andrews,female,nicoletodd@example.net,001-786-951-5902,1975-03-16,Hillhaven,Michigan,United States,2026-02-11 19:51:19
937,cdcc2d6a-1a16-498c-b648-776e183fea70,Kathy,Mueller,Kathy Mueller,female,mariaweaver@example.com,001-467-726-2084x672,1977-04-15,Port Kimberly,Massachusetts,United States,2026-04-30 22:41:27
938,d49347fc-0fc9-4d2e-830f-9be91f178f93,Jacqueline,Floyd,Jacqueline Floyd,female,kjackson@example.org,(650)918-2562,1959-03-08,Lopezview,Idaho,United States,2026-02-19 06:25:33
939,668c879b-d2dc-42c8-b2b8-d8aa21768dd7,Alexandria,Rosales,Alexandria Rosales,female,laurasanchez@example.com,849-892-9009,1958-12-05,Williamschester,Montana,United States,2024-10-05 14:29:33
940,a50a13dc-f004-4897-a15b-2e18afb06406,Dennis,Guerra,Dennis Guerra,male,maria09@example.com,(532)517-4003x91019,1986-03-20,New Christine,Florida,United States,2025-02-06 22:30:50
941,eadc9960-4242-41e2-960b-e0f495132c22,Elizabeth,Ford,Elizabeth Ford,female,herringjeffrey@example.org,001-806-308-2770x564,1992-08-24,South Theresaberg,Montana,United States,2025-05-11 23:12:01
942,329fc417-1081-4d45-bf45-f8a20594b24f,Colleen,Fox,Colleen Fox,female,alex95@example.org,523.846.1762x313,1951-05-14,Lake Sharonview,Maine,United States,2026-04-11 20:48:44
943,e7b33085-178b-4968-a0f8-7ba2cf2e3296,Brandon,Graham,Brandon Graham,male,sheilabaldwin@example.com,(944)813-7277x685,1940-01-25,Trevinoborough,Kentucky,United States,2026-01-17 20:49:20
944,7603c36c-f139-4e3c-8aee-25571f5df912,Eduardo,Hanson,Eduardo Hanson,male,fuentesnichole@example.org,555.418.8701x7999,1976-07-23,North Nicole,Maine,United States,2025-12-14 15:47:47
945,6ee35607-92ea-4324-ac93-e5962b015723,Colleen,Parker,Colleen Parker,female,christian72@example.org,456-753-8694x790,1975-09-11,Juliefurt,Wisconsin,United States,2025-01-19 16:19:07
946,aee70ab2-61fa-4e7a-878c-26ce7f0223bc,Jason,Bradley,Jason Bradley,male,haley23@example.net,(341)800-9538x55742,1973-08-31,West Kimberly,Rhode Island,United States,2024-10-17 20:13:08
947,e886a011-36f7-426c-9a9c-06792c3d17e2,Russell,Johnson,Russell Johnson,male,thomasjones@example.net,(904)276-1437x88443,1989-09-05,Millermouth,Tennessee,United States,2026-08-01 09:28:58
948,e2280fe3-722d-4e13-87a4-8c4246653497,Heather,Perry,Heather Perry,female,isweeney@example.net,(236)281-5418x5899,1956-01-22,Alvarezburgh,Oregon,United States,2026-07-22 06:51:02
949,9df2372e-9e82-4aae-9d36-16a108dec921,Ashley,Waters,Ashley Waters,female,matthew78@example.com,5435566050,1996-03-19,Robinshire,North Carolina,United States,2025-04-14 05:05:15
950,69785221-7fb7-4c57-8b8c-031fa5b40983,Christine,Sanders,Christine Sanders,female,bwade@example.com,218.922.2667x9419,2004-11-28,Murphyhaven,Wisconsin,United States,2025-06-18 08:02:21
951,620d4a1f-479f-4628-9674-eb650f9c5300,Michael,Stokes,Michael Stokes,male,hugheskaren@example.net,(434)428-9876x05504,1951-10-24,Brownside,Nevada,United States,2026-05-22 14:25:10
952,e2789642-a484-4035-b30f-aaa36b52f93c,Melody,Jones,Melody Jones,female,cvega@example.org,(463)320-1629x07399,1957-07-01,Wilsonberg,Nebraska,United States,2026-04-04 00:05:56
953,8b2d158a-cd5a-4324-be7c-80e9a1791e93,Erica,Stephenson,Erica Stephenson,female,kendrahall@example.org,208.564.9426x942,2008-08-24,North Emily,Kansas,United States,2025-06-16 06:32:17
954,b69f75c5-c82b-41be-a1eb-64e6fd498e20,Elizabeth,Mayo,Elizabeth Mayo,female,rodriguezmichael@example.net,+1-567-206-9219x587,1985-10-28,Wendyhaven,Hawaii,United States,2025-05-04 08:02:01
955,7c13f47a-c80c-4195-8b65-84ce7acc9970,David,Gaines,David Gaines,male,donna30@example.net,(817)881-6780,1972-08-26,Lake Daniel,Tennessee,United States,2025-11-19 07:00:27
956,5254aad3-809c-4839-90ce-82e8e9a53368,Kevin,Campos,Kevin Campos,male,garciadebra@example.com,001-492-881-5037x01709,1976-05-12,South Nicholeborough,Alaska,United States,2025-11-08 00:12:53
957,51a1f5df-06ac-4010-ae08-69c1453b45fe,Mark,Johnson,Mark Johnson,male,gibsonrichard@example.net,(296)282-4485,1998-01-16,New William,Pennsylvania,United States,2025-06-25 15:03:24
958,c74e48ff-cf89-469d-a550-d73607806e71,Tiffany,White,Tiffany White,female,fwelch@example.org,(280)269-1961x27662,2007-12-11,Port Alvin,South Carolina,United States,2025-01-06 15:43:46
959,78c04ed8-fdd4-4f21-8f03-f0c80effd5bd,Jesus,Reid,Jesus Reid,male,virginiafisher@example.net,244-335-9624x587,1960-01-27,Lake Julieberg,Maryland,United States,2025-02-08 11:30:06
960,3b964c74-ffe6-4994-9580-4c2ac44fc4b8,Matthew,Brooks,Matthew Brooks,male,lcarlson@example.org,(937)853-0284,1943-10-05,New Nicholas,Wisconsin,United States,2025-09-19 01:14:14
961,3dbc3093-a828-4442-bf73-8f5019a2676f,April,Hull,April Hull,female,john52@example.net,205-553-6481x8754,1990-03-19,Maryhaven,Ohio,United States,2025-01-27 11:45:08
962,ead18464-ca8e-458c-90f8-1063889fe107,Bryan,Sawyer,Bryan Sawyer,male,pbolton@example.net,(946)862-3236x066,1974-05-15,East Nathanport,Oregon,United States,2026-07-01 16:21:26
963,382b5b86-f2a3-4efd-bf13-8c80c398c332,Kari,Pruitt,Kari Pruitt,female,denniswilliams@example.com,(498)262-2699,1987-12-31,Sandersmouth,Oregon,United States,2026-01-01 13:23:09
964,fdd5b0f8-d6d7-44fd-af69-a9805ad479ef,Jason,Lopez,Jason Lopez,male,nicholas99@example.net,(899)983-3587,2003-03-10,Carrstad,Wyoming,United States,2025-09-07 09:02:23
965,5168bbf2-97af-4bde-bc8e-9d782d14e9f4,Alexandria,Martinez,Alexandria Martinez,female,alicia08@example.com,+1-831-253-9839x122,1939-10-02,North Keithton,Tennessee,United States,2026-02-28 16:05:05
966,b4157cea-0738-4ba4-9770-a3dbe9fa97e2,Michael,Spears,Michael Spears,male,maryramsey@example.org,930-749-1341x0389,1956-06-27,Andersonshire,South Carolina,United States,2025-11-28 22:56:53
967,2460d0d2-9048-43c1-9151-9998f2933585,Jeffrey,Murphy,Jeffrey Murphy,male,vphillips@example.net,001-524-205-9208x235,2001-09-11,Pattersonville,South Carolina,United States,2025-04-26 03:38:09
968,e1b243cc-cf76-4343-bced-f994d631c383,Kristin,Oliver,Kristin Oliver,female,rosecarroll@example.net,5562820175,1996-10-22,Ortizhaven,Nevada,United States,2025-12-23 14:20:25
969,7d8d3ddd-2cf1-49cb-8f1e-1a378ac8ad93,Gary,Castillo,Gary Castillo,male,melissa04@example.org,374-212-5313x7956,1942-10-24,Henryborough,Tennessee,United States,2025-02-14 02:41:18
970,9a069295-3b8d-4447-8e61-065f171b1b80,Angel,Ewing,Angel Ewing,female,bryan61@example.net,001-520-925-9991x93873,1941-03-31,West Jessica,Maine,United States,2026-07-29 00:18:00
971,002ccb25-7a5d-4c82-86c5-547c051a0039,Whitney,Hill,Whitney Hill,female,mmitchell@example.org,001-847-760-7862x35107,1946-02-17,Port Thomaston,Vermont,United States,2025-12-12 07:53:42
972,ce7334f2-3393-4b6c-9d37-efb6eafb3e90,Samuel,Proctor,Samuel Proctor,male,webbjohn@example.net,(689)251-4563,1945-09-29,Williamstad,Minnesota,United States,2025-12-02 10:08:29
973,eb3537a0-2d6e-4291-b789-3986573bfc17,Natalie,Daniel,Natalie Daniel,female,morrismary@example.com,296-653-9160x770,1937-04-19,Port Laurie,Virginia,United States,2025-06-04 08:20:44
974,962c04dd-25d0-4461-859c-15740f3f0f48,Francis,Collins,Francis Collins,male,traci39@example.net,+1-822-418-0396,1941-03-10,New Nathan,Ohio,United States,2025-12-10 05:55:57
975,86bb42c7-d8b2-48b6-9c65-4aa2c63ce21d,Jennifer,Fry,Jennifer Fry,female,kelleramanda@example.org,(865)529-5164,1963-06-27,West Jennifer,Florida,United States,2025-03-09 19:47:43
976,b45c9a54-5fa3-4531-9291-6e60f5e72daf,Anthony,Lee,Anthony Lee,male,bevans@example.net,306.670.8987x09201,1966-01-08,North Jamesberg,Missouri,United States,2025-07-26 10:59:34
977,4d407b28-5628-4dcd-99dd-3e8c96053035,Brett,Rogers,Brett Rogers,male,angela80@example.com,(663)921-1960,1957-05-22,North Lawrence,Rhode Island,United States,2026-09-08 08:00:52
978,bb7b6c05-2852-4ca2-b9d2-014a22ee7f07,John,Smith,John Smith,male,xcrane@example.net,347-708-2317x146,1968-12-13,Robertfort,Missouri,United States,2025-08-18 10:48:33
979,7cb923f5-f5ed-4382-a3a6-ef83cab63107,Carlos,Russell,Carlos Russell,male,markblake@example.com,2534026184,1986-08-28,Hessmouth,Alabama,United States,2025-03-22 05:57:01
980,8fddbebc-f7ff-48d4-b509-f08a2c988bca,Terry,Black,Terry Black,male,riveralisa@example.com,406.363.6050,1994-02-19,Maryside,Pennsylvania,United States,2025-01-07 03:35:17
981,d08012b8-96c5-4fe7-aa60-4892392612e9,Adam,Robinson,Adam Robinson,male,vargasvanessa@example.org,001-730-925-2094x5237,1985-08-30,Port Daniel,Tennessee,United States,2026-07-07 17:26:49
982,b0416f19-bbe7-4835-8e8b-f78a60ddc7f1,Chelsea,Long,Chelsea Long,female,hansonamanda@example.org,(475)274-5449,1979-03-06,Julieport,Vermont,United States,2025-05-15 00:31:06
983,0075d3d5-ba94-4a66-ad7e-4a452099e71f,Timothy,Perez,Timothy Perez,male,martinezallen@example.net,689-765-5834,1989-12-11,Mooreburgh,Rhode Island,United States,2026-06-14 06:53:27
984,f7164b73-c555-43ed-be89-56c8d9cb3540,Michael,Hernandez,Michael Hernandez,male,djensen@example.com,001-266-903-6162x486,1937-03-09,Shaneberg,Wisconsin,United States,2025-08-28 21:04:30
985,ebc92914-5176-49d1-9a36-24d62e9ce8ff,Stephanie,Sullivan,Stephanie Sullivan,female,jamesmarsh@example.org,(885)901-5301x731,1948-07-15,Rodneystad,North Dakota,United States,2025-09-12 04:47:26
986,efcac577-1aa6-47cb-90c7-e6aca3bfe403,Laura,Brooks,Laura Brooks,female,jonathanjones@example.org,001-754-579-4064,1948-12-20,Heathermouth,Pennsylvania,United States,2024-11-16 16:14:53
987,13eb22c9-bece-421a-94c7-743b2401342a,Francisco,Stevens,Francisco Stevens,male,blakesarah@example.net,001-786-864-6936,1952-07-04,East Nicole,Virginia,United States,2026-01-20 02:17:11
988,2afaab7b-51cb-49e5-bb7d-3ba158c88c48,Kathleen,Burton,Kathleen Burton,female,afoster@example.com,+1-470-423-7718x43019,1939-03-27,Ryanbury,Indiana,United States,2025-03-01 17:17:41
989,a39c3bd5-ab86-4afd-b57e-c883d2586d90,Sarah,Thomas,Sarah Thomas,female,rlewis@example.org,796.544.0282,1958-01-22,Donovanmouth,Missouri,United States,2026-01-27 21:24:50
990,35adde88-43e4-4668-82ea-d2df725656e3,Scott,Delgado,Scott Delgado,male,frederick73@example.net,001-323-685-2023x209,1935-10-11,South Christinabury,Wisconsin,United States,2026-06-17 12:42:19
991,41b455b8-59b9-422c-915a-ffacb173fcdf,Casey,Ramirez,Casey Ramirez,female,jasonphillips@example.net,799-382-9075,1980-06-07,Hannahberg,Missouri,United States,2024-11-19 03:14:33
992,62ccc604-0c53-444b-8053-f649b86d066b,Suzanne,Ramos,Suzanne Ramos,female,mcarroll@example.net,538-531-0064,1956-10-25,Port Katherine,South Dakota,United States,2026-04-21 07:23:55
993,2a9527f6-f817-4ebf-ab6e-64c5bb8aa843,Richard,Mcintyre,Richard Mcintyre,male,dcole@example.org,216.980.6647,1936-03-24,New Michael,Kansas,United States,2025-07-26 08:45:09
994,59ea4936-60f3-4ebc-a1bb-b8cd7e3a9f07,Robert,Rogers,Robert Rogers,male,gavin84@example.org,+1-741-407-4027x4067,1994-01-05,Fisherstad,Oregon,United States,2026-09-24 15:51:14
995,c9ea356a-7abf-4ebf-942c-b1ae19f738cb,Aaron,Howe,Aaron Howe,male,alexanderwilliams@example.net,(938)556-4614x9745,1949-12-24,New Holly,Oregon,United States,2026-03-17 02:39:43
996,cc9803de-12de-4e5a-b387-928a29a3db6d,Kari,Andrews,Kari Andrews,female,megan91@example.com,+1-486-809-9550x493,1995-03-03,Jayberg,West Virginia,United States,2025-03-27 04:19:16
997,42d943ee-5197-4e75-8523-d4fd4b7f2183,Vanessa,Scott,Vanessa Scott,female,ggarcia@example.org,001-689-281-1594x853,1936-04-25,East Ginachester,West Virginia,United States,2026-04-01 08:25:03
998,e34f76b4-2b8c-43bf-9780-be1712fecc2b,Victoria,Liu,Victoria Liu,female,reneevelasquez@example.net,001-447-442-2567x871,1963-08-31,Foxside,Tennessee,United States,2025-10-15 15:08:10
999,8c0b393a-1333-4bc9-bb63-5ff529310971,Anthony,Sandoval,Anthony Sandoval,male,carlos80@example.com,001-613-849-5647x998,1939-02-03,Zacharymouth,South Carolina,United States,2025-05-02 14:44:45
1000,9d17d218-fc3b-4de5-9812-62ac5683ede0,Latoya,Robles,Latoya Robles,female,nicoleweaver@example.org,+1-372-836-1080x926,1990-04-21,North Corey,Massachusetts,United States,2025-07-09 04:20:25
